{
  "2024": {
    "return": -10.683435565237698,
    "mdd": 11.0790056605652,
    "sharpe": -1.3122300823952004,
    "exposure": 0.13934426229508196,
    "trades": 331
  },
  "2025": {
    "return": 16.10243280283241,
    "mdd": 5.0710600741388445,
    "sharpe": 1.6397518082337175,
    "exposure": 0.17842323651452283,
    "trades": 421
  }
}