{
  "model_type": "xgboost",
  "task": "regression",
  "target_days": 5,
  "feature_names": [
    "adjclose",
    "close",
    "high",
    "low",
    "open",
    "volume",
    "rsi_14",
    "rsi_28",
    "macd",
    "macd_signal",
    "macd_hist",
    "bb_upper",
    "bb_middle",
    "bb_lower",
    "bb_width",
    "bb_position",
    "ma_5",
    "ma_5_diff",
    "ma_10",
    "ma_10_diff",
    "ma_20",
    "ma_20_diff",
    "ma_50",
    "ma_50_diff",
    "ma_100",
    "ma_100_diff",
    "ma_200",
    "ma_200_diff",
    "volume_ma_20",
    "volume_ratio",
    "roc_5",
    "roc_10",
    "roc_20",
    "roc_60",
    "mom_5",
    "mom_10",
    "mom_20",
    "stoch_k",
    "stoch_d",
    "williams_r",
    "atr_14",
    "atr_28",
    "volatility_10",
    "volatility_20",
    "volatility_60",
    "parkinson_vol"
  ],
  "feature_importance": {
    "adjclose": 0.0043711429461836815,
    "close": 0.012975159101188183,
    "high": 0.003577382769435644,
    "low": 0.02536614239215851,
    "open": 0.007158840075135231,
    "volume": 0.008427657186985016,
    "rsi_14": 0.009750348515808582,
    "rsi_28": 0.012000367045402527,
    "macd": 0.03011341020464897,
    "macd_signal": 0.05358865112066269,
    "macd_hist": 0.025359392166137695,
    "bb_upper": 0.019525280222296715,
    "bb_middle": 0.025809671729803085,
    "bb_lower": 0.023002484813332558,
    "bb_width": 0.01999582163989544,
    "bb_position": 0.008028492331504822,
    "ma_5": 0.006403379142284393,
    "ma_5_diff": 0.0040380391292274,
    "ma_10": 0.022270873188972473,
    "ma_10_diff": 0.013765555806457996,
    "ma_20": 0.007438420783728361,
    "ma_20_diff": 0.02804693952202797,
    "ma_50": 0.03764234855771065,
    "ma_50_diff": 0.023313604295253754,
    "ma_100": 0.060930002480745316,
    "ma_100_diff": 0.009293134324252605,
    "ma_200": 0.028238730505108833,
    "ma_200_diff": 0.005503661464899778,
    "volume_ma_20": 0.01416669599711895,
    "volume_ratio": 0.006537094246596098,
    "roc_5": 0.014755519106984138,
    "roc_10": 0.015680639073252678,
    "roc_20": 0.01661938987672329,
    "roc_60": 0.05920858308672905,
    "mom_5": 0.005595799535512924,
    "mom_10": 0.019567422568798065,
    "mom_20": 0.011106349527835846,
    "stoch_k": 0.013114490546286106,
    "stoch_d": 0.007010317407548428,
    "williams_r": 0.05129818990826607,
    "atr_14": 0.031062493100762367,
    "atr_28": 0.0419325977563858,
    "volatility_10": 0.03124742954969406,
    "volatility_20": 0.022321905940771103,
    "volatility_60": 0.06291759014129639,
    "parkinson_vol": 0.03992243483662605
  },
  "timestamp": "20251117_231734"
}