{
  "no_defense": {
    "total_return_pct": 153.8786,
    "cagr": 39.017163566127856,
    "sharpe_ratio": 1.714148469861417,
    "max_drawdown": -23.505603090614425,
    "num_trades": 1436
  },
  "with_defense": {
    "total_return_pct": 140.04254999999998,
    "cagr": 36.28968811499187,
    "sharpe_ratio": 1.6501279928735344,
    "max_drawdown": -24.49153814243846,
    "num_trades": 1500,
    "defense_stats": {}
  },
  "improvement": {
    "mdd_improvement_pct": -4.1944682211438815,
    "cagr_change": -2.7274754511359873
  }
}