date,ticker,close
2026-07-08,0000Z0,9725.0
2026-07-08,0007N0,117913.0
2026-07-08,0026S0,13620.0
2026-07-08,0041E0,17608.0
2026-07-08,0053M0,13300.0
2026-07-08,0069M0,14445.0
2026-07-08,0098Z0,99524.0
2026-07-08,0112X0,43805.0
2026-07-08,0144L0,10151.0
2026-07-08,0162Y0,7275.0
2026-07-08,0163Y0,8655.0
2026-07-08,0166N0,7585.0
2026-07-08,0167B0,12650.0
2026-07-08,0191B0,28560.0
2026-07-08,0191S0,13720.0
2026-07-08,0193G0,9115.0
2026-07-08,0204S0,6800.0
2026-07-08,0208N0,8160.0
2026-07-08,069500,116630.0
2026-07-08,069660,116699.0
2026-07-08,091160,135380.0
2026-07-08,091170,15583.0
2026-07-08,091220,16229.0
2026-07-08,091230,142007.0
2026-07-08,099140,22210.0
2026-07-08,102110,116924.0
2026-07-08,105190,117103.0
2026-07-08,108590,116494.0
2026-07-08,133690,193121.0
2026-07-08,139270,16994.0
2026-07-08,140950,92338.0
2026-07-08,143860,37205.0
2026-07-08,148020,117508.0
2026-07-08,152100,118538.0
2026-07-08,152870,117857.0
2026-07-08,153270,90328.0
2026-07-08,159800,92830.0
2026-07-08,166400,22972.0
2026-07-08,168580,37995.0
2026-07-08,192090,13925.0
2026-07-08,192720,57803.0
2026-07-08,211560,35939.0
2026-07-08,211900,28627.0
2026-07-08,226490,74688.0
2026-07-08,226980,22123.0
2026-07-08,227830,74701.0
2026-07-08,228820,19202.0
2026-07-08,229200,13565.0
2026-07-08,229720,38542.0
2026-07-08,232080,13840.0
2026-07-08,237350,93729.0
2026-07-08,238720,48885.0
2026-07-08,241180,37170.0
2026-07-08,245360,12836.0
2026-07-08,250730,9655.0
2026-07-08,251350,41282.0
2026-07-08,252000,18663.0
2026-07-08,252650,17950.0
2026-07-08,266370,72035.0
2026-07-08,266420,16820.0
2026-07-08,269540,29880.0
2026-07-08,270810,13500.0
2026-07-08,277630,75853.0
2026-07-08,277640,39990.0
2026-07-08,277650,20265.0
2026-07-08,278530,42270.0
2026-07-08,278540,41490.0
2026-07-08,283580,16916.0
2026-07-08,284980,22729.0
2026-07-08,292050,52800.0
2026-07-08,292160,51496.0
2026-07-08,292190,50993.0
2026-07-08,292500,52136.0
2026-07-08,293180,116856.0
2026-07-08,294400,153045.0
2026-07-08,295040,43785.0
2026-07-08,301400,13730.0
2026-07-08,302450,74820.0
2026-07-08,304760,50516.0
2026-07-08,304770,13585.0
2026-07-08,304940,32085.0
2026-07-08,305050,75535.0
2026-07-08,310080,9185.0
2026-07-08,310960,68330.0
2026-07-08,310970,51685.0
2026-07-08,316670,6770.0
2026-07-08,328370,40800.0
2026-07-08,332500,78580.0
2026-07-08,332930,153370.0
2026-07-08,332940,52045.0
2026-07-08,337140,38792.0
2026-07-08,354500,13730.0
2026-07-08,359210,37690.0
2026-07-08,360200,28132.0
2026-07-08,360750,27851.0
2026-07-08,361580,66320.0
2026-07-08,364690,41767.0
2026-07-08,364960,6235.0
2026-07-08,364970,6775.0
2026-07-08,365040,38085.0
2026-07-08,367380,33185.0
2026-07-08,368190,7265.0
2026-07-08,368590,32195.0
2026-07-08,368680,7284.0
2026-07-08,371150,7618.0
2026-07-08,371160,7809.0
2026-07-08,371870,7615.0
2026-07-08,372330,7798.0
2026-07-08,375760,25671.0
2026-07-08,375770,25702.0
2026-07-08,376410,25679.0
2026-07-08,379780,24330.0
2026-07-08,379800,25299.0
2026-07-08,379810,28887.0
2026-07-08,381170,32050.0
2026-07-08,385710,10805.0
2026-07-08,385720,27570.0
2026-07-08,387270,27205.0
2026-07-08,391670,30405.0
2026-07-08,402970,15723.0
2026-07-08,403790,61265.0
2026-07-08,404120,24120.0
2026-07-08,404260,23170.0
2026-07-08,404540,23300.0
2026-07-08,404650,23249.0
2026-07-08,407310,17565.0
2026-07-08,407830,16270.0
2026-07-08,411540,17955.0
2026-07-08,426020,34625.0
2026-07-08,426030,51135.0
2026-07-08,429760,20718.0
2026-07-08,432840,20893.0
2026-07-08,433220,33060.0
2026-07-08,433250,24785.0
2026-07-08,433330,23253.0
2026-07-08,434960,117643.0
2026-07-08,438740,34150.0
2026-07-08,441640,13198.0
2026-07-08,441800,30855.0
2026-07-08,442260,40980.0
2026-07-08,444490,21365.0
2026-07-08,446720,14154.0
2026-07-08,448100,120113.0
2026-07-08,448290,17394.0
2026-07-08,448300,22663.0
2026-07-08,448570,31195.0
2026-07-08,449180,16744.0
2026-07-08,449190,21953.0
2026-07-08,449770,22307.0
2026-07-08,449780,18344.0
2026-07-08,450910,13290.0
2026-07-08,451060,37435.0
2026-07-08,451150,19510.0
2026-07-08,452360,12797.0
2026-07-08,453080,22733.0
2026-07-08,453330,17724.0
2026-07-08,453810,12851.0
2026-07-08,453870,12682.0
2026-07-08,458730,15464.0
2026-07-08,461450,14605.0
2026-07-08,461580,14900.0
2026-07-08,462340,17640.0
2026-07-08,463050,12830.0
2026-07-08,463300,14681.0
2026-07-08,469050,32874.0
2026-07-08,469060,39267.0
2026-07-08,471780,37205.0
2026-07-08,472150,21641.0
2026-07-08,472160,18055.0
2026-07-08,472720,26670.0
2026-07-08,472840,115836.0
2026-07-08,474920,20505.0
2026-07-08,476030,18283.0
2026-07-08,476850,22239.0
2026-07-08,477490,20820.0
2026-07-08,489250,13333.0
2026-07-08,491220,138355.0
2026-07-08,491700,118535.0
2026-07-08,494890,33604.0
2026-07-08,495040,33987.0
2026-07-08,495050,34694.0
2026-07-08,495060,32150.0
2026-07-08,495230,33428.0
2026-07-08,495330,34013.0
2026-07-08,495750,34407.0
2026-07-08,495850,34254.0
2026-07-08,496080,34296.0
2026-07-08,496090,34451.0
2026-07-08,496120,35813.0
2026-07-08,496130,27525.0
2026-07-08,498400,22063.0
2026-07-09,0000Z0,9655.0
2026-07-09,0007N0,118847.0
2026-07-09,0026S0,13695.0
2026-07-09,0041E0,17787.0
2026-07-09,0053M0,13160.0
2026-07-09,0069M0,14665.0
2026-07-09,0098Z0,100357.0
2026-07-09,0112X0,44220.0
2026-07-09,0144L0,10269.0
2026-07-09,0162Y0,7430.0
2026-07-09,0163Y0,8960.0
2026-07-09,0166N0,7695.0
2026-07-09,0167B0,12698.0
2026-07-09,0191B0,29265.0
2026-07-09,0191S0,13930.0
2026-07-09,0193G0,9235.0
2026-07-09,0204S0,6815.0
2026-07-09,0208N0,8220.0
2026-07-09,069500,117463.0
2026-07-09,069660,117523.0
2026-07-09,091160,140600.0
2026-07-09,091170,15335.0
2026-07-09,091220,15991.0
2026-07-09,091230,146789.0
2026-07-09,099140,21943.0
2026-07-09,102110,117708.0
2026-07-09,105190,117782.0
2026-07-09,108590,117113.0
2026-07-09,133690,195997.0
2026-07-09,139270,16581.0
2026-07-09,140950,92848.0
2026-07-09,143860,36535.0
2026-07-09,148020,118267.0
2026-07-09,152100,119197.0
2026-07-09,152870,118537.0
2026-07-09,153270,91022.0
2026-07-09,159800,93890.0
2026-07-09,166400,23294.0
2026-07-09,168580,38875.0
2026-07-09,192090,14185.0
2026-07-09,192720,57010.0
2026-07-09,211560,34751.0
2026-07-09,211900,28092.0
2026-07-09,226490,75501.0
2026-07-09,226980,21656.0
2026-07-09,227830,75200.0
2026-07-09,228820,19023.0
2026-07-09,229200,13770.0
2026-07-09,229720,38127.0
2026-07-09,232080,14055.0
2026-07-09,237350,94428.0
2026-07-09,238720,49470.0
2026-07-09,241180,37960.0
2026-07-09,245360,12592.0
2026-07-09,250730,9400.0
2026-07-09,251350,41476.0
2026-07-09,252000,18379.0
2026-07-09,252650,17662.0
2026-07-09,266370,73665.0
2026-07-09,266420,16750.0
2026-07-09,269540,29805.0
2026-07-09,270810,13720.0
2026-07-09,277630,76008.0
2026-07-09,277640,40240.0
2026-07-09,277650,20115.0
2026-07-09,278530,42520.0
2026-07-09,278540,41980.0
2026-07-09,283580,17298.0
2026-07-09,284980,22132.0
2026-07-09,292050,52800.0
2026-07-09,292160,52195.0
2026-07-09,292190,51492.0
2026-07-09,292500,52216.0
2026-07-09,293180,117724.0
2026-07-09,294400,154400.0
2026-07-09,295040,44010.0
2026-07-09,301400,13880.0
2026-07-09,302450,74705.0
2026-07-09,304760,51086.0
2026-07-09,304770,13745.0
2026-07-09,304940,32385.0
2026-07-09,305050,76380.0
2026-07-09,310080,9060.0
2026-07-09,310960,68420.0
2026-07-09,310970,52500.0
2026-07-09,316670,6875.0
2026-07-09,328370,40880.0
2026-07-09,332500,79000.0
2026-07-09,332930,153860.0
2026-07-09,332940,51915.0
2026-07-09,337140,38997.0
2026-07-09,354500,13925.0
2026-07-09,359210,37750.0
2026-07-09,360200,28281.0
2026-07-09,360750,28006.0
2026-07-09,361580,66815.0
2026-07-09,364690,41697.0
2026-07-09,364960,6055.0
2026-07-09,364970,6625.0
2026-07-09,365040,38065.0
2026-07-09,367380,33690.0
2026-07-09,368190,7025.0
2026-07-09,368590,32670.0
2026-07-09,368680,7114.0
2026-07-09,371150,7559.0
2026-07-09,371160,7789.0
2026-07-09,371870,7575.0
2026-07-09,372330,7754.0
2026-07-09,375760,25432.0
2026-07-09,375770,25623.0
2026-07-09,376410,25684.0
2026-07-09,379780,24455.0
2026-07-09,379800,25448.0
2026-07-09,379810,29301.0
2026-07-09,381170,32590.0
2026-07-09,385710,10615.0
2026-07-09,385720,27540.0
2026-07-09,387270,27890.0
2026-07-09,391670,30955.0
2026-07-09,402970,15689.0
2026-07-09,403790,61350.0
2026-07-09,404120,24030.0
2026-07-09,404260,22691.0
2026-07-09,404540,23216.0
2026-07-09,404650,23035.0
2026-07-09,407310,17290.0
2026-07-09,407830,16295.0
2026-07-09,411540,17800.0
2026-07-09,426020,35000.0
2026-07-09,426030,53575.0
2026-07-09,429760,20817.0
2026-07-09,432840,20998.0
2026-07-09,433220,33475.0
2026-07-09,433250,25130.0
2026-07-09,433330,23373.0
2026-07-09,434960,118536.0
2026-07-09,438740,33607.0
2026-07-09,441640,13223.0
2026-07-09,441800,30737.0
2026-07-09,442260,41475.0
2026-07-09,444490,21490.0
2026-07-09,446720,14139.0
2026-07-09,448100,120887.0
2026-07-09,448290,17414.0
2026-07-09,448300,22923.0
2026-07-09,448570,30790.0
2026-07-09,449180,16774.0
2026-07-09,449190,22183.0
2026-07-09,449770,22397.0
2026-07-09,449780,18324.0
2026-07-09,450910,13480.0
2026-07-09,451060,37615.0
2026-07-09,451150,19230.0
2026-07-09,452360,12692.0
2026-07-09,453080,22908.0
2026-07-09,453330,17759.0
2026-07-09,453810,12702.0
2026-07-09,453870,12578.0
2026-07-09,458730,15414.0
2026-07-09,461450,14640.0
2026-07-09,461580,15020.0
2026-07-09,462340,17500.0
2026-07-09,463050,12660.0
2026-07-09,463300,14919.0
2026-07-09,469050,34437.0
2026-07-09,469060,41300.0
2026-07-09,471780,38300.0
2026-07-09,472150,21858.0
2026-07-09,472160,18265.0
2026-07-09,472720,26835.0
2026-07-09,472840,116640.0
2026-07-09,474920,20905.0
2026-07-09,476030,18563.0
2026-07-09,476850,22249.0
2026-07-09,477490,21015.0
2026-07-09,489250,13284.0
2026-07-09,491220,139230.0
2026-07-09,491700,117665.0
2026-07-09,494890,33834.0
2026-07-09,495040,34102.0
2026-07-09,495050,34619.0
2026-07-09,495060,32235.0
2026-07-09,495230,33713.0
2026-07-09,495330,34521.0
2026-07-09,495750,34143.0
2026-07-09,495850,34419.0
2026-07-09,496080,34531.0
2026-07-09,496090,34212.0
2026-07-09,496120,35758.0
2026-07-09,496130,27140.0
2026-07-09,498400,22237.0
2026-07-10,0000Z0,9730.0
2026-07-10,0007N0,121787.0
2026-07-10,0026S0,13705.0
2026-07-10,0041E0,17952.0
2026-07-10,0053M0,13840.0
2026-07-10,0069M0,14710.0
2026-07-10,0098Z0,103687.0
2026-07-10,0112X0,45495.0
2026-07-10,0144L0,10282.0
2026-07-10,0162Y0,8250.0
2026-07-10,0163Y0,9735.0
2026-07-10,0166N0,8540.0
2026-07-10,0167B0,13029.0
2026-07-10,0191B0,32715.0
2026-07-10,0191S0,14530.0
2026-07-10,0193G0,9445.0
2026-07-10,0204S0,7515.0
2026-07-10,0208N0,8500.0
2026-07-10,069500,120362.0
2026-07-10,069660,120469.0
2026-07-10,091160,146380.0
2026-07-10,091170,16239.0
2026-07-10,091220,16923.0
2026-07-10,091230,153183.0
2026-07-10,099140,22155.0
2026-07-10,102110,120474.0
2026-07-10,105190,121037.0
2026-07-10,108590,120624.0
2026-07-10,133690,196636.0
2026-07-10,139270,17532.0
2026-07-10,140950,95420.0
2026-07-10,143860,36675.0
2026-07-10,148020,121548.0
2026-07-10,152100,122187.0
2026-07-10,152870,121788.0
2026-07-10,153270,93348.0
2026-07-10,159800,95680.0
2026-07-10,166400,23875.0
2026-07-10,168580,38770.0
2026-07-10,192090,14095.0
2026-07-10,192720,57892.0
2026-07-10,211560,36029.0
2026-07-10,211900,28767.0
2026-07-10,226490,76678.0
2026-07-10,226980,22750.0
2026-07-10,227830,78616.0
2026-07-10,228820,19736.0
2026-07-10,229200,14420.0
2026-07-10,229720,39316.0
2026-07-10,232080,14710.0
2026-07-10,237350,96993.0
2026-07-10,238720,49880.0
2026-07-10,241180,38635.0
2026-07-10,245360,12926.0
2026-07-10,250730,9500.0
2026-07-10,251350,41576.0
2026-07-10,252000,19161.0
2026-07-10,252650,18313.0
2026-07-10,266370,75600.0
2026-07-10,266420,16520.0
2026-07-10,269540,29930.0
2026-07-10,270810,14290.0
2026-07-10,277630,78211.0
2026-07-10,277640,41213.0
2026-07-10,277650,20870.0
2026-07-10,278530,43760.0
2026-07-10,278540,42735.0
2026-07-10,283580,17134.0
2026-07-10,284980,23316.0
2026-07-10,292050,54590.0
2026-07-10,292160,53228.0
2026-07-10,292190,52779.0
2026-07-10,292500,54254.0
2026-07-10,293180,120658.0
2026-07-10,294400,158130.0
2026-07-10,295040,45260.0
2026-07-10,301400,14545.0
2026-07-10,302450,77697.0
2026-07-10,304760,52199.0
2026-07-10,304770,14385.0
2026-07-10,304940,32550.0
2026-07-10,305050,77800.0
2026-07-10,310080,9195.0
2026-07-10,310960,70410.0
2026-07-10,310970,54010.0
2026-07-10,316670,7175.0
2026-07-10,328370,42080.0
2026-07-10,332500,80975.0
2026-07-10,332930,158425.0
2026-07-10,332940,53830.0
2026-07-10,337140,40034.0
2026-07-10,354500,14540.0
2026-07-10,359210,38900.0
2026-07-10,360200,28316.0
2026-07-10,360750,28016.0
2026-07-10,361580,68630.0
2026-07-10,364690,43150.0
2026-07-10,364960,6295.0
2026-07-10,364970,6710.0
2026-07-10,365040,39325.0
2026-07-10,367380,33790.0
2026-07-10,368190,7375.0
2026-07-10,368590,32780.0
2026-07-10,368680,7389.0
2026-07-10,371150,7678.0
2026-07-10,371160,7864.0
2026-07-10,371870,7700.0
2026-07-10,372330,7813.0
2026-07-10,375760,26545.0
2026-07-10,375770,26840.0
2026-07-10,376410,26487.0
2026-07-10,379780,24500.0
2026-07-10,379800,25463.0
2026-07-10,379810,29406.0
2026-07-10,381170,32585.0
2026-07-10,385710,11235.0
2026-07-10,385720,28505.0
2026-07-10,387270,28210.0
2026-07-10,391670,32235.0
2026-07-10,402970,15629.0
2026-07-10,403790,63150.0
2026-07-10,404120,25400.0
2026-07-10,404260,24058.0
2026-07-10,404540,24276.0
2026-07-10,404650,24303.0
2026-07-10,407310,17809.0
2026-07-10,407830,16495.0
2026-07-10,411540,18204.0
2026-07-10,426020,35220.0
2026-07-10,426030,54200.0
2026-07-10,429760,20857.0
2026-07-10,432840,21033.0
2026-07-10,433220,33815.0
2026-07-10,433250,25135.0
2026-07-10,433330,23393.0
2026-07-10,434960,122296.0
2026-07-10,438740,35615.0
2026-07-10,441640,13208.0
2026-07-10,441800,31950.0
2026-07-10,442260,42620.0
2026-07-10,444490,21520.0
2026-07-10,446720,14074.0
2026-07-10,448100,124123.0
2026-07-10,448290,17484.0
2026-07-10,448300,23062.0
2026-07-10,448570,31970.0
2026-07-10,449180,16824.0
2026-07-10,449190,22317.0
2026-07-10,449770,22417.0
2026-07-10,449780,18379.0
2026-07-10,450910,14080.0
2026-07-10,451060,38624.0
2026-07-10,451150,19455.0
2026-07-10,452360,12682.0
2026-07-10,453080,23057.0
2026-07-10,453330,17814.0
2026-07-10,453810,12796.0
2026-07-10,453870,12627.0
2026-07-10,458730,15359.0
2026-07-10,461450,15780.0
2026-07-10,461580,16085.0
2026-07-10,462340,17705.0
2026-07-10,463050,13000.0
2026-07-10,463300,14880.0
2026-07-10,469050,34806.0
2026-07-10,469060,41674.0
2026-07-10,471780,40605.0
2026-07-10,472150,22505.0
2026-07-10,472160,18320.0
2026-07-10,472720,27680.0
2026-07-10,472840,120335.0
2026-07-10,474920,20730.0
2026-07-10,476030,18618.0
2026-07-10,476850,22984.0
2026-07-10,477490,20950.0
2026-07-10,489250,13224.0
2026-07-10,491220,142900.0
2026-07-10,491700,122350.0
2026-07-10,494890,34802.0
2026-07-10,495040,35014.0
2026-07-10,495050,35732.0
2026-07-10,495060,33605.0
2026-07-10,495230,34987.0
2026-07-10,495330,35365.0
2026-07-10,495750,35439.0
2026-07-10,495850,35441.0
2026-07-10,496080,35559.0
2026-07-10,496090,35604.0
2026-07-10,496120,36936.0
2026-07-10,496130,28485.0
2026-07-10,498400,22670.0
2026-07-13,0000Z0,9445.0
2026-07-13,0007N0,109797.0
2026-07-13,0026S0,13745.0
2026-07-13,0041E0,17917.0
2026-07-13,0053M0,13445.0
2026-07-13,0069M0,14640.0
2026-07-13,0098Z0,93169.0
2026-07-13,0112X0,40555.0
2026-07-13,0144L0,10259.0
2026-07-13,0162Y0,7920.0
2026-07-13,0163Y0,9365.0
2026-07-13,0166N0,8125.0
2026-07-13,0167B0,11732.0
2026-07-13,0191B0,32025.0
2026-07-13,0191S0,13930.0
2026-07-13,0193G0,8490.0
2026-07-13,0204S0,7310.0
2026-07-13,0208N0,7595.0
2026-07-13,069500,108601.0
2026-07-13,069660,108566.0
2026-07-13,091160,130340.0
2026-07-13,091170,16323.0
2026-07-13,091220,17180.0
2026-07-13,091230,137051.0
2026-07-13,099140,21977.0
2026-07-13,102110,108646.0
2026-07-13,105190,108817.0
2026-07-13,108590,108378.0
2026-07-13,133690,195812.0
2026-07-13,139270,17437.0
2026-07-13,140950,85760.0
2026-07-13,143860,35635.0
2026-07-13,148020,109619.0
2026-07-13,152100,110282.0
2026-07-13,152870,109570.0
2026-07-13,153270,83754.0
2026-07-13,159800,85880.0
2026-07-13,166400,22337.0
2026-07-13,168580,37585.0
2026-07-13,192090,13685.0
2026-07-13,192720,57513.0
2026-07-13,211560,35470.0
2026-07-13,211900,28307.0
2026-07-13,226490,69920.0
2026-07-13,226980,22009.0
2026-07-13,227830,70860.0
2026-07-13,228820,18064.0
2026-07-13,229200,13800.0
2026-07-13,229720,36104.0
2026-07-13,232080,14100.0
2026-07-13,237350,86702.0
2026-07-13,238720,49175.0
2026-07-13,241180,37635.0
2026-07-13,245360,12791.0
2026-07-13,250730,9555.0
2026-07-13,251350,41496.0
2026-07-13,252000,18663.0
2026-07-13,252650,17821.0
2026-07-13,266370,66450.0
2026-07-13,266420,16035.0
2026-07-13,269540,29950.0
2026-07-13,270810,13750.0
2026-07-13,277630,70933.0
2026-07-13,277640,37269.0
2026-07-13,277650,20265.0
2026-07-13,278530,39295.0
2026-07-13,278540,38625.0
2026-07-13,283580,16658.0
2026-07-13,284980,23276.0
2026-07-13,292050,49010.0
2026-07-13,292160,48316.0
2026-07-13,292190,47735.0
2026-07-13,292500,49065.0
2026-07-13,293180,108767.0
2026-07-13,294400,142310.0
2026-07-13,295040,40705.0
2026-07-13,301400,13940.0
2026-07-13,302450,70434.0
2026-07-13,304760,46692.0
2026-07-13,304770,13835.0
2026-07-13,304940,32360.0
2026-07-13,305050,71035.0
2026-07-13,310080,9045.0
2026-07-13,310960,63205.0
2026-07-13,310970,48540.0
2026-07-13,316670,6880.0
2026-07-13,328370,38530.0
2026-07-13,332500,72940.0
2026-07-13,332930,142480.0
2026-07-13,332940,47815.0
2026-07-13,337140,36087.0
2026-07-13,354500,13965.0
2026-07-13,359210,35350.0
2026-07-13,360200,28396.0
2026-07-13,360750,28166.0
2026-07-13,361580,61675.0
2026-07-13,364690,38732.0
2026-07-13,364960,6200.0
2026-07-13,364970,6560.0
2026-07-13,365040,35485.0
2026-07-13,367380,33655.0
2026-07-13,368190,7250.0
2026-07-13,368590,32650.0
2026-07-13,368680,7319.0
2026-07-13,371150,7484.0
2026-07-13,371160,7664.0
2026-07-13,371870,7510.0
2026-07-13,372330,7644.0
2026-07-13,375760,23979.0
2026-07-13,375770,24360.0
2026-07-13,376410,24133.0
2026-07-13,379780,24555.0
2026-07-13,379800,25542.0
2026-07-13,379810,29281.0
2026-07-13,381170,32700.0
2026-07-13,385710,10670.0
2026-07-13,385720,25770.0
2026-07-13,387270,26705.0
2026-07-13,391670,28345.0
2026-07-13,402970,15709.0
2026-07-13,403790,57700.0
2026-07-13,404120,24300.0
2026-07-13,404260,23055.0
2026-07-13,404540,23201.0
2026-07-13,404650,23070.0
2026-07-13,407310,16516.0
2026-07-13,407830,16115.0
2026-07-13,411540,17051.0
2026-07-13,426020,35155.0
2026-07-13,426030,52680.0
2026-07-13,429760,20912.0
2026-07-13,432840,21143.0
2026-07-13,433220,33515.0
2026-07-13,433250,23235.0
2026-07-13,433330,23468.0
2026-07-13,434960,109464.0
2026-07-13,438740,34860.0
2026-07-13,441640,13278.0
2026-07-13,441800,29544.0
2026-07-13,442260,38055.0
2026-07-13,444490,21580.0
2026-07-13,446720,14149.0
2026-07-13,448100,111899.0
2026-07-13,448290,17499.0
2026-07-13,448300,22923.0
2026-07-13,448570,30085.0
2026-07-13,449180,16859.0
2026-07-13,449190,22193.0
2026-07-13,449770,22512.0
2026-07-13,449780,18399.0
2026-07-13,450910,13490.0
2026-07-13,451060,34848.0
2026-07-13,451150,19245.0
2026-07-13,452360,12697.0
2026-07-13,453080,22903.0
2026-07-13,453330,17844.0
2026-07-13,453810,12702.0
2026-07-13,453870,12563.0
2026-07-13,458730,15429.0
2026-07-13,461450,15345.0
2026-07-13,461580,15655.0
2026-07-13,462340,17360.0
2026-07-13,463050,12475.0
2026-07-13,463300,14468.0
2026-07-13,469050,33758.0
2026-07-13,469060,40441.0
2026-07-13,471780,36680.0
2026-07-13,472150,20130.0
2026-07-13,472160,18355.0
2026-07-13,472720,26065.0
2026-07-13,472840,107636.0
2026-07-13,474920,20315.0
2026-07-13,476030,18543.0
2026-07-13,476850,21167.0
2026-07-13,477490,20765.0
2026-07-13,489250,13294.0
2026-07-13,491220,128650.0
2026-07-13,491700,109650.0
2026-07-13,494890,31354.0
2026-07-13,495040,32307.0
2026-07-13,495050,32933.0
2026-07-13,495060,30505.0
2026-07-13,495230,32024.0
2026-07-13,495330,32391.0
2026-07-13,495750,32379.0
2026-07-13,495850,32573.0
2026-07-13,496080,32659.0
2026-07-13,496090,32540.0
2026-07-13,496120,33871.0
2026-07-13,496130,25815.0
2026-07-13,498400,20586.0
2026-07-14,0000Z0,8910.0
2026-07-14,0007N0,110765.0
2026-07-14,0026S0,13620.0
2026-07-14,0041E0,17588.0
2026-07-14,0053M0,13235.0
2026-07-14,0069M0,14535.0
2026-07-14,0098Z0,94307.0
2026-07-14,0112X0,41410.0
2026-07-14,0144L0,10209.0
2026-07-14,0162Y0,7775.0
2026-07-14,0163Y0,9325.0
2026-07-14,0166N0,8025.0
2026-07-14,0167B0,11877.0
2026-07-14,0191B0,32030.0
2026-07-14,0191S0,13505.0
2026-07-14,0193G0,8550.0
2026-07-14,0204S0,7355.0
2026-07-14,0208N0,7690.0
2026-07-14,0219E0,8557.0
2026-07-14,0220B0,11715.0
2026-07-14,069500,109499.0
2026-07-14,069660,109520.0
2026-07-14,091160,133200.0
2026-07-14,091170,16234.0
2026-07-14,091220,16794.0
2026-07-14,091230,139497.0
2026-07-14,099140,22106.0
2026-07-14,102110,109630.0
2026-07-14,105190,109816.0
2026-07-14,108590,109282.0
2026-07-14,133690,194250.0
2026-07-14,139270,17029.0
2026-07-14,140950,86519.0
2026-07-14,143860,34220.0
2026-07-14,148020,110333.0
2026-07-14,152100,111131.0
2026-07-14,152870,110644.0
2026-07-14,153270,84853.0
2026-07-14,159800,87425.0
2026-07-14,166400,22495.0
2026-07-14,168580,38135.0
2026-07-14,192090,13915.0
2026-07-14,192720,56955.0
2026-07-14,211560,35060.0
2026-07-14,211900,28022.0
2026-07-14,226490,70638.0
2026-07-14,226980,21542.0
2026-07-14,227830,70561.0
2026-07-14,228820,18139.0
2026-07-14,229200,13410.0
2026-07-14,229720,35984.0
2026-07-14,232080,13660.0
2026-07-14,237350,87950.0
2026-07-14,238720,49390.0
2026-07-14,241180,37440.0
2026-07-14,245360,12766.0
2026-07-14,250730,9465.0
2026-07-14,251350,41207.0
2026-07-14,252000,18245.0
2026-07-14,252650,17428.0
2026-07-14,266370,67245.0
2026-07-14,266420,15580.0
2026-07-14,269540,29905.0
2026-07-14,270810,13325.0
2026-07-14,277630,71537.0
2026-07-14,277640,37629.0
2026-07-14,277650,19855.0
2026-07-14,278530,39680.0
2026-07-14,278540,39070.0
2026-07-14,283580,16881.0
2026-07-14,284980,22734.0
2026-07-14,292050,49500.0
2026-07-14,292160,48391.0
2026-07-14,292190,48294.0
2026-07-14,292500,49299.0
2026-07-14,293180,109944.0
2026-07-14,294400,143845.0
2026-07-14,295040,41090.0
2026-07-14,301400,13560.0
2026-07-14,302450,70683.0
2026-07-14,304760,47626.0
2026-07-14,304770,13430.0
2026-07-14,304940,32420.0
2026-07-14,305050,70970.0
2026-07-14,310080,9170.0
2026-07-14,310960,63900.0
2026-07-14,310970,49125.0
2026-07-14,316670,6690.0
2026-07-14,328370,38475.0
2026-07-14,332500,73695.0
2026-07-14,332930,143895.0
2026-07-14,332940,48930.0
2026-07-14,337140,36397.0
2026-07-14,354500,13590.0
2026-07-14,359210,35465.0
2026-07-14,360200,28117.0
2026-07-14,360750,27841.0
2026-07-14,361580,62300.0
2026-07-14,364690,38802.0
2026-07-14,364960,5955.0
2026-07-14,364970,6260.0
2026-07-14,365040,35970.0
2026-07-14,367380,33400.0
2026-07-14,368190,7075.0
2026-07-14,368590,32395.0
2026-07-14,368680,7129.0
2026-07-14,371150,7450.0
2026-07-14,371160,7674.0
2026-07-14,371870,7460.0
2026-07-14,372330,7669.0
2026-07-14,375760,24333.0
2026-07-14,375770,24505.0
2026-07-14,376410,24258.0
2026-07-14,379780,24315.0
2026-07-14,379800,25304.0
2026-07-14,379810,29062.0
2026-07-14,381170,32440.0
2026-07-14,385710,10535.0
2026-07-14,385720,25900.0
2026-07-14,387270,26785.0
2026-07-14,391670,28140.0
2026-07-14,402970,15654.0
2026-07-14,403790,57835.0
2026-07-14,404120,23690.0
2026-07-14,404260,22491.0
2026-07-14,404540,22658.0
2026-07-14,404650,22405.0
2026-07-14,407310,16381.0
2026-07-14,407830,15950.0
2026-07-14,411540,16722.0
2026-07-14,426020,34705.0
2026-07-14,426030,52185.0
2026-07-14,429760,20728.0
2026-07-14,432840,20868.0
2026-07-14,433220,32465.0
2026-07-14,433250,22915.0
2026-07-14,433330,23238.0
2026-07-14,434960,110282.0
2026-07-14,438740,33475.0
2026-07-14,441640,13223.0
2026-07-14,441800,29281.0
2026-07-14,442260,38455.0
2026-07-14,444490,21360.0
2026-07-14,446720,14094.0
2026-07-14,448100,111964.0
2026-07-14,448290,17464.0
2026-07-14,448300,22903.0
2026-07-14,448570,29990.0
2026-07-14,449180,16814.0
2026-07-14,449190,22173.0
2026-07-14,449770,22278.0
2026-07-14,449780,18384.0
2026-07-14,450910,13085.0
2026-07-14,451060,35058.0
2026-07-14,451150,18915.0
2026-07-14,452360,12767.0
2026-07-14,453080,22903.0
2026-07-14,453330,17799.0
2026-07-14,453810,12523.0
2026-07-14,453870,12408.0
2026-07-14,458730,15374.0
2026-07-14,461450,14800.0
2026-07-14,461580,15120.0
2026-07-14,462340,17275.0
2026-07-14,463050,12025.0
2026-07-14,463300,14448.0
2026-07-14,469050,33853.0
2026-07-14,469060,40271.0
2026-07-14,471780,37810.0
2026-07-14,472150,20442.0
2026-07-14,472160,18345.0
2026-07-14,472720,25745.0
2026-07-14,472840,109219.0
2026-07-14,474920,20175.0
2026-07-14,476030,18408.0
2026-07-14,476850,21265.0
2026-07-14,477490,20485.0
2026-07-14,489250,13249.0
2026-07-14,491220,129950.0
2026-07-14,491700,110170.0
2026-07-14,494890,31618.0
2026-07-14,495040,32387.0
2026-07-14,495050,32798.0
2026-07-14,495060,30700.0
2026-07-14,495230,32194.0
2026-07-14,495330,32581.0
2026-07-14,495750,32718.0
2026-07-14,495850,32558.0
2026-07-14,496080,32609.0
2026-07-14,496090,32724.0
2026-07-14,496120,33946.0
2026-07-14,496130,25845.0
2026-07-14,498400,20714.0
2026-07-15,0000Z0,9380.0
2026-07-15,0007N0,117973.0
2026-07-15,0026S0,13615.0
2026-07-15,0041E0,17747.0
2026-07-15,0053M0,13770.0
2026-07-15,0069M0,14675.0
2026-07-15,0098Z0,100133.0
2026-07-15,0112X0,44120.0
2026-07-15,0144L0,10269.0
2026-07-15,0162Y0,8370.0
2026-07-15,0163Y0,9900.0
2026-07-15,0166N0,8450.0
2026-07-15,0167B0,12625.0
2026-07-15,0191B0,33745.0
2026-07-15,0191S0,14375.0
2026-07-15,0193G0,9120.0
2026-07-15,0204S0,7735.0
2026-07-15,0208N0,8205.0
2026-07-15,0219E0,9162.0
2026-07-15,0220B0,12400.0
2026-07-15,069500,116500.0
2026-07-15,069660,116470.0
2026-07-15,091160,146100.0
2026-07-15,091170,16378.0
2026-07-15,091220,17066.0
2026-07-15,091230,153009.0
2026-07-15,099140,22229.0
2026-07-15,102110,116710.0
2026-07-15,105190,116869.0
2026-07-15,108590,116314.0
2026-07-15,133690,196217.0
2026-07-15,139270,17577.0
2026-07-15,140950,91879.0
2026-07-15,143860,35655.0
2026-07-15,148020,117384.0
2026-07-15,152100,118369.0
2026-07-15,152870,117657.0
2026-07-15,153270,90633.0
2026-07-15,159800,93290.0
2026-07-15,166400,23364.0
2026-07-15,168580,38385.0
2026-07-15,192090,13905.0
2026-07-15,192720,57379.0
2026-07-15,211560,35719.0
2026-07-15,211900,28752.0
2026-07-15,226490,75007.0
2026-07-15,226980,21999.0
2026-07-15,227830,75120.0
2026-07-15,228820,19282.0
2026-07-15,229200,14345.0
2026-07-15,229720,38142.0
2026-07-15,232080,14605.0
2026-07-15,237350,94098.0
2026-07-15,238720,50000.0
2026-07-15,241180,37800.0
2026-07-15,245360,12811.0
2026-07-15,250730,9490.0
2026-07-15,251350,41322.0
2026-07-15,252000,18813.0
2026-07-15,252650,17865.0
2026-07-15,266370,73795.0
2026-07-15,266420,16285.0
2026-07-15,269540,30025.0
2026-07-15,270810,14255.0
2026-07-15,277630,76213.0
2026-07-15,277640,40135.0
2026-07-15,277650,20465.0
2026-07-15,278530,42185.0
2026-07-15,278540,41600.0
2026-07-15,283580,16926.0
2026-07-15,284980,23375.0
2026-07-15,292050,52905.0
2026-07-15,292160,51806.0
2026-07-15,292190,51646.0
2026-07-15,292500,52661.0
2026-07-15,293180,116776.0
2026-07-15,294400,152800.0
2026-07-15,295040,43735.0
2026-07-15,301400,14415.0
2026-07-15,302450,75399.0
2026-07-15,304760,50267.0
2026-07-15,304770,14340.0
2026-07-15,304940,32895.0
2026-07-15,305050,75890.0
2026-07-15,310080,9275.0
2026-07-15,310960,67865.0
2026-07-15,310970,52235.0
2026-07-15,316670,7135.0
2026-07-15,328370,40955.0
2026-07-15,332500,78430.0
2026-07-15,332930,152795.0
2026-07-15,332940,51880.0
2026-07-15,337140,38967.0
2026-07-15,354500,14450.0
2026-07-15,359210,37745.0
2026-07-15,360200,28152.0
2026-07-15,360750,27856.0
2026-07-15,361580,66245.0
2026-07-15,364690,41543.0
2026-07-15,364960,6125.0
2026-07-15,364970,6520.0
2026-07-15,365040,38345.0
2026-07-15,367380,33720.0
2026-07-15,368190,7325.0
2026-07-15,368590,32715.0
2026-07-15,368680,7384.0
2026-07-15,371150,7549.0
2026-07-15,371160,7724.0
2026-07-15,371870,7535.0
2026-07-15,372330,7699.0
2026-07-15,375760,25666.0
2026-07-15,375770,26087.0
2026-07-15,376410,25839.0
2026-07-15,379780,24340.0
2026-07-15,379800,25314.0
2026-07-15,379810,29336.0
2026-07-15,381170,32785.0
2026-07-15,385710,11040.0
2026-07-15,385720,27615.0
2026-07-15,387270,27850.0
2026-07-15,391670,30175.0
2026-07-15,402970,15420.0
2026-07-15,403790,61180.0
2026-07-15,404120,25075.0
2026-07-15,404260,23389.0
2026-07-15,404540,23519.0
2026-07-15,404650,23559.0
2026-07-15,407310,17190.0
2026-07-15,407830,16047.0
2026-07-15,411540,17675.0
2026-07-15,426020,34930.0
2026-07-15,426030,53680.0
2026-07-15,429760,20723.0
2026-07-15,432840,20958.0
2026-07-15,433220,33395.0
2026-07-15,433250,24410.0
2026-07-15,433330,23258.0
2026-07-15,434960,118477.0
2026-07-15,438740,34915.0
2026-07-15,441640,13119.0
2026-07-15,441800,30975.0
2026-07-15,442260,41335.0
2026-07-15,444490,21380.0
2026-07-15,446720,13885.0
2026-07-15,448100,119863.0
2026-07-15,448290,17559.0
2026-07-15,448300,23232.0
2026-07-15,448570,31610.0
2026-07-15,449180,16894.0
2026-07-15,449190,22492.0
2026-07-15,449770,22292.0
2026-07-15,449780,18484.0
2026-07-15,450910,14015.0
2026-07-15,451060,37315.0
2026-07-15,451150,19010.0
2026-07-15,452360,12622.0
2026-07-15,453080,23267.0
2026-07-15,453330,17899.0
2026-07-15,453810,12518.0
2026-07-15,453870,12373.0
2026-07-15,458730,15145.0
2026-07-15,461450,15690.0
2026-07-15,461580,15945.0
2026-07-15,462340,17190.0
2026-07-15,463050,12650.0
2026-07-15,463300,14612.0
2026-07-15,469050,35151.0
2026-07-15,469060,41570.0
2026-07-15,471780,40600.0
2026-07-15,472150,21819.0
2026-07-15,472160,18615.0
2026-07-15,472720,26990.0
2026-07-15,472840,116315.0
2026-07-15,474920,20360.0
2026-07-15,476030,18583.0
2026-07-15,476850,22553.0
2026-07-15,477490,20770.0
2026-07-15,489250,13055.0
2026-07-15,491220,138215.0
2026-07-15,491700,117280.0
2026-07-15,494890,33634.0
2026-07-15,495040,34434.0
2026-07-15,495050,34966.0
2026-07-15,495060,32570.0
2026-07-15,495230,34216.0
2026-07-15,495330,34427.0
2026-07-15,495750,34731.0
2026-07-15,495850,34568.0
2026-07-15,496080,34601.0
2026-07-15,496090,34885.0
2026-07-15,496120,35967.0
2026-07-15,496130,27350.0
2026-07-15,498400,21957.0
2026-07-16,0000Z0,9120.0
2026-07-16,0007N0,109602.0
2026-07-16,0026S0,13590.0
2026-07-16,0041E0,17548.0
2026-07-16,0053M0,13500.0
2026-07-16,0069M0,14460.0
2026-07-16,0098Z0,92664.0
2026-07-16,0112X0,40585.0
2026-07-16,0144L0,10194.0
2026-07-16,0162Y0,7740.0
2026-07-16,0163Y0,9275.0
2026-07-16,0166N0,7970.0
2026-07-16,0167B0,11755.0
2026-07-16,0191B0,31355.0
2026-07-16,0191S0,13590.0
2026-07-16,0193G0,8525.0
2026-07-16,0204S0,7295.0
2026-07-16,0208N0,7575.0
2026-07-16,0219E0,8538.0
2026-07-16,0220B0,11575.0
2026-07-16,069500,108781.0
2026-07-16,069660,108392.0
2026-07-16,091160,132230.0
2026-07-16,091170,16392.0
2026-07-16,091220,17062.0
2026-07-16,091230,138933.0
2026-07-16,099140,22540.0
2026-07-16,102110,108896.0
2026-07-16,105190,109022.0
2026-07-16,108590,108218.0
2026-07-16,133690,193331.0
2026-07-16,139270,17517.0
2026-07-16,140950,85954.0
2026-07-16,143860,35340.0
2026-07-16,148020,109394.0
2026-07-16,152100,110402.0
2026-07-16,152870,109610.0
2026-07-16,153270,83929.0
2026-07-16,159800,85995.0
2026-07-16,166400,22461.0
2026-07-16,168580,37370.0
2026-07-16,192090,13590.0
2026-07-16,192720,57753.0
2026-07-16,211560,35739.0
2026-07-16,211900,28592.0
2026-07-16,226490,70104.0
2026-07-16,226980,21860.0
2026-07-16,227830,70206.0
2026-07-16,228820,18289.0
2026-07-16,229200,13580.0
2026-07-16,229720,35934.0
2026-07-16,232080,13845.0
2026-07-16,237350,86936.0
2026-07-16,238720,48810.0
2026-07-16,241180,36905.0
2026-07-16,245360,13030.0
2026-07-16,250730,9855.0
2026-07-16,251350,41083.0
2026-07-16,252000,18773.0
2026-07-16,252650,17900.0
2026-07-16,266370,66470.0
2026-07-16,266420,16040.0
2026-07-16,269540,29995.0
2026-07-16,270810,13480.0
2026-07-16,277630,71028.0
2026-07-16,277640,37449.0
2026-07-16,277650,20000.0
2026-07-16,278530,39425.0
2026-07-16,278540,38710.0
2026-07-16,283580,16494.0
2026-07-16,284980,23574.0
2026-07-16,292050,48780.0
2026-07-16,292160,47812.0
2026-07-16,292190,47626.0
2026-07-16,292500,48665.0
2026-07-16,293180,108772.0
2026-07-16,294400,142740.0
2026-07-16,295040,40710.0
2026-07-16,301400,13665.0
2026-07-16,302450,70973.0
2026-07-16,304760,47316.0
2026-07-16,304770,13550.0
2026-07-16,304940,32505.0
2026-07-16,305050,71220.0
2026-07-16,310080,9340.0
2026-07-16,310960,63660.0
2026-07-16,310970,48380.0
2026-07-16,316670,6755.0
2026-07-16,328370,38465.0
2026-07-16,332500,73150.0
2026-07-16,332930,142510.0
2026-07-16,332940,48420.0
2026-07-16,337140,36357.0
2026-07-16,354500,13690.0
2026-07-16,359210,35400.0
2026-07-16,360200,28067.0
2026-07-16,360750,27792.0
2026-07-16,361580,61800.0
2026-07-16,364690,38892.0
2026-07-16,364960,6060.0
2026-07-16,364970,6410.0
2026-07-16,365040,35860.0
2026-07-16,367380,33215.0
2026-07-16,368190,7265.0
2026-07-16,368590,32230.0
2026-07-16,368680,7239.0
2026-07-16,371150,7658.0
2026-07-16,371160,7854.0
2026-07-16,371870,7670.0
2026-07-16,372330,7803.0
2026-07-16,375760,24338.0
2026-07-16,375770,24410.0
2026-07-16,376410,24148.0
2026-07-16,379780,24270.0
2026-07-16,379800,25264.0
2026-07-16,379810,28907.0
2026-07-16,381170,33210.0
2026-07-16,385710,10725.0
2026-07-16,385720,25930.0
2026-07-16,387270,26415.0
2026-07-16,391670,27955.0
2026-07-16,402970,15435.0
2026-07-16,403790,57055.0
2026-07-16,404120,24060.0
2026-07-16,404260,22441.0
2026-07-16,404540,22603.0
2026-07-16,404650,22615.0
2026-07-16,407310,16691.0
2026-07-16,407830,15765.0
2026-07-16,411540,17056.0
2026-07-16,426020,34370.0
2026-07-16,426030,50455.0
2026-07-16,429760,20698.0
2026-07-16,432840,20923.0
2026-07-16,433220,32720.0
2026-07-16,433250,23105.0
2026-07-16,433330,23203.0
2026-07-16,434960,109653.0
2026-07-16,438740,33710.0
2026-07-16,441640,13099.0
2026-07-16,441800,29900.0
2026-07-16,442260,37895.0
2026-07-16,444490,21325.0
2026-07-16,446720,13910.0
2026-07-16,448100,112014.0
2026-07-16,448290,17574.0
2026-07-16,448300,22967.0
2026-07-16,448570,30145.0
2026-07-16,449180,16944.0
2026-07-16,449190,22242.0
2026-07-16,449770,22233.0
2026-07-16,449780,18514.0
2026-07-16,450910,13265.0
2026-07-16,451060,34718.0
2026-07-16,451150,19115.0
2026-07-16,452360,12682.0
2026-07-16,453080,23002.0
2026-07-16,453330,17924.0
2026-07-16,453810,12443.0
2026-07-16,453870,12314.0
2026-07-16,458730,15155.0
2026-07-16,461450,14880.0
2026-07-16,461580,15200.0
2026-07-16,462340,17295.0
2026-07-16,463050,12380.0
2026-07-16,463300,14344.0
2026-07-16,469050,33613.0
2026-07-16,469060,39517.0
2026-07-16,471780,37455.0
2026-07-16,472150,20289.0
2026-07-16,472160,18895.0
2026-07-16,472720,25995.0
2026-07-16,472840,107596.0
2026-07-16,474920,20330.0
2026-07-16,476030,18308.0
2026-07-16,476850,21226.0
2026-07-16,477490,20535.0
2026-07-16,489250,13070.0
2026-07-16,491220,128625.0
2026-07-16,491700,109630.0
2026-07-16,494890,31299.0
2026-07-16,495040,32462.0
2026-07-16,495050,33088.0
2026-07-16,495060,30670.0
2026-07-16,495230,32229.0
2026-07-16,495330,32954.0
2026-07-16,495750,33072.0
2026-07-16,495850,32822.0
2026-07-16,496080,32993.0
2026-07-16,496090,32814.0
2026-07-16,496120,34055.0
2026-07-16,496130,26050.0
2026-07-16,498400,20621.0
2026-07-20,0000Z0,8495.0
2026-07-20,0007N0,104825.0
2026-07-20,0026S0,13360.0
2026-07-20,0041E0,16943.0
2026-07-20,0053M0,12630.0
2026-07-20,0069M0,14000.0
2026-07-20,0098Z0,89115.0
2026-07-20,0112X0,39130.0
2026-07-20,0144L0,9955.0
2026-07-20,0162Y0,7095.0
2026-07-20,0163Y0,8600.0
2026-07-20,0166N0,7420.0
2026-07-20,0167B0,11299.0
2026-07-20,0191B0,28940.0
2026-07-20,0191S0,12790.0
2026-07-20,0193G0,8095.0
2026-07-20,0204S0,6835.0
2026-07-20,0208N0,7260.0
2026-07-20,0219E0,8164.0
2026-07-20,0220B0,10760.0
2026-07-20,069500,103885.0
2026-07-20,069660,103569.0
2026-07-20,091160,124505.0
2026-07-20,091170,15728.0
2026-07-20,091220,16299.0
2026-07-20,091230,130597.0
2026-07-20,099140,22422.0
2026-07-20,102110,103843.0
2026-07-20,105190,103846.0
2026-07-20,108590,103468.0
2026-07-20,133690,187090.0
2026-07-20,139270,16511.0
2026-07-20,140950,81933.0
2026-07-20,143860,34190.0
2026-07-20,148020,104411.0
2026-07-20,152100,105445.0
2026-07-20,152870,104610.0
2026-07-20,153270,80131.0
2026-07-20,159800,82415.0
2026-07-20,166400,21826.0
2026-07-20,168580,35985.0
2026-07-20,192090,13080.0
2026-07-20,192720,56127.0
2026-07-20,211560,34706.0
2026-07-20,211900,27589.0
2026-07-20,226490,67257.0
2026-07-20,226980,20880.0
2026-07-20,227830,67539.0
2026-07-20,228820,17436.0
2026-07-20,229200,12610.0
2026-07-20,229720,34441.0
2026-07-20,232080,12900.0
2026-07-20,237350,82759.0
2026-07-20,238720,47180.0
2026-07-20,241180,35225.0
2026-07-20,245360,13000.0
2026-07-20,250730,9750.0
2026-07-20,251350,40545.0
2026-07-20,252000,17891.0
2026-07-20,252650,17120.0
2026-07-20,266370,63885.0
2026-07-20,266420,15400.0
2026-07-20,269540,29545.0
2026-07-20,270810,12545.0
2026-07-20,277630,68211.0
2026-07-20,277640,35822.0
2026-07-20,277650,19395.0
2026-07-20,278530,37645.0
2026-07-20,278540,36910.0
2026-07-20,283580,15914.0
2026-07-20,284980,22027.0
2026-07-20,292050,47095.0
2026-07-20,292160,45545.0
2026-07-20,292190,45485.0
2026-07-20,292500,46767.0
2026-07-20,293180,104021.0
2026-07-20,294400,136105.0
2026-07-20,295040,38900.0
2026-07-20,301400,12700.0
2026-07-20,302450,67776.0
2026-07-20,304760,44661.0
2026-07-20,304770,12635.0
2026-07-20,304940,31500.0
2026-07-20,305050,67810.0
2026-07-20,310080,9275.0
2026-07-20,310960,60740.0
2026-07-20,310970,46330.0
2026-07-20,316670,6305.0
2026-07-20,328370,36745.0
2026-07-20,332500,69795.0
2026-07-20,332930,135885.0
2026-07-20,332940,46075.0
2026-07-20,337140,34700.0
2026-07-20,354500,12775.0
2026-07-20,359210,33900.0
2026-07-20,360200,27598.0
2026-07-20,360750,27298.0
2026-07-20,361580,58975.0
2026-07-20,364690,36966.0
2026-07-20,364960,5820.0
2026-07-20,364970,6215.0
2026-07-20,365040,34200.0
2026-07-20,367380,32167.0
2026-07-20,368190,6985.0
2026-07-20,368590,31200.0
2026-07-20,368680,6989.0
2026-07-20,371150,7445.0
2026-07-20,371160,7630.0
2026-07-20,371870,7455.0
2026-07-20,372330,7590.0
2026-07-20,375760,22940.0
2026-07-20,375770,23353.0
2026-07-20,376410,23076.0
2026-07-20,379780,23865.0
2026-07-20,379800,24806.0
2026-07-20,379810,27970.0
2026-07-20,381170,31900.0
2026-07-20,385710,10105.0
2026-07-20,385720,24615.0
2026-07-20,387270,25125.0
2026-07-20,391670,27140.0
2026-07-20,402970,15669.0
2026-07-20,403790,55015.0
2026-07-20,404120,22770.0
2026-07-20,404260,21578.0
2026-07-20,404540,21463.0
2026-07-20,404650,21571.0
2026-07-20,407310,15812.0
2026-07-20,407830,15060.0
2026-07-20,411540,16157.0
2026-07-20,426020,33475.0
2026-07-20,426030,47240.0
2026-07-20,429760,20323.0
2026-07-20,432840,20533.0
2026-07-20,433220,31040.0
2026-07-20,433250,22110.0
2026-07-20,433330,22793.0
2026-07-20,434960,104500.0
2026-07-20,438740,32170.0
2026-07-20,441640,12970.0
2026-07-20,441800,28416.0
2026-07-20,442260,36515.0
2026-07-20,444490,20955.0
2026-07-20,446720,14139.0
2026-07-20,448100,106781.0
2026-07-20,448290,17289.0
2026-07-20,448300,22278.0
2026-07-20,448570,28780.0
2026-07-20,449180,16644.0
2026-07-20,449190,21563.0
2026-07-20,449770,21799.0
2026-07-20,449780,18204.0
2026-07-20,450910,12340.0
2026-07-20,451060,33255.0
2026-07-20,451150,18685.0
2026-07-20,452360,12886.0
2026-07-20,453080,22288.0
2026-07-20,453330,17634.0
2026-07-20,453810,12418.0
2026-07-20,453870,12309.0
2026-07-20,458730,15374.0
2026-07-20,461450,13760.0
2026-07-20,461580,13995.0
2026-07-20,462340,17045.0
2026-07-20,463050,11805.0
2026-07-20,463300,13803.0
2026-07-20,469050,31511.0
2026-07-20,469060,36875.0
2026-07-20,471780,34900.0
2026-07-20,472150,19464.0
2026-07-20,472160,18215.0
2026-07-20,472720,24695.0
2026-07-20,472840,103311.0
2026-07-20,474920,19565.0
2026-07-20,476030,17729.0
2026-07-20,476850,20252.0
2026-07-20,477490,19895.0
2026-07-20,489250,13269.0
2026-07-20,491220,123180.0
2026-07-20,491700,104735.0
2026-07-20,494890,29901.0
2026-07-20,495040,31104.0
2026-07-20,495050,31589.0
2026-07-20,495060,29175.0
2026-07-20,495230,30541.0
2026-07-20,495330,31287.0
2026-07-20,495750,31217.0
2026-07-20,495850,31361.0
2026-07-20,496080,31446.0
2026-07-20,496090,31477.0
2026-07-20,496120,32693.0
2026-07-20,496130,24490.0
2026-07-20,498400,19708.0
2026-07-21,0000Z0,8340.0
2026-07-21,0007N0,108804.0
2026-07-21,0026S0,13345.0
2026-07-21,0041E0,16988.0
2026-07-21,0053M0,13010.0
2026-07-21,0069M0,14115.0
2026-07-21,0098Z0,92480.0
2026-07-21,0112X0,40835.0
2026-07-21,0144L0,10038.0
2026-07-21,0162Y0,7130.0
2026-07-21,0163Y0,8660.0
2026-07-21,0166N0,7335.0
2026-07-21,0167B0,11747.0
2026-07-21,0191B0,29165.0
2026-07-21,0191S0,12885.0
2026-07-21,0193G0,8405.0
2026-07-21,0204S0,7000.0
2026-07-21,0208N0,7575.0
2026-07-21,0219E0,8471.0
2026-07-21,0220B0,10790.0
2026-07-21,069500,107922.0
2026-07-21,069660,107762.0
2026-07-21,091160,128025.0
2026-07-21,091170,15792.0
2026-07-21,091220,16457.0
2026-07-21,091230,134291.0
2026-07-21,099140,22590.0
2026-07-21,102110,107952.0
2026-07-21,105190,107994.0
2026-07-21,108590,107509.0
2026-07-21,133690,188638.0
2026-07-21,139270,16845.0
2026-07-21,140950,85155.0
2026-07-21,143860,33670.0
2026-07-21,148020,108830.0
2026-07-21,152100,109413.0
2026-07-21,152870,108886.0
2026-07-21,153270,83240.0
2026-07-21,159800,85775.0
2026-07-21,166400,22545.0
2026-07-21,168580,37060.0
2026-07-21,192090,13590.0
2026-07-21,192720,56780.0
2026-07-21,211560,35130.0
2026-07-21,211900,27843.0
2026-07-21,226490,69311.0
2026-07-21,226980,21045.0
2026-07-21,227830,69881.0
2026-07-21,228820,18050.0
2026-07-21,229200,12650.0
2026-07-21,229720,35750.0
2026-07-21,232080,12900.0
2026-07-21,237350,86452.0
2026-07-21,238720,47925.0
2026-07-21,241180,36160.0
2026-07-21,245360,12951.0
2026-07-21,250730,9780.0
2026-07-21,251350,40555.0
2026-07-21,252000,18115.0
2026-07-21,252650,17150.0
2026-07-21,266370,66215.0
2026-07-21,266420,15300.0
2026-07-21,269540,29640.0
2026-07-21,270810,12585.0
2026-07-21,277630,70338.0
2026-07-21,277640,37120.0
2026-07-21,277650,19265.0
2026-07-21,278530,39005.0
2026-07-21,278540,38445.0
2026-07-21,283580,16559.0
2026-07-21,284980,22395.0
2026-07-21,292050,48795.0
2026-07-21,292160,47712.0
2026-07-21,292190,47117.0
2026-07-21,292500,48635.0
2026-07-21,293180,108238.0
2026-07-21,294400,141815.0
2026-07-21,295040,40460.0
2026-07-21,301400,12760.0
2026-07-21,302450,70059.0
2026-07-21,304760,46802.0
2026-07-21,304770,12695.0
2026-07-21,304940,31875.0
2026-07-21,305050,69900.0
2026-07-21,310080,9415.0
2026-07-21,310960,62850.0
2026-07-21,310970,48315.0
2026-07-21,316670,6325.0
2026-07-21,328370,37950.0
2026-07-21,332500,72545.0
2026-07-21,332930,141650.0
2026-07-21,332940,48255.0
2026-07-21,337140,35958.0
2026-07-21,354500,12775.0
2026-07-21,359210,34985.0
2026-07-21,360200,27588.0
2026-07-21,360750,27303.0
2026-07-21,361580,61180.0
2026-07-21,364690,38368.0
2026-07-21,364960,5920.0
2026-07-21,364970,6265.0
2026-07-21,365040,35370.0
2026-07-21,367380,32427.0
2026-07-21,368190,7085.0
2026-07-21,368590,31450.0
2026-07-21,368680,7074.0
2026-07-21,371150,7604.0
2026-07-21,371160,7759.0
2026-07-21,371870,7510.0
2026-07-21,372330,7744.0
2026-07-21,375760,23949.0
2026-07-21,375770,24191.0
2026-07-21,376410,23964.0
2026-07-21,379780,23845.0
2026-07-21,379800,24816.0
2026-07-21,379810,28209.0
2026-07-21,381170,32085.0
2026-07-21,385710,10325.0
2026-07-21,385720,25525.0
2026-07-21,387270,25870.0
2026-07-21,391670,28120.0
2026-07-21,402970,15570.0
2026-07-21,403790,57015.0
2026-07-21,404120,23160.0
2026-07-21,404260,21923.0
2026-07-21,404540,21817.0
2026-07-21,404650,21976.0
2026-07-21,407310,16312.0
2026-07-21,407830,15145.0
2026-07-21,411540,16667.0
2026-07-21,426020,33550.0
2026-07-21,426030,48395.0
2026-07-21,429760,20328.0
2026-07-21,432840,20503.0
2026-07-21,433220,31455.0
2026-07-21,433250,22505.0
2026-07-21,433330,22803.0
2026-07-21,434960,108710.0
2026-07-21,438740,32430.0
2026-07-21,441640,12960.0
2026-07-21,441800,29058.0
2026-07-21,442260,37900.0
2026-07-21,444490,20950.0
2026-07-21,446720,14015.0
2026-07-21,448100,110951.0
2026-07-21,448290,17349.0
2026-07-21,448300,22538.0
2026-07-21,448570,29545.0
2026-07-21,449180,16704.0
2026-07-21,449190,21808.0
2026-07-21,449770,21843.0
2026-07-21,449780,18264.0
2026-07-21,450910,12385.0
2026-07-21,451060,34508.0
2026-07-21,451150,18715.0
2026-07-21,452360,12827.0
2026-07-21,453080,22538.0
2026-07-21,453330,17694.0
2026-07-21,453810,12374.0
2026-07-21,453870,12229.0
2026-07-21,458730,15295.0
2026-07-21,461450,13795.0
2026-07-21,461580,14125.0
2026-07-21,462340,16940.0
2026-07-21,463050,11720.0
2026-07-21,463300,14393.0
2026-07-21,469050,32634.0
2026-07-21,469060,38234.0
2026-07-21,471780,35755.0
2026-07-21,472150,20231.0
2026-07-21,472160,18415.0
2026-07-21,472720,25345.0
2026-07-21,472840,107546.0
2026-07-21,474920,19995.0
2026-07-21,476030,17879.0
2026-07-21,476850,21000.0
2026-07-21,477490,20050.0
2026-07-21,489250,13160.0
2026-07-21,491220,128565.0
2026-07-21,491700,109030.0
2026-07-21,494890,31069.0
2026-07-21,495040,32117.0
2026-07-21,495050,32563.0
2026-07-21,495060,30110.0
2026-07-21,495230,31437.0
2026-07-21,495330,32211.0
2026-07-21,495750,32344.0
2026-07-21,495850,32323.0
2026-07-21,496080,32344.0
2026-07-21,496090,32450.0
2026-07-21,496120,33611.0
2026-07-21,496130,25580.0
2026-07-21,498400,20404.0
2026-07-22,0000Z0,8200.0
2026-07-22,0007N0,109273.0
2026-07-22,0026S0,13440.0
2026-07-22,0041E0,17278.0
2026-07-22,0053M0,13235.0
2026-07-22,0069M0,14175.0
2026-07-22,0098Z0,93169.0
2026-07-22,0112X0,40935.0
2026-07-22,0144L0,10033.0
2026-07-22,0162Y0,6980.0
2026-07-22,0163Y0,8500.0
2026-07-22,0166N0,7230.0
2026-07-22,0167B0,11780.0
2026-07-22,0191B0,28500.0
2026-07-22,0191S0,12620.0
2026-07-22,0193G0,8435.0
2026-07-22,0204S0,6650.0
2026-07-22,0208N0,7595.0
2026-07-22,0219E0,8461.0
2026-07-22,0220B0,10350.0
2026-07-22,069500,108097.0
2026-07-22,069660,108067.0
2026-07-22,091160,126930.0
2026-07-22,091170,15792.0
2026-07-22,091220,16408.0
2026-07-22,091230,132873.0
2026-07-22,099140,22284.0
2026-07-22,102110,108422.0
2026-07-22,105190,108543.0
2026-07-22,108590,108018.0
2026-07-22,133690,189352.0
2026-07-22,139270,16765.0
2026-07-22,140950,85465.0
2026-07-22,143860,33040.0
2026-07-22,148020,109095.0
2026-07-22,152100,109808.0
2026-07-22,152870,109126.0
2026-07-22,153270,84154.0
2026-07-22,159800,86105.0
2026-07-22,166400,22719.0
2026-07-22,168580,37535.0
2026-07-22,192090,13600.0
2026-07-22,192720,56681.0
2026-07-22,211560,35016.0
2026-07-22,211900,27883.0
2026-07-22,226490,69641.0
2026-07-22,226980,21238.0
2026-07-22,227830,70441.0
2026-07-22,228820,18344.0
2026-07-22,229200,12525.0
2026-07-22,229720,36294.0
2026-07-22,232080,12755.0
2026-07-22,237350,87116.0
2026-07-22,238720,48135.0
2026-07-22,241180,36065.0
2026-07-22,245360,12831.0
2026-07-22,250730,9555.0
2026-07-22,251350,40814.0
2026-07-22,252000,18115.0
2026-07-22,252650,17632.0
2026-07-22,266370,66180.0
2026-07-22,266420,15090.0
2026-07-22,269540,29660.0
2026-07-22,270810,12420.0
2026-07-22,277630,71108.0
2026-07-22,277640,37519.0
2026-07-22,277650,19695.0
2026-07-22,278530,39185.0
2026-07-22,278540,38685.0
2026-07-22,283580,16564.0
2026-07-22,284980,22440.0
2026-07-22,292050,49140.0
2026-07-22,292160,48031.0
2026-07-22,292190,47466.0
2026-07-22,292500,48750.0
2026-07-22,293180,108168.0
2026-07-22,294400,141885.0
2026-07-22,295040,40605.0
2026-07-22,301400,12600.0
2026-07-22,302450,70654.0
2026-07-22,304760,46657.0
2026-07-22,304770,12500.0
2026-07-22,304940,31850.0
2026-07-22,305050,70820.0
2026-07-22,310080,9240.0
2026-07-22,310960,63185.0
2026-07-22,310970,48590.0
2026-07-22,316670,6250.0
2026-07-22,328370,38370.0
2026-07-22,332500,72745.0
2026-07-22,332930,141720.0
2026-07-22,332940,48545.0
2026-07-22,337140,36297.0
2026-07-22,354500,12600.0
2026-07-22,359210,35370.0
2026-07-22,360200,27762.0
2026-07-22,360750,27457.0
2026-07-22,361580,61495.0
2026-07-22,364690,38932.0
2026-07-22,364960,5950.0
2026-07-22,364970,6205.0
2026-07-22,365040,35745.0
2026-07-22,367380,32551.0
2026-07-22,368190,7095.0
2026-07-22,368590,31575.0
2026-07-22,368680,7179.0
2026-07-22,371150,7360.0
2026-07-22,371160,7530.0
2026-07-22,371870,7315.0
2026-07-22,372330,7515.0
2026-07-22,375760,23859.0
2026-07-22,375770,24390.0
2026-07-22,376410,24303.0
2026-07-22,379780,24005.0
2026-07-22,379800,24980.0
2026-07-22,379810,28314.0
2026-07-22,381170,32220.0
2026-07-22,385710,10270.0
2026-07-22,385720,25695.0
2026-07-22,387270,26035.0
2026-07-22,391670,28440.0
2026-07-22,402970,15644.0
2026-07-22,403790,57290.0
2026-07-22,404120,23650.0
2026-07-22,404260,22636.0
2026-07-22,404540,22613.0
2026-07-22,404650,22600.0
2026-07-22,407310,16332.0
2026-07-22,407830,15200.0
2026-07-22,411540,16692.0
2026-07-22,426020,33845.0
2026-07-22,426030,49120.0
2026-07-22,429760,20453.0
2026-07-22,432840,20678.0
2026-07-22,433220,32130.0
2026-07-22,433250,23020.0
2026-07-22,433330,22938.0
2026-07-22,434960,108944.0
2026-07-22,438740,32710.0
2026-07-22,441640,13020.0
2026-07-22,441800,29256.0
2026-07-22,442260,38185.0
2026-07-22,444490,21070.0
2026-07-22,446720,14089.0
2026-07-22,448100,111346.0
2026-07-22,448290,17369.0
2026-07-22,448300,22523.0
2026-07-22,448570,30015.0
2026-07-22,449180,16724.0
2026-07-22,449190,21783.0
2026-07-22,449770,21988.0
2026-07-22,449780,18274.0
2026-07-22,450910,12225.0
2026-07-22,451060,34713.0
2026-07-22,451150,18690.0
2026-07-22,452360,12857.0
2026-07-22,453080,22543.0
2026-07-22,453330,17709.0
2026-07-22,453810,12394.0
2026-07-22,453870,12224.0
2026-07-22,458730,15374.0
2026-07-22,461450,13720.0
2026-07-22,461580,14035.0
2026-07-22,462340,17050.0
2026-07-22,463050,11480.0
2026-07-22,463300,14364.0
2026-07-22,469050,32634.0
2026-07-22,469060,38383.0
2026-07-22,471780,35170.0
2026-07-22,472150,20389.0
2026-07-22,472160,18395.0
2026-07-22,472720,25565.0
2026-07-22,472840,108565.0
2026-07-22,474920,19755.0
2026-07-22,476030,17943.0
2026-07-22,476850,21201.0
2026-07-22,477490,20400.0
2026-07-22,489250,13244.0
2026-07-22,491220,129155.0
2026-07-22,491700,110200.0
2026-07-22,494890,31214.0
2026-07-22,495040,32292.0
2026-07-22,495050,32728.0
2026-07-22,495060,30070.0
2026-07-22,495230,31437.0
2026-07-22,495330,32396.0
2026-07-22,495750,32334.0
2026-07-22,495850,32518.0
2026-07-22,496080,32444.0
2026-07-22,496090,32550.0
2026-07-22,496120,33846.0
2026-07-22,496130,25755.0
2026-07-22,498400,20502.0
2026-07-23,0000Z0,8770.0
2026-07-23,0007N0,113880.0
2026-07-23,0026S0,13310.0
2026-07-23,0041E0,17148.0
2026-07-23,0053M0,13355.0
2026-07-23,0069M0,14040.0
2026-07-23,0098Z0,96958.0
2026-07-23,0112X0,42705.0
2026-07-23,0144L0,9998.0
2026-07-23,0162Y0,7335.0
2026-07-23,0163Y0,8820.0
2026-07-23,0166N0,7600.0
2026-07-23,0167B0,12270.0
2026-07-23,0191B0,29375.0
2026-07-23,0191S0,13500.0
2026-07-23,0193G0,8840.0
2026-07-23,0204S0,6805.0
2026-07-23,0208N0,7860.0
2026-07-23,0219E0,8797.0
2026-07-23,0220B0,10500.0
2026-07-23,069500,113002.0
2026-07-23,069660,112985.0
2026-07-23,091160,132000.0
2026-07-23,091170,15782.0
2026-07-23,091220,16522.0
2026-07-23,091230,139332.0
2026-07-23,099140,22293.0
2026-07-23,102110,113145.0
2026-07-23,105190,113115.0
2026-07-23,108590,112733.0
2026-07-23,133690,187774.0
2026-07-23,139270,17039.0
2026-07-23,140950,89246.0
2026-07-23,143860,34625.0
2026-07-23,148020,113908.0
2026-07-23,152100,114745.0
2026-07-23,152870,114081.0
2026-07-23,153270,87743.0
2026-07-23,159800,90230.0
2026-07-23,166400,23349.0
2026-07-23,168580,37145.0
2026-07-23,192090,13520.0
2026-07-23,192720,58625.0
2026-07-23,211560,35849.0
2026-07-23,211900,28632.0
2026-07-23,226490,72852.0
2026-07-23,226980,22352.0
2026-07-23,227830,72938.0
2026-07-23,228820,19162.0
2026-07-23,229200,13400.0
2026-07-23,229720,38137.0
2026-07-23,232080,13635.0
2026-07-23,237350,90435.0
2026-07-23,238720,48395.0
2026-07-23,241180,35925.0
2026-07-23,245360,12866.0
2026-07-23,250730,9885.0
2026-07-23,251350,40451.0
2026-07-23,252000,19037.0
2026-07-23,252650,18327.0
2026-07-23,266370,70185.0
2026-07-23,266420,15790.0
2026-07-23,269540,29675.0
2026-07-23,270810,13315.0
2026-07-23,277630,73665.0
2026-07-23,277640,39151.0
2026-07-23,277650,20540.0
2026-07-23,278530,40895.0
2026-07-23,278540,40150.0
2026-07-23,283580,16469.0
2026-07-23,284980,22505.0
2026-07-23,292050,50785.0
2026-07-23,292160,49649.0
2026-07-23,292190,49456.0
2026-07-23,292500,50598.0
2026-07-23,293180,113128.0
2026-07-23,294400,148210.0
2026-07-23,295040,42355.0
2026-07-23,301400,13475.0
2026-07-23,302450,73761.0
2026-07-23,304760,49149.0
2026-07-23,304770,13415.0
2026-07-23,304940,31895.0
2026-07-23,305050,73940.0
2026-07-23,310080,9275.0
2026-07-23,310960,65775.0
2026-07-23,310970,50405.0
2026-07-23,316670,6670.0
2026-07-23,328370,39700.0
2026-07-23,332500,75750.0
2026-07-23,332930,148445.0
2026-07-23,332940,50590.0
2026-07-23,337140,37534.0
2026-07-23,354500,13515.0
2026-07-23,359210,36595.0
2026-07-23,360200,27503.0
2026-07-23,360750,27213.0
2026-07-23,361580,64225.0
2026-07-23,364690,40315.0
2026-07-23,364960,6335.0
2026-07-23,364970,6470.0
2026-07-23,365040,37450.0
2026-07-23,367380,32277.0
2026-07-23,368190,7560.0
2026-07-23,368590,31315.0
2026-07-23,368680,7574.0
2026-07-23,371150,7345.0
2026-07-23,371160,7555.0
2026-07-23,371870,7390.0
2026-07-23,372330,7535.0
2026-07-23,375760,25172.0
2026-07-23,375770,25243.0
2026-07-23,376410,24966.0
2026-07-23,379780,23785.0
2026-07-23,379800,24737.0
2026-07-23,379810,28075.0
2026-07-23,381170,31700.0
2026-07-23,385710,11050.0
2026-07-23,385720,26700.0
2026-07-23,387270,26325.0
2026-07-23,391670,29755.0
2026-07-23,402970,15535.0
2026-07-23,403790,59425.0
2026-07-23,404120,25740.0
2026-07-23,404260,24258.0
2026-07-23,404540,24326.0
2026-07-23,404650,24343.0
2026-07-23,407310,17071.0
2026-07-23,407830,14880.0
2026-07-23,411540,17406.0
2026-07-23,426020,33685.0
2026-07-23,426030,49685.0
2026-07-23,429760,20249.0
2026-07-23,432840,20458.0
2026-07-23,433220,31850.0
2026-07-23,433250,24130.0
2026-07-23,433330,22728.0
2026-07-23,434960,113423.0
2026-07-23,438740,33190.0
2026-07-23,441640,12970.0
2026-07-23,441800,29970.0
2026-07-23,442260,39775.0
2026-07-23,444490,20875.0
2026-07-23,446720,13990.0
2026-07-23,448100,116334.0
2026-07-23,448290,17364.0
2026-07-23,448300,22528.0
2026-07-23,448570,30785.0
2026-07-23,449180,16724.0
2026-07-23,449190,21793.0
2026-07-23,449770,21804.0
2026-07-23,449780,18294.0
2026-07-23,450910,13085.0
2026-07-23,451060,36162.0
2026-07-23,451150,18435.0
2026-07-23,452360,12871.0
2026-07-23,453080,22548.0
2026-07-23,453330,17709.0
2026-07-23,453810,12220.0
2026-07-23,453870,12090.0
2026-07-23,458730,15265.0
2026-07-23,461450,14725.0
2026-07-23,461580,14950.0
2026-07-23,462340,16825.0
2026-07-23,463050,12200.0
2026-07-23,463300,14274.0
2026-07-23,469050,33578.0
2026-07-23,469060,39222.0
2026-07-23,471780,36625.0
2026-07-23,472150,21248.0
2026-07-23,472160,18245.0
2026-07-23,472720,26460.0
2026-07-23,472840,111786.0
2026-07-23,474920,19545.0
2026-07-23,476030,17789.0
2026-07-23,476850,21907.0
2026-07-23,477490,20175.0
2026-07-23,489250,13150.0
2026-07-23,491220,133895.0
2026-07-23,491700,112820.0
2026-07-23,494890,32611.0
2026-07-23,495040,33156.0
2026-07-23,495050,33682.0
2026-07-23,495060,30865.0
2026-07-23,495230,32811.0
2026-07-23,495330,33489.0
2026-07-23,495750,33600.0
2026-07-23,495850,33436.0
2026-07-23,496080,33488.0
2026-07-23,496090,33548.0
2026-07-23,496120,34834.0
2026-07-23,496130,26405.0
2026-07-23,498400,21356.0
2026-07-24,0000Z0,8520.0
2026-07-24,0007N0,107041.0
2026-07-24,0026S0,13160.0
2026-07-24,0041E0,16943.0
2026-07-24,0053M0,12710.0
2026-07-24,0069M0,13765.0
2026-07-24,0098Z0,91102.0
2026-07-24,0112X0,39935.0
2026-07-24,0144L0,9759.0
2026-07-24,0162Y0,6705.0
2026-07-24,0163Y0,8160.0
2026-07-24,0166N0,7070.0
2026-07-24,0167B0,11596.0
2026-07-24,0191B0,26715.0
2026-07-24,0191S0,12610.0
2026-07-24,0193G0,8320.0
2026-07-24,0204S0,6250.0
2026-07-24,0208N0,7405.0
2026-07-24,0219E0,8288.0
2026-07-24,0220B0,9530.0
2026-07-24,069500,106151.0
2026-07-24,069660,106085.0
2026-07-24,091160,120755.0
2026-07-24,091170,15758.0
2026-07-24,091220,16482.0
2026-07-24,091230,127143.0
2026-07-24,099140,22056.0
2026-07-24,102110,106270.0
2026-07-24,105190,106391.0
2026-07-24,108590,105836.0
2026-07-24,133690,184089.0
2026-07-24,139270,16859.0
2026-07-24,140950,83657.0
2026-07-24,143860,35120.0
2026-07-24,148020,106902.0
2026-07-24,152100,107796.0
2026-07-24,152870,106943.0
2026-07-24,153270,82272.0
2026-07-24,159800,84510.0
2026-07-24,166400,22495.0
2026-07-24,168580,36915.0
2026-07-24,192090,13330.0
2026-07-24,192720,58002.0
2026-07-24,211560,35749.0
2026-07-24,211900,28552.0
2026-07-24,226490,68987.0
2026-07-24,226980,21949.0
2026-07-24,227830,69122.0
2026-07-24,228820,18045.0
2026-07-24,229200,12510.0
2026-07-24,229720,35700.0
2026-07-24,232080,12750.0
2026-07-24,237350,85105.0
2026-07-24,238720,46670.0
2026-07-24,241180,34720.0
2026-07-24,245360,12752.0
2026-07-24,250730,9595.0
2026-07-24,251350,39933.0
2026-07-24,252000,18967.0
2026-07-24,252650,17890.0
2026-07-24,266370,64250.0
2026-07-24,266420,15990.0
2026-07-24,269540,29275.0
2026-07-24,270810,12430.0
2026-07-24,277630,69929.0
2026-07-24,277640,36855.0
2026-07-24,277650,20230.0
2026-07-24,278530,38465.0
2026-07-24,278540,37475.0
2026-07-24,283580,16296.0
2026-07-24,284980,22490.0
2026-07-24,292050,47865.0
2026-07-24,292160,47038.0
2026-07-24,292190,46408.0
2026-07-24,292500,48640.0
2026-07-24,293180,106192.0
2026-07-24,294400,139285.0
2026-07-24,295040,39820.0
2026-07-24,301400,12600.0
2026-07-24,302450,69619.0
2026-07-24,304760,45584.0
2026-07-24,304770,12515.0
2026-07-24,304940,31250.0
2026-07-24,305050,69560.0
2026-07-24,310080,9105.0
2026-07-24,310960,62425.0
2026-07-24,310970,47145.0
2026-07-24,316670,6285.0
2026-07-24,328370,37325.0
2026-07-24,332500,71420.0
2026-07-24,332930,139050.0
2026-07-24,332940,46915.0
2026-07-24,337140,35499.0
2026-07-24,354500,12620.0
2026-07-24,359210,34865.0
2026-07-24,360200,27194.0
2026-07-24,360750,26899.0
2026-07-24,361580,60410.0
2026-07-24,364690,38273.0
2026-07-24,364960,6235.0
2026-07-24,364970,6675.0
2026-07-24,365040,35290.0
2026-07-24,367380,31643.0
2026-07-24,368190,7425.0
2026-07-24,368590,30705.0
2026-07-24,368680,7429.0
2026-07-24,371150,7241.0
2026-07-24,371160,7415.0
2026-07-24,371870,7260.0
2026-07-24,372330,7386.0
2026-07-24,375760,23475.0
2026-07-24,375770,23867.0
2026-07-24,376410,23520.0
2026-07-24,379780,23520.0
2026-07-24,379800,24453.0
2026-07-24,379810,27516.0
2026-07-24,381170,30835.0
2026-07-24,385710,10535.0
2026-07-24,385720,25170.0
2026-07-24,387270,25340.0
2026-07-24,391670,28295.0
2026-07-24,402970,15490.0
2026-07-24,403790,56405.0
2026-07-24,404120,24490.0
2026-07-24,404260,23290.0
2026-07-24,404540,23425.0
2026-07-24,404650,23179.0
2026-07-24,407310,16396.0
2026-07-24,407830,14245.0
2026-07-24,411540,16746.0
2026-07-24,426020,33255.0
2026-07-24,426030,48635.0
2026-07-24,429760,20014.0
2026-07-24,432840,20228.0
2026-07-24,433220,31250.0
2026-07-24,433250,22740.0
2026-07-24,433330,22458.0
2026-07-24,434960,106987.0
2026-07-24,438740,32360.0
2026-07-24,441640,12851.0
2026-07-24,441800,28865.0
2026-07-24,442260,37205.0
2026-07-24,444490,20645.0
2026-07-24,446720,13960.0
2026-07-24,448100,109313.0
2026-07-24,448290,17165.0
2026-07-24,448300,22084.0
2026-07-24,448570,29805.0
2026-07-24,449180,16540.0
2026-07-24,449190,21374.0
2026-07-24,449770,21509.0
2026-07-24,449780,18050.0
2026-07-24,450910,12230.0
2026-07-24,451060,33989.0
2026-07-24,451150,18265.0
2026-07-24,452360,12881.0
2026-07-24,453080,22064.0
2026-07-24,453330,17515.0
2026-07-24,453810,12085.0
2026-07-24,453870,11905.0
2026-07-24,458730,15235.0
2026-07-24,461450,13885.0
2026-07-24,461580,14185.0
2026-07-24,462340,16845.0
2026-07-24,463050,12190.0
2026-07-24,463300,14170.0
2026-07-24,469050,32914.0
2026-07-24,469060,38343.0
2026-07-24,471780,33495.0
2026-07-24,472150,19968.0
2026-07-24,472160,17760.0
2026-07-24,472720,25620.0
2026-07-24,472840,105629.0
2026-07-24,474920,19445.0
2026-07-24,476030,17444.0
2026-07-24,476850,20755.0
2026-07-24,477490,19770.0
2026-07-24,489250,13105.0
2026-07-24,491220,125795.0
2026-07-24,491700,107070.0
2026-07-24,494890,30665.0
2026-07-24,495040,31508.0
2026-07-24,495050,32054.0
2026-07-24,495060,28890.0
2026-07-24,495230,30799.0
2026-07-24,495330,31732.0
2026-07-24,495750,31661.0
2026-07-24,495850,31874.0
2026-07-24,496080,31930.0
2026-07-24,496090,31961.0
2026-07-24,496120,33017.0
2026-07-24,496130,25200.0
2026-07-24,498400,20152.0
2026-07-27,0000Z0,8645.0
2026-07-27,0007N0,108140.0
2026-07-27,0026S0,13305.0
2026-07-27,0041E0,16938.0
2026-07-27,0053M0,12855.0
2026-07-27,0069M0,13885.0
2026-07-27,0098Z0,91626.0
2026-07-27,0112X0,40510.0
2026-07-27,0144L0,9867.0
2026-07-27,0162Y0,6865.0
2026-07-27,0163Y0,8350.0
2026-07-27,0166N0,7155.0
2026-07-27,0167B0,11707.0
2026-07-27,0191B0,27020.0
2026-07-27,0191S0,13075.0
2026-07-27,0193G0,8400.0
2026-07-27,0204S0,6345.0
2026-07-27,0208N0,7470.0
2026-07-27,0219E0,8356.0
2026-07-27,0220B0,9800.0
2026-07-27,069500,107513.0
2026-07-27,069660,107353.0
2026-07-27,091160,124470.0
2026-07-27,091170,16021.0
2026-07-27,091220,16705.0
2026-07-27,091230,130687.0
2026-07-27,099140,22387.0
2026-07-27,102110,107413.0
2026-07-27,105190,107659.0
2026-07-27,108590,107269.0
2026-07-27,133690,185522.0
2026-07-27,139270,17024.0
2026-07-27,140950,84811.0
2026-07-27,143860,35600.0
2026-07-27,148020,108301.0
2026-07-27,152100,108904.0
2026-07-27,152870,108472.0
2026-07-27,153270,83155.0
2026-07-27,159800,85590.0
2026-07-27,166400,22620.0
2026-07-27,168580,36830.0
2026-07-27,192090,13410.0
2026-07-27,192720,58546.0
2026-07-27,211560,35789.0
2026-07-27,211900,28547.0
2026-07-27,226490,69606.0
2026-07-27,226980,21920.0
2026-07-27,227830,69766.0
2026-07-27,228820,18249.0
2026-07-27,229200,12950.0
2026-07-27,229720,36124.0
2026-07-27,232080,13200.0
2026-07-27,237350,86208.0
2026-07-27,238720,47315.0
2026-07-27,241180,35170.0
2026-07-27,245360,12960.0
2026-07-27,250730,9895.0
2026-07-27,251350,40525.0
2026-07-27,252000,18733.0
2026-07-27,252650,17905.0
2026-07-27,266370,65770.0
2026-07-27,266420,16235.0
2026-07-27,269540,29585.0
2026-07-27,270810,12885.0
2026-07-27,277630,70378.0
2026-07-27,277640,37035.0
2026-07-27,277650,19990.0
2026-07-27,278530,39065.0
2026-07-27,278540,38295.0
2026-07-27,283580,16326.0
2026-07-27,284980,22624.0
2026-07-27,292050,48605.0
2026-07-27,292160,47292.0
2026-07-27,292190,47052.0
2026-07-27,292500,48126.0
2026-07-27,293180,107689.0
2026-07-27,294400,141100.0
2026-07-27,295040,40310.0
2026-07-27,301400,13020.0
2026-07-27,302450,69824.0
2026-07-27,304760,46677.0
2026-07-27,304770,12945.0
2026-07-27,304940,31450.0
2026-07-27,305050,70110.0
2026-07-27,310080,9215.0
2026-07-27,310960,62995.0
2026-07-27,310970,47980.0
2026-07-27,316670,6465.0
2026-07-27,328370,38135.0
2026-07-27,332500,72335.0
2026-07-27,332930,140660.0
2026-07-27,332940,47955.0
2026-07-27,337140,35863.0
2026-07-27,354500,13065.0
2026-07-27,359210,35155.0
2026-07-27,360200,27513.0
2026-07-27,360750,27378.0
2026-07-27,361580,61435.0
2026-07-27,364690,38438.0
2026-07-27,364960,6395.0
2026-07-27,364970,6825.0
2026-07-27,365040,35550.0
2026-07-27,367380,31887.0
2026-07-27,368190,7585.0
2026-07-27,368590,30930.0
2026-07-27,368680,7579.0
2026-07-27,371150,7395.0
2026-07-27,371160,7560.0
2026-07-27,371870,7385.0
2026-07-27,372330,7525.0
2026-07-27,375760,23954.0
2026-07-27,375770,24151.0
2026-07-27,376410,23844.0
2026-07-27,379780,23800.0
2026-07-27,379800,24747.0
2026-07-27,379810,27741.0
2026-07-27,381170,31290.0
2026-07-27,385710,10775.0
2026-07-27,385720,25500.0
2026-07-27,387270,25635.0
2026-07-27,391670,28045.0
2026-07-27,402970,15704.0
2026-07-27,403790,56975.0
2026-07-27,404120,23205.0
2026-07-27,404260,22272.0
2026-07-27,404540,22070.0
2026-07-27,404650,21981.0
2026-07-27,407310,16337.0
2026-07-27,407830,14065.0
2026-07-27,411540,16697.0
2026-07-27,426020,33520.0
2026-07-27,426030,48145.0
2026-07-27,429760,20249.0
2026-07-27,432840,20388.0
2026-07-27,433220,31155.0
2026-07-27,433250,22885.0
2026-07-27,433330,22723.0
2026-07-27,434960,108270.0
2026-07-27,438740,32570.0
2026-07-27,441640,12975.0
2026-07-27,441800,29401.0
2026-07-27,442260,37620.0
2026-07-27,444490,20885.0
2026-07-27,446720,14169.0
2026-07-27,448100,110646.0
2026-07-27,448290,17339.0
2026-07-27,448300,22219.0
2026-07-27,448570,29595.0
2026-07-27,449180,16699.0
2026-07-27,449190,21499.0
2026-07-27,449770,21784.0
2026-07-27,449780,18244.0
2026-07-27,450910,12650.0
2026-07-27,451060,34428.0
2026-07-27,451150,18445.0
2026-07-27,452360,13031.0
2026-07-27,453080,22224.0
2026-07-27,453330,17684.0
2026-07-27,453810,12235.0
2026-07-27,453870,12085.0
2026-07-27,458730,15444.0
2026-07-27,461450,14200.0
2026-07-27,461580,14495.0
2026-07-27,462340,17005.0
2026-07-27,463050,12150.0
2026-07-27,463300,14012.0
2026-07-27,469050,32619.0
2026-07-27,469060,38154.0
2026-07-27,471780,33805.0
2026-07-27,472150,20183.0
2026-07-27,472160,17970.0
2026-07-27,472720,25770.0
2026-07-27,472840,106547.0
2026-07-27,474920,19500.0
2026-07-27,476030,17579.0
2026-07-27,476850,21055.0
2026-07-27,477490,19850.0
2026-07-27,489250,13309.0
2026-07-27,491220,127855.0
2026-07-27,491700,106490.0
2026-07-27,494890,30845.0
2026-07-27,495040,31633.0
2026-07-27,495050,32259.0
2026-07-27,495060,29350.0
2026-07-27,495230,31009.0
2026-07-27,495330,31922.0
2026-07-27,495750,32015.0
2026-07-27,495850,32044.0
2026-07-27,496080,32105.0
2026-07-27,496090,32051.0
2026-07-27,496120,33332.0
2026-07-27,496130,25255.0
2026-07-27,498400,20369.0
2026-07-28,0000Z0,8250.0
2026-07-28,0007N0,96219.0
2026-07-28,0026S0,13100.0
2026-07-28,0041E0,16474.0
2026-07-28,0053M0,11820.0
2026-07-28,0069M0,13430.0
2026-07-28,0098Z0,81702.0
2026-07-28,0112X0,35790.0
2026-07-28,0144L0,9577.0
2026-07-28,0162Y0,6065.0
2026-07-28,0163Y0,7425.0
2026-07-28,0166N0,6310.0
2026-07-28,0167B0,10517.0
2026-07-28,0191B0,24095.0
2026-07-28,0191S0,11975.0
2026-07-28,0193G0,7345.0
2026-07-28,0204S0,5645.0
2026-07-28,0208N0,6580.0
2026-07-28,0214M0,10050.0
2026-07-28,0219E0,7376.0
2026-07-28,0220B0,8435.0
2026-07-28,0222D0,9859.0
2026-07-28,069500,95482.0
2026-07-28,069660,95256.0
2026-07-28,091160,107230.0
2026-07-28,091170,15315.0
2026-07-28,091220,16011.0
2026-07-28,091230,113691.0
2026-07-28,099140,22437.0
2026-07-28,102110,95560.0
2026-07-28,105190,95749.0
2026-07-28,108590,95312.0
2026-07-28,133690,179601.0
2026-07-28,139270,16003.0
2026-07-28,140950,75120.0
2026-07-28,143860,34695.0
2026-07-28,148020,96406.0
2026-07-28,152100,96989.0
2026-07-28,152870,96114.0
2026-07-28,153270,72943.0
2026-07-28,159800,75540.0
2026-07-28,166400,20542.0
2026-07-28,168580,35830.0
2026-07-28,192090,13010.0
2026-07-28,192720,56207.0
2026-07-28,211560,33928.0
2026-07-28,211900,27059.0
2026-07-28,226490,62843.0
2026-07-28,226980,20393.0
2026-07-28,227830,62220.0
2026-07-28,228820,16308.0
2026-07-28,229200,11845.0
2026-07-28,229720,32243.0
2026-07-28,232080,12100.0
2026-07-28,237350,76406.0
2026-07-28,238720,45380.0
2026-07-28,241180,33610.0
2026-07-28,245360,12896.0
2026-07-28,250730,9800.0
2026-07-28,251350,39804.0
2026-07-28,252000,17727.0
2026-07-28,252650,17001.0
2026-07-28,266370,56215.0
2026-07-28,266420,15800.0
2026-07-28,269540,29250.0
2026-07-28,270810,11790.0
2026-07-28,277630,62801.0
2026-07-28,277640,32926.0
2026-07-28,277650,18705.0
2026-07-28,278530,34665.0
2026-07-28,278540,33605.0
2026-07-28,283580,15904.0
2026-07-28,284980,21381.0
2026-07-28,292050,43025.0
2026-07-28,292160,42030.0
2026-07-28,292190,41694.0
2026-07-28,292500,42741.0
2026-07-28,293180,95773.0
2026-07-28,294400,125070.0
2026-07-28,295040,35750.0
2026-07-28,301400,11945.0
2026-07-28,302450,61992.0
2026-07-28,304760,40926.0
2026-07-28,304770,11880.0
2026-07-28,304940,30575.0
2026-07-28,305050,62670.0
2026-07-28,310080,9260.0
2026-07-28,310960,56145.0
2026-07-28,310970,42200.0
2026-07-28,316670,5915.0
2026-07-28,328370,34020.0
2026-07-28,332500,64150.0
2026-07-28,332930,124865.0
2026-07-28,332940,41850.0
2026-07-28,337140,31971.0
2026-07-28,354500,11980.0
2026-07-28,359210,31375.0
2026-07-28,360200,27074.0
2026-07-28,360750,26764.0
2026-07-28,361580,54300.0
2026-07-28,364690,34051.0
2026-07-28,364960,6075.0
2026-07-28,364970,6700.0
2026-07-28,365040,31325.0
2026-07-28,367380,30879.0
2026-07-28,368190,7220.0
2026-07-28,368590,29935.0
2026-07-28,368680,7174.0
2026-07-28,371150,7360.0
2026-07-28,371160,7495.0
2026-07-28,371870,7310.0
2026-07-28,372330,7451.0
2026-07-28,375760,21168.0
2026-07-28,375770,21567.0
2026-07-28,376410,21426.0
2026-07-28,379780,23420.0
2026-07-28,379800,24339.0
2026-07-28,379810,26848.0
2026-07-28,381170,30330.0
2026-07-28,385710,9990.0
2026-07-28,385720,22650.0
2026-07-28,387270,23575.0
2026-07-28,391670,24725.0
2026-07-28,402970,15774.0
2026-07-28,403790,50690.0
2026-07-28,404120,20710.0
2026-07-28,404260,20002.0
2026-07-28,404540,19875.0
2026-07-28,404650,19858.0
2026-07-28,407310,14944.0
2026-07-28,407830,13700.0
2026-07-28,411540,15368.0
2026-07-28,426020,32445.0
2026-07-28,426030,44450.0
2026-07-28,429760,19934.0
2026-07-28,432840,20113.0
2026-07-28,433220,29375.0
2026-07-28,433250,20710.0
2026-07-28,433330,22363.0
2026-07-28,434960,96261.0
2026-07-28,438740,30245.0
2026-07-28,441640,12846.0
2026-07-28,441800,26624.0
2026-07-28,442260,33025.0
2026-07-28,444490,20540.0
2026-07-28,446720,14219.0
2026-07-28,448100,98369.0
2026-07-28,448290,17130.0
2026-07-28,448300,21594.0
2026-07-28,448570,26845.0
2026-07-28,449180,16490.0
2026-07-28,449190,20889.0
2026-07-28,449770,21424.0
2026-07-28,449780,18030.0
2026-07-28,450910,11600.0
2026-07-28,451060,30557.0
2026-07-28,451150,18320.0
2026-07-28,452360,13116.0
2026-07-28,453080,21624.0
2026-07-28,453330,17480.0
2026-07-28,453810,12264.0
2026-07-28,453870,12109.0
2026-07-28,458730,15494.0
2026-07-28,461450,13125.0
2026-07-28,461580,13430.0
2026-07-28,462340,16865.0
2026-07-28,463050,11770.0
2026-07-28,463300,13739.0
2026-07-28,469050,30163.0
2026-07-28,469060,34987.0
2026-07-28,471780,29095.0
2026-07-28,472150,17838.0
2026-07-28,472160,17500.0
2026-07-28,472720,23520.0
2026-07-28,472840,94417.0
2026-07-28,474920,19450.0
2026-07-28,476030,17014.0
2026-07-28,476850,18959.0
2026-07-28,477490,19270.0
2026-07-28,489250,13359.0
2026-07-28,491220,113355.0
2026-07-28,491700,96145.0
2026-07-28,494890,27486.0
2026-07-28,495040,28613.0
2026-07-28,495050,29072.0
2026-07-28,495060,26100.0
2026-07-28,495230,27622.0
2026-07-28,495330,28788.0
2026-07-28,495750,28725.0
2026-07-28,495850,28737.0
2026-07-28,496080,28730.0
2026-07-28,496090,28747.0
2026-07-28,496120,29992.0
2026-07-28,496130,22790.0
2026-07-28,498400,18179.0
2026-07-29,0000Z0,7750.0
2026-07-29,0007N0,90185.0
2026-07-29,0026S0,13030.0
2026-07-29,0041E0,16095.0
2026-07-29,0053M0,11120.0
2026-07-29,0069M0,13250.0
2026-07-29,0098Z0,76680.0
2026-07-29,0112X0,32915.0
2026-07-29,0144L0,9484.0
2026-07-29,0162Y0,5615.0
2026-07-29,0163Y0,6850.0
2026-07-29,0166N0,5765.0
2026-07-29,0167B0,9789.0
2026-07-29,0191B0,21850.0
2026-07-29,0191S0,11135.0
2026-07-29,0193G0,6945.0
2026-07-29,0204S0,5265.0
2026-07-29,0208N0,6225.0
2026-07-29,0214M0,9415.0
2026-07-29,0219E0,6930.0
2026-07-29,0220B0,7700.0
2026-07-29,0222D0,9641.0
2026-07-29,069500,89425.0
2026-07-29,069660,89205.0
2026-07-29,091160,98335.0
2026-07-29,091170,15023.0
2026-07-29,091220,15660.0
2026-07-29,091230,102645.0
2026-07-29,099140,22615.0
2026-07-29,102110,89265.0
2026-07-29,105190,89590.0
2026-07-29,108590,88960.0
2026-07-29,133690,177025.0
2026-07-29,139270,15560.0
2026-07-29,140950,70750.0
2026-07-29,143860,33580.0
2026-07-29,148020,90315.0
2026-07-29,152100,90620.0
2026-07-29,152870,90420.0
2026-07-29,153270,69280.0
2026-07-29,159800,70840.0
2026-07-29,166400,19351.0
2026-07-29,168580,35835.0
2026-07-29,192090,13000.0
2026-07-29,192720,55275.0
2026-07-29,211560,33005.0
2026-07-29,211900,26351.0
2026-07-29,226490,58405.0
2026-07-29,226980,19300.0
2026-07-29,227830,58830.0
2026-07-29,228820,15475.0
2026-07-29,229200,11125.0
2026-07-29,229720,30645.0
2026-07-29,232080,11370.0
2026-07-29,237350,71475.0
2026-07-29,238720,44520.0
2026-07-29,241180,32790.0
2026-07-29,245360,13140.0
2026-07-29,250730,10050.0
2026-07-29,251350,39600.0
2026-07-29,252000,16895.0
2026-07-29,252650,16355.0
2026-07-29,266370,52130.0
2026-07-29,266420,15220.0
2026-07-29,269540,29370.0
2026-07-29,270810,11045.0
2026-07-29,277630,59410.0
2026-07-29,277640,30970.0
2026-07-29,277650,17920.0
2026-07-29,278530,32355.0
2026-07-29,278540,31715.0
2026-07-29,283580,15820.0
2026-07-29,284980,20695.0
2026-07-29,292050,40365.0
2026-07-29,292160,39395.0
2026-07-29,292190,39330.0
2026-07-29,292500,39290.0
2026-07-29,293180,89925.0
2026-07-29,294400,118000.0
2026-07-29,295040,33615.0
2026-07-29,301400,11205.0
2026-07-29,302450,58880.0
2026-07-29,304760,38850.0
2026-07-29,304770,11180.0
2026-07-29,304940,30485.0
2026-07-29,305050,59065.0
2026-07-29,310080,9415.0
2026-07-29,310960,52610.0
2026-07-29,310970,39515.0
2026-07-29,316670,5565.0
2026-07-29,328370,31735.0
2026-07-29,332500,60275.0
2026-07-29,332930,117715.0
2026-07-29,332940,39705.0
2026-07-29,337140,30005.0
2026-07-29,354500,11320.0
2026-07-29,359210,29475.0
2026-07-29,360200,26930.0
2026-07-29,360750,26590.0
2026-07-29,361580,51005.0
2026-07-29,364690,31795.0
2026-07-29,364960,5875.0
2026-07-29,364970,6520.0
2026-07-29,365040,29525.0
2026-07-29,367380,30445.0
2026-07-29,368190,6990.0
2026-07-29,368590,29535.0
2026-07-29,368680,6965.0
2026-07-29,371150,7475.0
2026-07-29,371160,7660.0
2026-07-29,371870,7495.0
2026-07-29,372330,7630.0
2026-07-29,375760,20130.0
2026-07-29,375770,20275.0
2026-07-29,376410,20075.0
2026-07-29,379780,23285.0
2026-07-29,379800,24200.0
2026-07-29,379810,26470.0
2026-07-29,381170,30155.0
2026-07-29,385710,9535.0
2026-07-29,385720,21345.0
2026-07-29,387270,22690.0
2026-07-29,391670,23290.0
2026-07-29,402970,15849.0
2026-07-29,403790,48100.0
2026-07-29,404120,19490.0
2026-07-29,404260,18700.0
2026-07-29,404540,18775.0
2026-07-29,404650,18530.0
2026-07-29,407310,14245.0
2026-07-29,407830,13505.0
2026-07-29,411540,14550.0
2026-07-29,426020,32060.0
2026-07-29,426030,42600.0
2026-07-29,429760,19810.0
2026-07-29,432840,19994.0
2026-07-29,433220,28640.0
2026-07-29,433250,19570.0
2026-07-29,433330,22229.0
2026-07-29,434960,90025.0
2026-07-29,438740,28650.0
2026-07-29,441640,12831.0
2026-07-29,441800,25332.0
2026-07-29,442260,30545.0
2026-07-29,444490,20440.0
2026-07-29,446720,14259.0
2026-07-29,448100,91943.0
2026-07-29,448290,17210.0
2026-07-29,448300,21510.0
2026-07-29,448570,25460.0
2026-07-29,449180,16595.0
2026-07-29,449190,20840.0
2026-07-29,449770,21330.0
2026-07-29,449780,18105.0
2026-07-29,450910,10905.0
2026-07-29,451060,28610.0
2026-07-29,451150,18365.0
2026-07-29,452360,13315.0
2026-07-29,453080,21540.0
2026-07-29,453330,17560.0
2026-07-29,453810,12240.0
2026-07-29,453870,12105.0
2026-07-29,458730,15554.0
2026-07-29,461450,12265.0
2026-07-29,461580,12545.0
2026-07-29,462340,16985.0
2026-07-29,463050,10880.0
2026-07-29,463300,13645.0
2026-07-29,469050,28960.0
2026-07-29,469060,33300.0
2026-07-29,471780,26950.0
2026-07-29,472150,16730.0
2026-07-29,472160,17600.0
2026-07-29,472720,22165.0
2026-07-29,472840,88720.0
2026-07-29,474920,19350.0
2026-07-29,476030,16785.0
2026-07-29,476850,17857.0
2026-07-29,477490,19150.0
2026-07-29,489250,13429.0
2026-07-29,491220,106270.0
2026-07-29,491700,83970.0
2026-07-29,494890,25750.0
2026-07-29,495040,26970.0
2026-07-29,495050,27523.0
2026-07-29,495060,24375.0
2026-07-29,495230,25845.0
2026-07-29,495330,27201.0
2026-07-29,495750,27330.0
2026-07-29,495850,27276.0
2026-07-29,496080,27288.0
2026-07-29,496090,27210.0
2026-07-29,496120,28305.0
2026-07-29,496130,21590.0
2026-07-29,498400,17020.0
2026-07-30,0000Z0,7500.0
2026-07-30,0007N0,88295.0
2026-07-30,0026S0,12775.0
2026-07-30,0041E0,15650.0
2026-07-30,0053M0,10905.0
2026-07-30,0069M0,13010.0
2026-07-30,0098Z0,75445.0
2026-07-30,0112X0,33080.0
2026-07-30,0144L0,9311.0
2026-07-30,0162Y0,5320.0
2026-07-30,0163Y0,6505.0
2026-07-30,0166N0,5525.0
2026-07-30,0167B0,9572.0
2026-07-30,0191B0,20700.0
2026-07-30,0191S0,10840.0
2026-07-30,0193G0,6790.0
2026-07-30,0204S0,5005.0
2026-07-30,0208N0,6065.0
2026-07-30,0214M0,9180.0
2026-07-30,0219E0,6773.0
2026-07-30,0220B0,7155.0
2026-07-30,0222D0,9770.0
2026-07-30,069500,87635.0
2026-07-30,069660,87715.0
2026-07-30,091160,93675.0
2026-07-30,091170,15442.0
2026-07-30,091220,16030.0
2026-07-30,091230,98695.0
2026-07-30,099140,22710.0
2026-07-30,102110,87840.0
2026-07-30,105190,87615.0
2026-07-30,108590,87600.0
2026-07-30,133690,173865.0
2026-07-30,139270,16025.0
2026-07-30,140950,68890.0
2026-07-30,143860,33760.0
2026-07-30,148020,88345.0
2026-07-30,152100,89055.0
2026-07-30,152870,88350.0
2026-07-30,153270,68270.0
2026-07-30,159800,69750.0
2026-07-30,166400,19157.0
2026-07-30,168580,35380.0
2026-07-30,192090,12850.0
2026-07-30,192720,56065.0
2026-07-30,211560,32970.0
2026-07-30,211900,26760.0
2026-07-30,226490,57455.0
2026-07-30,226980,19185.0
2026-07-30,227830,57590.0
2026-07-30,228820,15425.0
2026-07-30,229200,10605.0
2026-07-30,229720,30560.0
2026-07-30,232080,10830.0
2026-07-30,237350,70360.0
2026-07-30,238720,44950.0
2026-07-30,241180,32770.0
2026-07-30,245360,13085.0
2026-07-30,250730,10230.0
2026-07-30,251350,38910.0
2026-07-30,252000,17435.0
2026-07-30,252650,16465.0
2026-07-30,266370,49495.0
2026-07-30,266420,15265.0
2026-07-30,269540,28915.0
2026-07-30,270810,10545.0
2026-07-30,277630,58205.0
2026-07-30,277640,30650.0
2026-07-30,277650,17960.0
2026-07-30,278530,31775.0
2026-07-30,278540,31300.0
2026-07-30,283580,15715.0
2026-07-30,284980,21050.0
2026-07-30,292050,39515.0
2026-07-30,292160,38910.0
2026-07-30,292190,38500.0
2026-07-30,292500,39365.0
2026-07-30,293180,87795.0
2026-07-30,294400,115180.0
2026-07-30,295040,32905.0
2026-07-30,301400,10630.0
2026-07-30,302450,57770.0
2026-07-30,304760,37775.0
2026-07-30,304770,10595.0
2026-07-30,304940,30050.0
2026-07-30,305050,57950.0
2026-07-30,310080,9475.0
2026-07-30,310960,51210.0
2026-07-30,310970,39060.0
2026-07-30,316670,5290.0
2026-07-30,328370,31715.0
2026-07-30,332500,58935.0
2026-07-30,332930,114900.0
2026-07-30,332940,38545.0
2026-07-30,337140,29350.0
2026-07-30,354500,10760.0
2026-07-30,359210,29230.0
2026-07-30,360200,26390.0
2026-07-30,360750,26110.0
2026-07-30,361580,49900.0
2026-07-30,364690,31180.0
2026-07-30,364960,6060.0
2026-07-30,364970,6650.0
2026-07-30,365040,29400.0
2026-07-30,367380,29890.0
2026-07-30,368190,7090.0
2026-07-30,368590,28995.0
2026-07-30,368680,7165.0
2026-07-30,371150,7365.0
2026-07-30,371160,7575.0
2026-07-30,371870,7445.0
2026-07-30,372330,7560.0
2026-07-30,375760,19940.0
2026-07-30,375770,19990.0
2026-07-30,376410,19755.0
2026-07-30,379780,22805.0
2026-07-30,379800,23730.0
2026-07-30,379810,25990.0
2026-07-30,381170,29730.0
2026-07-30,385710,9685.0
2026-07-30,385720,20725.0
2026-07-30,387270,21975.0
2026-07-30,391670,23430.0
2026-07-30,402970,15644.0
2026-07-30,403790,47550.0
2026-07-30,404120,19340.0
2026-07-30,404260,18560.0
2026-07-30,404540,18755.0
2026-07-30,404650,18645.0
2026-07-30,407310,14280.0
2026-07-30,407830,13125.0
2026-07-30,411540,14545.0
2026-07-30,426020,31400.0
2026-07-30,426030,40960.0
2026-07-30,429760,19425.0
2026-07-30,432840,19645.0
2026-07-30,433220,27815.0
2026-07-30,433250,19090.0
2026-07-30,433330,21795.0
2026-07-30,434960,88275.0
2026-07-30,438740,28020.0
2026-07-30,441640,12593.0
2026-07-30,441800,25322.0
2026-07-30,442260,30405.0
2026-07-30,444490,20030.0
2026-07-30,446720,14084.0
2026-07-30,448100,90254.0
2026-07-30,448290,16980.0
2026-07-30,448300,21265.0
2026-07-30,448570,25320.0
2026-07-30,449180,16360.0
2026-07-30,449190,20590.0
2026-07-30,449770,20895.0
2026-07-30,449780,17865.0
2026-07-30,450910,10345.0
2026-07-30,451060,27950.0
2026-07-30,451150,18285.0
2026-07-30,452360,13225.0
2026-07-30,453080,21280.0
2026-07-30,453330,17325.0
2026-07-30,453810,12175.0
2026-07-30,453870,12095.0
2026-07-30,458730,15364.0
2026-07-30,461450,11905.0
2026-07-30,461580,12175.0
2026-07-30,462340,16645.0
2026-07-30,463050,10650.0
2026-07-30,463300,13470.0
2026-07-30,469050,28190.0
2026-07-30,469060,32195.0
2026-07-30,471780,25515.0
2026-07-30,472150,16323.0
2026-07-30,472160,17465.0
2026-07-30,472720,21950.0
2026-07-30,472840,86670.0
2026-07-30,474920,19115.0
2026-07-30,476030,16480.0
2026-07-30,476850,17788.0
2026-07-30,477490,18735.0
2026-07-30,489250,13244.0
2026-07-30,491220,104245.0
2026-07-30,491700,88400.0
2026-07-30,494890,25235.0
2026-07-30,495040,26760.0
2026-07-30,495050,27448.0
2026-07-30,495060,24220.0
2026-07-30,495230,25406.0
2026-07-30,495330,26871.0
2026-07-30,495750,26980.0
2026-07-30,495850,27071.0
2026-07-30,496080,27268.0
2026-07-30,496090,27100.0
2026-07-30,496120,28075.0
2026-07-30,496130,21410.0
2026-07-30,498400,16710.0
2026-07-31,0000Z0,7980.0
2026-07-31,0007N0,104910.0
2026-07-31,0026S0,12955.0
2026-07-31,0041E0,16165.0
2026-07-31,0053M0,12055.0
2026-07-31,0069M0,13445.0
2026-07-31,0098Z0,91090.0
2026-07-31,0112X0,39280.0
2026-07-31,0144L0,9534.0
2026-07-31,0162Y0,6255.0
2026-07-31,0163Y0,8000.0
2026-07-31,0166N0,6380.0
2026-07-31,0167B0,11416.0
2026-07-31,0191B0,25000.0
2026-07-31,0191S0,12255.0
2026-07-31,0193G0,8270.0
2026-07-31,0204S0,5780.0
2026-07-31,0208N0,7260.0
2026-07-31,0214M0,9755.0
2026-07-31,0219E0,8234.0
2026-07-31,0220B0,9030.0
2026-07-31,0222D0,9959.0
2026-07-31,069500,108820.0
2026-07-31,069660,108675.0
2026-07-31,091160,120830.0
2026-07-31,091170,15606.0
2026-07-31,091220,16200.0
2026-07-31,091230,127300.0
2026-07-31,099140,22505.0
2026-07-31,102110,109520.0
2026-07-31,105190,106000.0
2026-07-31,108590,104010.0
2026-07-31,133690,179850.0
2026-07-31,139270,16545.0
2026-07-31,140950,82985.0
2026-07-31,143860,34800.0
2026-07-31,148020,109800.0
2026-07-31,152100,109725.0
2026-07-31,152870,104840.0
2026-07-31,153270,82000.0
2026-07-31,159800,83690.0
2026-07-31,166400,22325.0
2026-07-31,168580,35550.0
2026-07-31,192090,12900.0
2026-07-31,192720,57145.0
2026-07-31,211560,34245.0
2026-07-31,211900,27432.0
2026-07-31,226490,67850.0
2026-07-31,226980,20215.0
2026-07-31,227830,68720.0
2026-07-31,228820,18170.0
2026-07-31,229200,12100.0
2026-07-31,229720,35630.0
2026-07-31,232080,12285.0
2026-07-31,237350,85220.0
2026-07-31,238720,46830.0
2026-07-31,241180,34825.0
2026-07-31,245360,12840.0
2026-07-31,250730,10000.0
2026-07-31,251350,39520.0
2026-07-31,252000,18025.0
2026-07-31,252650,17215.0
2026-07-31,266370,62695.0
2026-07-31,266420,15775.0
2026-07-31,269540,29490.0
2026-07-31,270810,11970.0
2026-07-31,277630,68885.0
2026-07-31,277640,37430.0
2026-07-31,277650,18820.0
2026-07-31,278530,38810.0
2026-07-31,278540,38070.0
2026-07-31,283580,15665.0
2026-07-31,284980,21955.0
2026-07-31,292050,49080.0
2026-07-31,292160,46630.0
2026-07-31,292190,47000.0
2026-07-31,292500,48775.0
2026-07-31,293180,104615.0
2026-07-31,294400,142690.0
2026-07-31,295040,40240.0
2026-07-31,301400,12320.0
2026-07-31,302450,68405.0
2026-07-31,304760,46920.0
2026-07-31,304770,12100.0
2026-07-31,304940,31355.0
2026-07-31,305050,68585.0
2026-07-31,310080,9465.0
2026-07-31,310960,61510.0
2026-07-31,310970,47300.0
2026-07-31,316670,6010.0
2026-07-31,328370,37080.0
2026-07-31,332500,73150.0
2026-07-31,332930,140000.0
2026-07-31,332940,47280.0
2026-07-31,337140,35505.0
2026-07-31,354500,12220.0
2026-07-31,359210,34500.0
2026-07-31,360200,26710.0
2026-07-31,360750,26545.0
2026-07-31,361580,59745.0
2026-07-31,364690,37100.0
2026-07-31,364960,6245.0
2026-07-31,364970,6755.0
2026-07-31,365040,34680.0
2026-07-31,367380,30885.0
2026-07-31,368190,7350.0
2026-07-31,368590,29955.0
2026-07-31,368680,7465.0
2026-07-31,371150,7345.0
2026-07-31,371160,7505.0
2026-07-31,371870,7335.0
2026-07-31,372330,7485.0
2026-07-31,375760,23945.0
2026-07-31,375770,23755.0
2026-07-31,376410,23445.0
2026-07-31,379780,23130.0
2026-07-31,379800,24030.0
2026-07-31,379810,26875.0
2026-07-31,381170,30515.0
2026-07-31,385710,10125.0
2026-07-31,385720,25585.0
2026-07-31,387270,24690.0
2026-07-31,391670,27000.0
2026-07-31,402970,15385.0
2026-07-31,403790,57640.0
2026-07-31,404120,21875.0
2026-07-31,404260,20980.0
2026-07-31,404540,21360.0
2026-07-31,404650,20980.0
2026-07-31,407310,16300.0
2026-07-31,407830,13480.0
2026-07-31,411540,16500.0
2026-07-31,426020,32320.0
2026-07-31,426030,45735.0
2026-07-31,429760,19680.0
2026-07-31,432840,19874.0
2026-07-31,433220,29450.0
2026-07-31,433250,22440.0
2026-07-31,433330,22064.0
2026-07-31,434960,105035.0
2026-07-31,438740,30595.0
2026-07-31,441640,12727.0
2026-07-31,441800,28307.0
2026-07-31,442260,36640.0
2026-07-31,444490,20265.0
2026-07-31,446720,13860.0
2026-07-31,448100,107218.0
2026-07-31,448290,17330.0
2026-07-31,448300,22165.0
2026-07-31,448570,29760.0
2026-07-31,449180,16700.0
2026-07-31,449190,21440.0
2026-07-31,449770,21150.0
2026-07-31,449780,18225.0
2026-07-31,450910,11795.0
2026-07-31,451060,33760.0
2026-07-31,451150,17985.0
2026-07-31,452360,13136.0
2026-07-31,453080,22180.0
2026-07-31,453330,17675.0
2026-07-31,453810,12270.0
2026-07-31,453870,12070.0
2026-07-31,458730,15135.0
2026-07-31,461450,13250.0
2026-07-31,461580,13600.0
2026-07-31,462340,16455.0
2026-07-31,463050,11490.0
2026-07-31,463300,13680.0
2026-07-31,469050,31830.0
2026-07-31,469060,35935.0
2026-07-31,471780,32510.0
2026-07-31,472150,19794.0
2026-07-31,472160,18095.0
2026-07-31,472720,24705.0
2026-07-31,472840,104465.0
2026-07-31,474920,19200.0
2026-07-31,476030,17025.0
2026-07-31,476850,21236.0
2026-07-31,477490,19165.0
2026-07-31,489250,13040.0
2026-07-31,491220,125500.0
2026-07-31,491700,104750.0
2026-07-31,494890,30435.0
2026-07-31,495040,31064.0
2026-07-31,495050,31569.0
2026-07-31,495060,28365.0
2026-07-31,495230,29722.0
2026-07-31,495330,31006.0
2026-07-31,495750,31965.0
2026-07-31,495850,31380.0
2026-07-31,496080,31400.0
2026-07-31,496090,31175.0
2026-07-31,496120,32600.0
2026-07-31,496130,25260.0
2026-07-31,498400,20024.0
2026-08-03,0000Z0,8505.0
2026-08-03,0007N0,99250.0
2026-08-03,0026S0,13050.0
2026-08-03,0041E0,16290.0
2026-08-03,0053M0,12010.0
2026-08-03,0069M0,13495.0
2026-08-03,0098Z0,85270.0
2026-08-03,0112X0,37255.0
2026-08-03,0144L0,9564.0
2026-08-03,0162Y0,6400.0
2026-08-03,0163Y0,7810.0
2026-08-03,0166N0,6420.0
2026-08-03,0167B0,10741.0
2026-08-03,0191B0,25360.0
2026-08-03,0191S0,12610.0
2026-08-03,0193G0,7685.0
2026-08-03,0204S0,5900.0
2026-08-03,0208N0,6880.0
2026-08-03,0214M0,10055.0
2026-08-03,0219E0,7641.0
2026-08-03,0220B0,8845.0
2026-08-03,0222D0,9844.0
2026-08-03,069500,99105.0
2026-08-03,069660,98935.0
2026-08-03,091160,111905.0
2026-08-03,091170,15696.0
2026-08-03,091220,16220.0
2026-08-03,091230,118485.0
2026-08-03,099140,22460.0
2026-08-03,102110,99360.0
2026-08-03,105190,99305.0
2026-08-03,108590,98685.0
2026-08-03,133690,180335.0
2026-08-03,139270,16375.0
2026-08-03,140950,78050.0
2026-08-03,143860,35245.0
2026-08-03,148020,99975.0
2026-08-03,152100,100455.0
2026-08-03,152870,100080.0
2026-08-03,153270,76150.0
2026-08-03,159800,78610.0
2026-08-03,166400,21304.0
2026-08-03,168580,34800.0
2026-08-03,192090,12645.0
2026-08-03,192720,55930.0
2026-08-03,211560,34180.0
2026-08-03,211900,27105.0
2026-08-03,226490,64095.0
2026-08-03,226980,20180.0
2026-08-03,227830,64305.0
2026-08-03,228820,16935.0
2026-08-03,229200,12470.0
2026-08-03,229720,33830.0
2026-08-03,232080,12705.0
2026-08-03,237350,79205.0
2026-08-03,238720,46400.0
2026-08-03,241180,35005.0
2026-08-03,245360,13060.0
2026-08-03,250730,10055.0
2026-08-03,251350,39785.0
2026-08-03,252000,17760.0
2026-08-03,252650,17145.0
2026-08-03,266370,58595.0
2026-08-03,266420,15990.0
2026-08-03,269540,29610.0
2026-08-03,270810,12395.0
2026-08-03,277630,65310.0
2026-08-03,277640,34200.0
2026-08-03,277650,18910.0
2026-08-03,278530,35930.0
2026-08-03,278540,35365.0
2026-08-03,283580,15500.0
2026-08-03,284980,21760.0
2026-08-03,292050,44605.0
2026-08-03,292160,43740.0
2026-08-03,292190,43620.0
2026-08-03,292500,44575.0
2026-08-03,293180,99470.0
2026-08-03,294400,130515.0
2026-08-03,295040,37215.0
2026-08-03,301400,12435.0
2026-08-03,302450,64905.0
2026-08-03,304760,42695.0
2026-08-03,304770,12460.0
2026-08-03,304940,31395.0
2026-08-03,305050,64785.0
2026-08-03,310080,9595.0
2026-08-03,310960,57965.0
2026-08-03,310970,44415.0
2026-08-03,316670,6230.0
2026-08-03,328370,35000.0
2026-08-03,332500,66565.0
2026-08-03,332930,130055.0
2026-08-03,332940,44390.0
2026-08-03,337140,33050.0
2026-08-03,354500,12595.0
2026-08-03,359210,32460.0
2026-08-03,360200,26980.0
2026-08-03,360750,26700.0
2026-08-03,361580,56330.0
2026-08-03,364690,34955.0
2026-08-03,364960,6125.0
2026-08-03,364970,6740.0
2026-08-03,365040,32890.0
2026-08-03,367380,30985.0
2026-08-03,368190,7285.0
2026-08-03,368590,30080.0
2026-08-03,368680,7255.0
2026-08-03,371150,7420.0
2026-08-03,371160,7600.0
2026-08-03,371870,7445.0
2026-08-03,372330,7545.0
2026-08-03,375760,22265.0
2026-08-03,375770,22375.0
2026-08-03,376410,22225.0
2026-08-03,379780,23335.0
2026-08-03,379800,24265.0
2026-08-03,379810,26965.0
2026-08-03,381170,31155.0
2026-08-03,385710,9895.0
2026-08-03,385720,23115.0
2026-08-03,387270,24070.0
2026-08-03,391670,25300.0
2026-08-03,402970,15410.0
2026-08-03,403790,52775.0
2026-08-03,404120,21350.0
2026-08-03,404260,20730.0
2026-08-03,404540,20690.0
2026-08-03,404650,20995.0
2026-08-03,407310,15530.0
2026-08-03,407830,13500.0
2026-08-03,411540,15865.0
2026-08-03,426020,32400.0
2026-08-03,426030,44950.0
2026-08-03,429760,19875.0
2026-08-03,432840,20034.0
2026-08-03,433220,29820.0
2026-08-03,433250,21530.0
2026-08-03,433330,22284.0
2026-08-03,434960,99745.0
2026-08-03,438740,30435.0
2026-08-03,441640,12771.0
2026-08-03,441800,27153.0
2026-08-03,442260,34410.0
2026-08-03,444490,20465.0
2026-08-03,446720,13890.0
2026-08-03,448100,101911.0
2026-08-03,448290,17450.0
2026-08-03,448300,22170.0
2026-08-03,448570,27870.0
2026-08-03,449180,16815.0
2026-08-03,449190,21460.0
2026-08-03,449770,21370.0
2026-08-03,449780,18340.0
2026-08-03,450910,12085.0
2026-08-03,451060,31710.0
2026-08-03,451150,17905.0
2026-08-03,452360,13126.0
2026-08-03,453080,22195.0
2026-08-03,453330,17810.0
2026-08-03,453810,12400.0
2026-08-03,453870,12190.0
2026-08-03,458730,15140.0
2026-08-03,461450,13405.0
2026-08-03,461580,13610.0
2026-08-03,462340,16400.0
2026-08-03,463050,11800.0
2026-08-03,463300,13260.0
2026-08-03,469050,30830.0
2026-08-03,469060,35095.0
2026-08-03,471780,31040.0
2026-08-03,472150,18559.0
2026-08-03,472160,18365.0
2026-08-03,472720,24280.0
2026-08-03,472840,98565.0
2026-08-03,474920,19180.0
2026-08-03,476030,17095.0
2026-08-03,476850,19858.0
2026-08-03,477490,19445.0
2026-08-03,489250,13040.0
2026-08-03,491220,116655.0
2026-08-03,491700,99380.0
2026-08-03,494890,28650.0
2026-08-03,495040,29591.0
2026-08-03,495050,30151.0
2026-08-03,495060,26705.0
2026-08-03,495230,28605.0
2026-08-03,495330,29802.0
2026-08-03,495750,29860.0
2026-08-03,495850,29967.0
2026-08-03,496080,29986.0
2026-08-03,496090,30165.0
2026-08-03,496120,30955.0
2026-08-03,496130,23760.0
2026-08-03,498400,18845.0
2026-08-04,0000Z0,9290.0
2026-08-04,0007N0,101090.0
2026-08-04,0026S0,13230.0
2026-08-04,0041E0,16610.0
2026-08-04,0053M0,12665.0
2026-08-04,0069M0,13735.0
2026-08-04,0098Z0,85160.0
2026-08-04,0112X0,37925.0
2026-08-04,0144L0,9757.0
2026-08-04,0162Y0,6895.0
2026-08-04,0163Y0,8260.0
2026-08-04,0166N0,6985.0
2026-08-04,0167B0,10859.0
2026-08-04,0191B0,27305.0
2026-08-04,0191S0,13445.0
2026-08-04,0193G0,7835.0
2026-08-04,0204S0,6285.0
2026-08-04,0208N0,6980.0
2026-08-04,0214M0,11030.0
2026-08-04,0219E0,7749.0
2026-08-04,0219Z0,10450.0
2026-08-04,0220B0,9245.0
2026-08-04,0222D0,9983.0
2026-08-04,069500,100330.0
2026-08-04,069660,100350.0
2026-08-04,091160,114485.0
2026-08-04,091170,15666.0
2026-08-04,091220,16285.0
2026-08-04,091230,120120.0
2026-08-04,099140,22390.0
2026-08-04,102110,100435.0
2026-08-04,105190,100560.0
2026-08-04,108590,100125.0
2026-08-04,133690,183570.0
2026-08-04,139270,16260.0
2026-08-04,140950,79095.0
2026-08-04,143860,37300.0
2026-08-04,148020,101185.0
2026-08-04,152100,101880.0
2026-08-04,152870,101385.0
2026-08-04,153270,77550.0
2026-08-04,159800,79920.0
2026-08-04,166400,21578.0
2026-08-04,168580,35470.0
2026-08-04,192090,12860.0
2026-08-04,192720,57050.0
2026-08-04,211560,34640.0
2026-08-04,211900,27590.0
2026-08-04,226490,65225.0
2026-08-04,226980,21055.0
2026-08-04,227830,65570.0
2026-08-04,228820,17460.0
2026-08-04,229200,13330.0
2026-08-04,229720,34405.0
2026-08-04,232080,13580.0
2026-08-04,237350,80170.0
2026-08-04,238720,46650.0
2026-08-04,241180,35015.0
2026-08-04,245360,12925.0
2026-08-04,250730,9995.0
2026-08-04,251350,40255.0
2026-08-04,252000,18550.0
2026-08-04,252650,17715.0
2026-08-04,266370,60155.0
2026-08-04,266420,16950.0
2026-08-04,269540,29945.0
2026-08-04,270810,13235.0
2026-08-04,277630,66400.0
2026-08-04,277640,34700.0
2026-08-04,277650,19660.0
2026-08-04,278530,36365.0
2026-08-04,278540,35775.0
2026-08-04,283580,15755.0
2026-08-04,284980,21645.0
2026-08-04,292050,45660.0
2026-08-04,292160,44425.0
2026-08-04,292190,44365.0
2026-08-04,292500,44440.0
2026-08-04,293180,100565.0
2026-08-04,294400,131835.0
2026-08-04,295040,37645.0
2026-08-04,301400,13415.0
2026-08-04,302450,65805.0
2026-08-04,304760,43855.0
2026-08-04,304770,13325.0
2026-08-04,304940,31875.0
2026-08-04,305050,66280.0
2026-08-04,310080,9605.0
2026-08-04,310960,58670.0
2026-08-04,310970,44940.0
2026-08-04,316670,6640.0
2026-08-04,328370,35650.0
2026-08-04,332500,67505.0
2026-08-04,332930,131880.0
2026-08-04,332940,44870.0
2026-08-04,337140,33700.0
2026-08-04,354500,13440.0
2026-08-04,359210,32900.0
2026-08-04,360200,27340.0
2026-08-04,360750,27125.0
2026-08-04,361580,57080.0
2026-08-04,364690,35820.0
2026-08-04,364960,6405.0
2026-08-04,364970,7095.0
2026-08-04,365040,33540.0
2026-08-04,367380,31550.0
2026-08-04,368190,7590.0
2026-08-04,368590,30600.0
2026-08-04,368680,7595.0
2026-08-04,371150,7405.0
2026-08-04,371160,7630.0
2026-08-04,371870,7455.0
2026-08-04,372330,7605.0
2026-08-04,375760,22755.0
2026-08-04,375770,23060.0
2026-08-04,376410,22670.0
2026-08-04,379780,23640.0
2026-08-04,379800,24595.0
2026-08-04,379810,27445.0
2026-08-04,381170,31875.0
2026-08-04,385710,10550.0
2026-08-04,385720,23640.0
2026-08-04,387270,24625.0
2026-08-04,391670,25910.0
2026-08-04,402970,15505.0
2026-08-04,403790,53940.0
2026-08-04,404120,22365.0
2026-08-04,404260,21200.0
2026-08-04,404540,21350.0
2026-08-04,404650,21305.0
2026-08-04,407310,16045.0
2026-08-04,407830,13905.0
2026-08-04,411540,16365.0
2026-08-04,426020,32805.0
2026-08-04,426030,46580.0
2026-08-04,429760,20130.0
2026-08-04,432840,20329.0
2026-08-04,433220,30500.0
2026-08-04,433250,22055.0
2026-08-04,433330,22579.0
2026-08-04,434960,101150.0
2026-08-04,438740,31825.0
2026-08-04,441640,12900.0
2026-08-04,441800,27233.0
2026-08-04,442260,35105.0
2026-08-04,444490,20745.0
2026-08-04,446720,13970.0
2026-08-04,448100,103176.0
2026-08-04,448290,17650.0
2026-08-04,448300,22525.0
2026-08-04,448570,28200.0
2026-08-04,449180,17005.0
2026-08-04,449190,21795.0
2026-08-04,449770,21635.0
2026-08-04,449780,18535.0
2026-08-04,450910,13020.0
2026-08-04,451060,32150.0
2026-08-04,451150,18165.0
2026-08-04,452360,13170.0
2026-08-04,453080,22520.0
2026-08-04,453330,18020.0
2026-08-04,453810,12390.0
2026-08-04,453870,12200.0
2026-08-04,458730,15220.0
2026-08-04,461450,14425.0
2026-08-04,461580,14700.0
2026-08-04,462340,16550.0
2026-08-04,463050,12910.0
2026-08-04,463300,13740.0
2026-08-04,469050,31120.0
2026-08-04,469060,35350.0
2026-08-04,471780,31685.0
2026-08-04,472150,18804.0
2026-08-04,472160,18770.0
2026-08-04,472720,24570.0
2026-08-04,472840,99505.0
2026-08-04,474920,19475.0
2026-08-04,476030,17395.0
2026-08-04,476850,20151.0
2026-08-04,477490,19575.0
2026-08-04,489250,13125.0
2026-08-04,491220,119900.0
2026-08-04,491700,101285.0
2026-08-04,494890,28900.0
2026-08-04,495040,29881.0
2026-08-04,495050,30660.0
2026-08-04,495060,27300.0
2026-08-04,495230,28874.0
2026-08-04,495330,30292.0
2026-08-04,495750,30520.0
2026-08-04,495850,30462.0
2026-08-04,496080,30606.0
2026-08-04,496090,30340.0
2026-08-04,496120,31610.0
2026-08-04,496130,23940.0
2026-08-04,498400,19033.0
2026-08-05,0000Z0,9285.0
2026-08-05,0007N0,104950.0
2026-08-05,0026S0,13415.0
2026-08-05,0041E0,16940.0
2026-08-05,0053M0,13050.0
2026-08-05,0069M0,14060.0
2026-08-05,0098Z0,89635.0
2026-08-05,0112X0,39055.0
2026-08-05,0144L0,9920.0
2026-08-05,0162Y0,7135.0
2026-08-05,0163Y0,8540.0
2026-08-05,0166N0,7175.0
2026-08-05,0167B0,11327.0
2026-08-05,0191B0,28020.0
2026-08-05,0191S0,13660.0
2026-08-05,0193G0,8160.0
2026-08-05,0204S0,6545.0
2026-08-05,0208N0,7275.0
2026-08-05,0214M0,11130.0
2026-08-05,0219E0,8082.0
2026-08-05,0219Z0,10940.0
2026-08-05,0220B0,9665.0
2026-08-05,0222D0,10097.0
2026-08-05,069500,104300.0
2026-08-05,069660,104295.0
2026-08-05,091160,119410.0
2026-08-05,091170,15741.0
2026-08-05,091220,16430.0
2026-08-05,091230,125000.0
2026-08-05,099140,22350.0
2026-08-05,102110,104625.0
2026-08-05,105190,104595.0
2026-08-05,108590,104050.0
2026-08-05,133690,188030.0
2026-08-05,139270,16590.0
2026-08-05,140950,82140.0
2026-08-05,143860,37830.0
2026-08-05,148020,105150.0
2026-08-05,152100,105995.0
2026-08-05,152870,105275.0
2026-08-05,153270,80910.0
2026-08-05,159800,83080.0
2026-08-05,166400,22419.0
2026-08-05,168580,35915.0
2026-08-05,192090,12930.0
2026-08-05,192720,57260.0
2026-08-05,211560,35000.0
2026-08-05,211900,27940.0
2026-08-05,226490,68060.0
2026-08-05,226980,21630.0
2026-08-05,227830,68320.0
2026-08-05,228820,18095.0
2026-08-05,229200,13545.0
2026-08-05,229720,35895.0
2026-08-05,232080,13795.0
2026-08-05,237350,83765.0
2026-08-05,238720,48355.0
2026-08-05,241180,35970.0
2026-08-05,245360,12900.0
2026-08-05,250730,10160.0
2026-08-05,251350,40610.0
2026-08-05,252000,18900.0
2026-08-05,252650,18060.0
2026-08-05,266370,63800.0
2026-08-05,266420,17155.0
2026-08-05,269540,30525.0
2026-08-05,270810,13450.0
2026-08-05,277630,68865.0
2026-08-05,277640,36285.0
2026-08-05,277650,20180.0
2026-08-05,278530,37775.0
2026-08-05,278540,37190.0
2026-08-05,283580,15840.0
2026-08-05,284980,21990.0
2026-08-05,292050,47450.0
2026-08-05,292160,46435.0
2026-08-05,292190,45870.0
2026-08-05,292500,47275.0
2026-08-05,293180,104635.0
2026-08-05,294400,137000.0
2026-08-05,295040,39105.0
2026-08-05,301400,13610.0
2026-08-05,302450,68605.0
2026-08-05,304760,45080.0
2026-08-05,304770,13520.0
2026-08-05,304940,32830.0
2026-08-05,305050,68790.0
2026-08-05,310080,9720.0
2026-08-05,310960,60900.0
2026-08-05,310970,46705.0
2026-08-05,316670,6745.0
2026-08-05,328370,37155.0
2026-08-05,332500,70215.0
2026-08-05,332930,136820.0
2026-08-05,332940,46180.0
2026-08-05,337140,34980.0
2026-08-05,354500,13620.0
2026-08-05,359210,34235.0
2026-08-05,360200,27700.0
2026-08-05,360750,27405.0
2026-08-05,361580,59350.0
2026-08-05,364690,37680.0
2026-08-05,364960,6410.0
2026-08-05,364970,7265.0
2026-08-05,365040,34930.0
2026-08-05,367380,32300.0
2026-08-05,368190,7735.0
2026-08-05,368590,31325.0
2026-08-05,368680,7770.0
2026-08-05,371150,7455.0
2026-08-05,371160,7655.0
2026-08-05,371870,7515.0
2026-08-05,372330,7655.0
2026-08-05,375760,23320.0
2026-08-05,375770,23745.0
2026-08-05,376410,23575.0
2026-08-05,379780,23960.0
2026-08-05,379800,24925.0
2026-08-05,379810,28090.0
2026-08-05,381170,32390.0
2026-08-05,385710,10685.0
2026-08-05,385720,24490.0
2026-08-05,387270,25510.0
2026-08-05,391670,26900.0
2026-08-05,402970,15560.0
2026-08-05,403790,55730.0
2026-08-05,404120,23845.0
2026-08-05,404260,22440.0
2026-08-05,404540,22555.0
2026-08-05,404650,22430.0
2026-08-05,407310,16565.0
2026-08-05,407830,14355.0
2026-08-05,411540,16920.0
2026-08-05,426020,33285.0
2026-08-05,426030,48415.0
2026-08-05,429760,20405.0
2026-08-05,432840,20614.0
2026-08-05,433220,31480.0
2026-08-05,433250,22895.0
2026-08-05,433330,22879.0
2026-08-05,434960,105080.0
2026-08-05,438740,32740.0
2026-08-05,441640,13074.0
2026-08-05,441800,28073.0
2026-08-05,442260,36505.0
2026-08-05,444490,21025.0
2026-08-05,446720,14015.0
2026-08-05,448100,107233.0
2026-08-05,448290,17990.0
2026-08-05,448300,23185.0
2026-08-05,448570,29270.0
2026-08-05,449180,17330.0
2026-08-05,449190,22440.0
2026-08-05,449770,21945.0
2026-08-05,449780,18915.0
2026-08-05,450910,13220.0
2026-08-05,451060,33420.0
2026-08-05,451150,18315.0
2026-08-05,452360,13305.0
2026-08-05,453080,23200.0
2026-08-05,453330,18359.0
2026-08-05,453810,12380.0
2026-08-05,453870,12180.0
2026-08-05,458730,15290.0
2026-08-05,461450,14675.0
2026-08-05,461580,14915.0
2026-08-05,462340,16615.0
2026-08-05,463050,13010.0
2026-08-05,463300,13740.0
2026-08-05,469050,32875.0
2026-08-05,469060,37260.0
2026-08-05,471780,33170.0
2026-08-05,472150,19603.0
2026-08-05,472160,19130.0
2026-08-05,472720,25555.0
2026-08-05,472840,103935.0
2026-08-05,474920,19615.0
2026-08-05,476030,17805.0
2026-08-05,476850,20898.0
2026-08-05,477490,19965.0
2026-08-05,489250,13185.0
2026-08-05,491220,124045.0
2026-08-05,491700,106025.0
2026-08-05,494890,30075.0
2026-08-05,495040,31314.0
2026-08-05,495050,31759.0
2026-08-05,495060,28360.0
2026-08-05,495230,30072.0
2026-08-05,495330,31211.0
2026-08-05,495750,31330.0
2026-08-05,495850,31505.0
2026-08-05,496080,31605.0
2026-08-05,496090,31340.0
2026-08-05,496120,32830.0
2026-08-05,496130,24895.0
2026-08-05,498400,19763.0
2026-08-06,0000Z0,9590.0
2026-08-06,0007N0,99455.0
2026-08-06,0026S0,13340.0
2026-08-06,0041E0,16790.0
2026-08-06,0053M0,13240.0
2026-08-06,0069M0,13865.0
2026-08-06,0098Z0,84500.0
2026-08-06,0112X0,36925.0
2026-08-06,0144L0,9836.0
2026-08-06,0162Y0,7075.0
2026-08-06,0163Y0,8500.0
2026-08-06,0166N0,6990.0
2026-08-06,0167B0,10716.0
2026-08-06,0191B0,27970.0
2026-08-06,0191S0,13715.0
2026-08-06,0193G0,7760.0
2026-08-06,0204S0,6590.0
2026-08-06,0208N0,6805.0
2026-08-06,0214M0,11390.0
2026-08-06,0219E0,7597.0
2026-08-06,0219Z0,10500.0
2026-08-06,0220B0,9515.0
2026-08-06,0222D0,10281.0
2026-08-06,069500,98900.0
2026-08-06,069660,98840.0
2026-08-06,091160,111045.0
2026-08-06,091170,16114.0
2026-08-06,091220,16750.0
2026-08-06,091230,116950.0
2026-08-06,099140,22180.0
2026-08-06,102110,99045.0
2026-08-06,105190,99200.0
2026-08-06,108590,98715.0
2026-08-06,133690,185245.0
2026-08-06,139270,16800.0
2026-08-06,140950,78050.0
2026-08-06,143860,38875.0
2026-08-06,148020,99700.0
2026-08-06,152100,100520.0
2026-08-06,152870,99975.0
2026-08-06,153270,76115.0
2026-08-06,159800,78150.0
2026-08-06,166400,21294.0
2026-08-06,168580,35400.0
2026-08-06,192090,12880.0
2026-08-06,192720,58470.0
2026-08-06,211560,35245.0
2026-08-06,211900,28139.0
2026-08-06,226490,64445.0
2026-08-06,226980,21900.0
2026-08-06,227830,64905.0
2026-08-06,228820,17445.0
2026-08-06,229200,13580.0
2026-08-06,229720,34565.0
2026-08-06,232080,13855.0
2026-08-06,237350,78605.0
2026-08-06,238720,47985.0
2026-08-06,241180,35675.0
2026-08-06,245360,12690.0
2026-08-06,250730,9955.0
2026-08-06,251350,40475.0
2026-08-06,252000,19095.0
2026-08-06,252650,18360.0
2026-08-06,266370,58775.0
2026-08-06,266420,17510.0
2026-08-06,269540,30320.0
2026-08-06,270810,13510.0
2026-08-06,277630,65350.0
2026-08-06,277640,34200.0
2026-08-06,277650,20380.0
2026-08-06,278530,35845.0
2026-08-06,278540,35070.0
2026-08-06,283580,15770.0
2026-08-06,284980,22220.0
2026-08-06,292050,44905.0
2026-08-06,292160,43860.0
2026-08-06,292190,43555.0
2026-08-06,292500,44690.0
2026-08-06,293180,99185.0
2026-08-06,294400,130035.0
2026-08-06,295040,37130.0
2026-08-06,301400,13730.0
2026-08-06,302450,65070.0
2026-08-06,304760,43235.0
2026-08-06,304770,13540.0
2026-08-06,304940,32390.0
2026-08-06,305050,65605.0
2026-08-06,310080,9555.0
2026-08-06,310960,57970.0
2026-08-06,310970,44035.0
2026-08-06,316670,6775.0
2026-08-06,328370,35255.0
2026-08-06,332500,66580.0
2026-08-06,332930,130025.0
2026-08-06,332940,43955.0
2026-08-06,337140,33340.0
2026-08-06,354500,13720.0
2026-08-06,359210,32815.0
2026-08-06,360200,27575.0
2026-08-06,360750,27275.0
2026-08-06,361580,56265.0
2026-08-06,364690,35825.0
2026-08-06,364960,6500.0
2026-08-06,364970,7465.0
2026-08-06,365040,33270.0
2026-08-06,367380,31850.0
2026-08-06,368190,7730.0
2026-08-06,368590,30900.0
2026-08-06,368680,7735.0
2026-08-06,371150,7270.0
2026-08-06,371160,7485.0
2026-08-06,371870,7320.0
2026-08-06,372330,7485.0
2026-08-06,375760,22585.0
2026-08-06,375770,22695.0
2026-08-06,376410,22705.0
2026-08-06,379780,23850.0
2026-08-06,379800,24790.0
2026-08-06,379810,27695.0
2026-08-06,381170,32030.0
2026-08-06,385710,10660.0
2026-08-06,385720,23540.0
2026-08-06,387270,24405.0
2026-08-06,391670,25670.0
2026-08-06,402970,15505.0
2026-08-06,403790,53100.0
2026-08-06,404120,23085.0
2026-08-06,404260,22000.0
2026-08-06,404540,21965.0
2026-08-06,404650,21805.0
2026-08-06,407310,16460.0
2026-08-06,407830,14000.0
2026-08-06,411540,16685.0
2026-08-06,426020,32960.0
2026-08-06,426030,46270.0
2026-08-06,429760,20260.0
2026-08-06,432840,20444.0
2026-08-06,433220,30675.0
2026-08-06,433250,22125.0
2026-08-06,433330,22769.0
2026-08-06,434960,99700.0
2026-08-06,438740,32500.0
2026-08-06,441640,13034.0
2026-08-06,441800,27158.0
2026-08-06,442260,34020.0
2026-08-06,444490,20940.0
2026-08-06,446720,13940.0
2026-08-06,448100,101876.0
2026-08-06,448290,17905.0
2026-08-06,448300,22870.0
2026-08-06,448570,28220.0
2026-08-06,449180,17260.0
2026-08-06,449190,22130.0
2026-08-06,449770,21815.0
2026-08-06,449780,18840.0
2026-08-06,450910,13270.0
2026-08-06,451060,31710.0
2026-08-06,451150,18380.0
2026-08-06,452360,13245.0
2026-08-06,453080,22900.0
2026-08-06,453330,18289.0
2026-08-06,453810,12355.0
2026-08-06,453870,12165.0
2026-08-06,458730,15185.0
2026-08-06,461450,14875.0
2026-08-06,461580,15120.0
2026-08-06,462340,16945.0
2026-08-06,463050,13225.0
2026-08-06,463300,13650.0
2026-08-06,469050,31655.0
2026-08-06,469060,35920.0
2026-08-06,471780,31005.0
2026-08-06,472150,18422.0
2026-08-06,472160,18940.0
2026-08-06,472720,25130.0
2026-08-06,472840,98070.0
2026-08-06,474920,19480.0
2026-08-06,476030,17565.0
2026-08-06,476850,20062.0
2026-08-06,477490,19590.0
2026-08-06,489250,13090.0
2026-08-06,491220,116995.0
2026-08-06,491700,99150.0
2026-08-06,494890,28475.0
2026-08-06,495040,30085.0
2026-08-06,495050,30580.0
2026-08-06,495060,26965.0
2026-08-06,495230,28794.0
2026-08-06,495330,30202.0
2026-08-06,495750,30345.0
2026-08-06,495850,30367.0
2026-08-06,496080,30456.0
2026-08-06,496090,30210.0
2026-08-06,496120,31585.0
2026-08-06,496130,24225.0
2026-08-06,498400,18786.0
2026-08-07,0000Z0,9600.0
2026-08-07,0007N0,98770.0
2026-08-07,0026S0,13250.0
2026-08-07,0041E0,16655.0
2026-08-07,0053M0,13015.0
2026-08-07,0069M0,13820.0
2026-08-07,0098Z0,83985.0
2026-08-07,0112X0,36950.0
2026-08-07,0144L0,9821.0
2026-08-07,0162Y0,7030.0
2026-08-07,0163Y0,8410.0
2026-08-07,0166N0,6980.0
2026-08-07,0167B0,10696.0
2026-08-07,0191B0,27320.0
2026-08-07,0191S0,13670.0
2026-08-07,0193G0,7680.0
2026-08-07,0204S0,6530.0
2026-08-07,0208N0,6770.0
2026-08-07,0214M0,11500.0
2026-08-07,0219E0,7562.0
2026-08-07,0219Z0,10605.0
2026-08-07,0220B0,9305.0
2026-08-07,0222D0,10469.0
2026-08-07,069500,98090.0
2026-08-07,069660,98085.0
2026-08-07,091160,107750.0
2026-08-07,091170,16543.0
2026-08-07,091220,17285.0
2026-08-07,091230,114000.0
2026-08-07,099140,21990.0
2026-08-07,102110,98280.0
2026-08-07,105190,98380.0
2026-08-07,108590,97855.0
2026-08-07,133690,184660.0
2026-08-07,139270,16890.0
2026-08-07,140950,77120.0
2026-08-07,143860,39500.0
2026-08-07,148020,98845.0
2026-08-07,152100,99810.0
2026-08-07,152870,98975.0
2026-08-07,153270,75430.0
2026-08-07,159800,77690.0
2026-08-07,166400,21104.0
2026-08-07,168580,35820.0
2026-08-07,192090,12985.0
2026-08-07,192720,59450.0
2026-08-07,211560,35520.0
2026-08-07,211900,28319.0
2026-08-07,226490,64285.0
2026-08-07,226980,22270.0
2026-08-07,227830,64810.0
2026-08-07,228820,17465.0
2026-08-07,229200,13605.0
2026-08-07,229720,34330.0
2026-08-07,232080,13890.0
2026-08-07,237350,78345.0
2026-08-07,238720,47490.0
2026-08-07,241180,35435.0
2026-08-07,245360,12660.0
2026-08-07,250730,10050.0
2026-08-07,251350,40295.0
2026-08-07,252000,19345.0
2026-08-07,252650,18465.0
2026-08-07,266370,58500.0
2026-08-07,266420,17970.0
2026-08-07,269540,30250.0
2026-08-07,270810,13535.0
2026-08-07,277630,65220.0
2026-08-07,277640,34170.0
2026-08-07,277650,20420.0
2026-08-07,278530,35525.0
2026-08-07,278540,34715.0
2026-08-07,283580,15805.0
2026-08-07,284980,22480.0
2026-08-07,292050,44500.0
2026-08-07,292160,43475.0
2026-08-07,292190,43260.0
2026-08-07,292500,44220.0
2026-08-07,293180,98445.0
2026-08-07,294400,128860.0
2026-08-07,295040,36810.0
2026-08-07,301400,13700.0
2026-08-07,302450,64700.0
2026-08-07,304760,42460.0
2026-08-07,304770,13630.0
2026-08-07,304940,32430.0
2026-08-07,305050,64830.0
2026-08-07,310080,9535.0
2026-08-07,310960,57325.0
2026-08-07,310970,43405.0
2026-08-07,316670,6775.0
2026-08-07,328370,35175.0
2026-08-07,332500,66185.0
2026-08-07,332930,128800.0
2026-08-07,332940,43195.0
2026-08-07,337140,32995.0
2026-08-07,354500,13725.0
2026-08-07,359210,32585.0
2026-08-07,360200,27365.0
2026-08-07,360750,27075.0
2026-08-07,361580,55860.0
2026-08-07,364690,35720.0
2026-08-07,364960,6680.0
2026-08-07,364970,7710.0
2026-08-07,365040,32930.0
2026-08-07,367380,31740.0
2026-08-07,368190,8055.0
2026-08-07,368590,30785.0
2026-08-07,368680,8065.0
2026-08-07,371150,7285.0
2026-08-07,371160,7505.0
2026-08-07,371870,7350.0
2026-08-07,372330,7460.0
2026-08-07,375760,22220.0
2026-08-07,375770,22615.0
2026-08-07,376410,22570.0
2026-08-07,379780,23665.0
2026-08-07,379800,24625.0
2026-08-07,379810,27605.0
2026-08-07,381170,31970.0
2026-08-07,385710,10810.0
2026-08-07,385720,23405.0
2026-08-07,387270,24555.0
2026-08-07,391670,25785.0
2026-08-07,402970,15385.0
2026-08-07,403790,52765.0
2026-08-07,404120,23695.0
2026-08-07,404260,22345.0
2026-08-07,404540,22245.0
2026-08-07,404650,22320.0
2026-08-07,407310,16335.0
2026-08-07,407830,13895.0
2026-08-07,411540,16685.0
2026-08-07,426020,32875.0
2026-08-07,426030,46640.0
2026-08-07,429760,20165.0
2026-08-07,432840,20364.0
2026-08-07,433220,30815.0
2026-08-07,433250,22035.0
2026-08-07,433330,22604.0
2026-08-07,434960,98745.0
2026-08-07,438740,32495.0
2026-08-07,441640,12970.0
2026-08-07,441800,27019.0
2026-08-07,442260,34040.0
2026-08-07,444490,20780.0
2026-08-07,446720,13855.0
2026-08-07,448100,100967.0
2026-08-07,448290,17865.0
2026-08-07,448300,22900.0
2026-08-07,448570,28480.0
2026-08-07,449180,17220.0
2026-08-07,449190,22175.0
2026-08-07,449770,21675.0
2026-08-07,449780,18770.0
2026-08-07,450910,13300.0
2026-08-07,451060,31395.0
2026-08-07,451150,18325.0
2026-08-07,452360,13200.0
2026-08-07,453080,22875.0
2026-08-07,453330,18239.0
2026-08-07,453810,12310.0
2026-08-07,453870,12105.0
2026-08-07,458730,15120.0
2026-08-07,461450,14995.0
2026-08-07,461580,15185.0
2026-08-07,462340,16835.0
2026-08-07,463050,13445.0
2026-08-07,463300,13860.0
2026-08-07,469050,32285.0
2026-08-07,469060,36465.0
2026-08-07,471780,30795.0
2026-08-07,472150,18358.0
2026-08-07,472160,18985.0
2026-08-07,472720,24890.0
2026-08-07,472840,96980.0
2026-08-07,474920,19495.0
2026-08-07,476030,17500.0
2026-08-07,476850,19903.0
2026-08-07,477490,19595.0
2026-08-07,489250,13020.0
2026-08-07,491220,116900.0
2026-08-07,491700,98575.0
2026-08-07,494890,28255.0
2026-08-07,495040,29771.0
2026-08-07,495050,30360.0
2026-08-07,495060,26770.0
2026-08-07,495230,28345.0
2026-08-07,495330,29837.0
2026-08-07,495750,29965.0
2026-08-07,495850,30012.0
2026-08-07,496080,30126.0
2026-08-07,496090,30125.0
2026-08-07,496120,31330.0
2026-08-07,496130,23955.0
2026-08-07,498400,18638.0
2026-08-10,0000Z0,10460.0
2026-08-10,0007N0,98830.0
2026-08-10,0026S0,13335.0
2026-08-10,0041E0,16770.0
2026-08-10,0053M0,13345.0
2026-08-10,0069M0,14000.0
2026-08-10,0098Z0,84305.0
2026-08-10,0112X0,36870.0
2026-08-10,0144L0,9895.0
2026-08-10,0162Y0,7630.0
2026-08-10,0163Y0,9195.0
2026-08-10,0166N0,7535.0
2026-08-10,0167B0,10691.0
2026-08-10,0191B0,30040.0
2026-08-10,0191S0,14905.0
2026-08-10,0193G0,7720.0
2026-08-10,0204S0,7095.0
2026-08-10,0208N0,6825.0
2026-08-10,0214M0,12320.0
2026-08-10,0219E0,7572.0
2026-08-10,0219Z0,10805.0
2026-08-10,0220B0,10165.0
2026-08-10,0222D0,10385.0
2026-08-10,069500,98265.0
2026-08-10,069660,98070.0
2026-08-10,091160,111600.0
2026-08-10,091170,16080.0
2026-08-10,091220,16765.0
2026-08-10,091230,118110.0
2026-08-10,099140,22245.0
2026-08-10,102110,98395.0
2026-08-10,105190,98380.0
2026-08-10,108590,97920.0
2026-08-10,133690,187010.0
2026-08-10,139270,16730.0
2026-08-10,140950,77015.0
2026-08-10,143860,41560.0
2026-08-10,148020,98950.0
2026-08-10,152100,99715.0
2026-08-10,152870,99145.0
2026-08-10,153270,76090.0
2026-08-10,159800,77830.0
2026-08-10,166400,21309.0
2026-08-10,168580,36090.0
2026-08-10,192090,13025.0
2026-08-10,192720,58890.0
2026-08-10,211560,35720.0
2026-08-10,211900,28479.0
2026-08-10,226490,64630.0
2026-08-10,226980,22805.0
2026-08-10,227830,65365.0
2026-08-10,228820,17500.0
2026-08-10,229200,14780.0
2026-08-10,229720,34845.0
2026-08-10,232080,15060.0
2026-08-10,237350,78400.0
2026-08-10,238720,48930.0
2026-08-10,241180,36075.0
2026-08-10,245360,12855.0
2026-08-10,250730,10125.0
2026-08-10,251350,40630.0
2026-08-10,252000,19545.0
2026-08-10,252650,18740.0
2026-08-10,266370,59475.0
2026-08-10,266420,18850.0
2026-08-10,269540,30415.0
2026-08-10,270810,14690.0
2026-08-10,277630,65590.0
2026-08-10,277640,34190.0
2026-08-10,277650,20855.0
2026-08-10,278530,35560.0
2026-08-10,278540,34810.0
2026-08-10,283580,15930.0
2026-08-10,284980,22240.0
2026-08-10,292050,45025.0
2026-08-10,292160,43815.0
2026-08-10,292190,43765.0
2026-08-10,292500,44220.0
2026-08-10,293180,98480.0
2026-08-10,294400,128840.0
2026-08-10,295040,36825.0
2026-08-10,301400,14900.0
2026-08-10,302450,65145.0
2026-08-10,304760,42960.0
2026-08-10,304770,14775.0
2026-08-10,304940,32825.0
2026-08-10,305050,65400.0
2026-08-10,310080,9640.0
2026-08-10,310960,57375.0
2026-08-10,310970,43755.0
2026-08-10,316670,7365.0
2026-08-10,328370,35375.0
2026-08-10,332500,66085.0
2026-08-10,332930,128995.0
2026-08-10,332940,43655.0
2026-08-10,337140,33140.0
2026-08-10,354500,14915.0
2026-08-10,359210,32625.0
2026-08-10,360200,27565.0
2026-08-10,360750,27275.0
2026-08-10,361580,55845.0
2026-08-10,364690,36065.0
2026-08-10,364960,6870.0
2026-08-10,364970,8120.0
2026-08-10,365040,33285.0
2026-08-10,367380,32145.0
2026-08-10,368190,8295.0
2026-08-10,368590,31185.0
2026-08-10,368680,8320.0
2026-08-10,371150,7370.0
2026-08-10,371160,7575.0
2026-08-10,371870,7445.0
2026-08-10,372330,7570.0
2026-08-10,375760,22655.0
2026-08-10,375770,22915.0
2026-08-10,376410,22600.0
2026-08-10,379780,23845.0
2026-08-10,379800,24800.0
2026-08-10,379810,27960.0
2026-08-10,381170,32240.0
2026-08-10,385710,11105.0
2026-08-10,385720,23320.0
2026-08-10,387270,25055.0
2026-08-10,391670,25815.0
2026-08-10,402970,15480.0
2026-08-10,403790,53030.0
2026-08-10,404120,24420.0
2026-08-10,404260,22700.0
2026-08-10,404540,22805.0
2026-08-10,404650,22750.0
2026-08-10,407310,16605.0
2026-08-10,407830,14230.0
2026-08-10,411540,17045.0
2026-08-10,426020,33110.0
2026-08-10,426030,47375.0
2026-08-10,429760,20305.0
2026-08-10,432840,20989.0
2026-08-10,433220,31120.0
2026-08-10,433250,22340.0
2026-08-10,433330,22769.0
2026-08-10,434960,98835.0
2026-08-10,438740,33620.0
2026-08-10,441640,13000.0
2026-08-10,441800,26969.0
2026-08-10,442260,34180.0
2026-08-10,444490,20930.0
2026-08-10,446720,13935.0
2026-08-10,448100,100957.0
2026-08-10,448290,17980.0
2026-08-10,448300,23175.0
2026-08-10,448570,28415.0
2026-08-10,449180,17335.0
2026-08-10,449190,22440.0
2026-08-10,449770,21815.0
2026-08-10,449780,18870.0
2026-08-10,450910,14460.0
2026-08-10,451060,31400.0
2026-08-10,451150,18420.0
2026-08-10,452360,13265.0
2026-08-10,453080,23160.0
2026-08-10,453330,18364.0
2026-08-10,453810,12280.0
2026-08-10,453870,12060.0
2026-08-10,458730,15170.0
2026-08-10,461450,16335.0
2026-08-10,461580,16670.0
2026-08-10,462340,17135.0
2026-08-10,463050,14645.0
2026-08-10,463300,13750.0
2026-08-10,469050,33040.0
2026-08-10,469060,37365.0
2026-08-10,471780,31790.0
2026-08-10,472150,18392.0
2026-08-10,472160,19120.0
2026-08-10,472720,25250.0
2026-08-10,472840,97320.0
2026-08-10,474920,19370.0
2026-08-10,476030,17740.0
2026-08-10,476850,20146.0
2026-08-10,477490,19780.0
2026-08-10,489250,13105.0
2026-08-10,491220,116785.0
2026-08-10,491700,99290.0
2026-08-10,494890,28285.0
2026-08-10,495040,29966.0
2026-08-10,495050,30480.0
2026-08-10,495060,26865.0
2026-08-10,495230,28829.0
2026-08-10,495330,30117.0
2026-08-10,495750,30250.0
2026-08-10,495850,30077.0
2026-08-10,496080,30171.0
2026-08-10,496090,30305.0
2026-08-10,496120,31420.0
2026-08-10,496130,23885.0
2026-08-10,498400,18668.0
2026-08-11,0000Z0,10260.0
2026-08-11,0007N0,99850.0
2026-08-11,0026S0,13305.0
2026-08-11,0041E0,16720.0
2026-08-11,0053M0,13235.0
2026-08-11,0069M0,13905.0
2026-08-11,0098Z0,85105.0
2026-08-11,0112X0,37405.0
2026-08-11,0144L0,9856.0
2026-08-11,0162Y0,7685.0
2026-08-11,0163Y0,9155.0
2026-08-11,0166N0,7655.0
2026-08-11,0167B0,10819.0
2026-08-11,0191B0,29930.0
2026-08-11,0191S0,14920.0
2026-08-11,0193G0,7730.0
2026-08-11,0204S0,7160.0
2026-08-11,0208N0,6880.0
2026-08-11,0214M0,12170.0
2026-08-11,0219E0,7665.0
2026-08-11,0219Z0,10600.0
2026-08-11,0220B0,10350.0
2026-08-11,0222D0,10326.0
2026-08-11,069500,99265.0
2026-08-11,069660,99145.0
2026-08-11,091160,114160.0
2026-08-11,091170,15895.0
2026-08-11,091220,16570.0
2026-08-11,091230,121010.0
2026-08-11,099140,22125.0
2026-08-11,102110,99395.0
2026-08-11,105190,99425.0
2026-08-11,108590,98870.0
2026-08-11,133690,185825.0
2026-08-11,139270,16665.0
2026-08-11,140950,77855.0
2026-08-11,143860,41930.0
2026-08-11,148020,99935.0
2026-08-11,152100,100690.0
2026-08-11,152870,100040.0
2026-08-11,153270,76715.0
2026-08-11,159800,78590.0
2026-08-11,166400,21513.0
2026-08-11,168580,35800.0
2026-08-11,192090,12925.0
2026-08-11,192720,58400.0
2026-08-11,211560,35740.0
2026-08-11,211900,28474.0
2026-08-11,226490,64845.0
2026-08-11,226980,22535.0
2026-08-11,227830,65740.0
2026-08-11,228820,17735.0
2026-08-11,229200,14780.0
2026-08-11,229720,35200.0
2026-08-11,232080,15065.0
2026-08-11,237350,79285.0
2026-08-11,238720,48715.0
2026-08-11,241180,35945.0
2026-08-11,245360,12705.0
2026-08-11,250730,10065.0
2026-08-11,251350,40410.0
2026-08-11,252000,19530.0
2026-08-11,252650,18700.0
2026-08-11,266370,60065.0
2026-08-11,266420,19045.0
2026-08-11,269540,30400.0
2026-08-11,270810,14695.0
2026-08-11,277630,66350.0
2026-08-11,277640,34485.0
2026-08-11,277650,20890.0
2026-08-11,278530,35900.0
2026-08-11,278540,35220.0
2026-08-11,283580,15835.0
2026-08-11,284980,22070.0
2026-08-11,292050,45255.0
2026-08-11,292160,44200.0
2026-08-11,292190,44110.0
2026-08-11,292500,45180.0
2026-08-11,293180,99460.0
2026-08-11,294400,130185.0
2026-08-11,295040,37195.0
2026-08-11,301400,14885.0
2026-08-11,302450,65760.0
2026-08-11,304760,43175.0
2026-08-11,304770,14765.0
2026-08-11,304940,32675.0
2026-08-11,305050,65985.0
2026-08-11,310080,9570.0
2026-08-11,310960,58000.0
2026-08-11,310970,44295.0
2026-08-11,316670,7360.0
2026-08-11,328370,35580.0
2026-08-11,332500,66985.0
2026-08-11,332930,130115.0
2026-08-11,332940,43830.0
2026-08-11,337140,33315.0
2026-08-11,354500,14905.0
2026-08-11,359210,33045.0
2026-08-11,360200,27505.0
2026-08-11,360750,27215.0
2026-08-11,361580,56400.0
2026-08-11,364690,36070.0
2026-08-11,364960,6860.0
2026-08-11,364970,8140.0
2026-08-11,365040,33535.0
2026-08-11,367380,31945.0
2026-08-11,368190,8220.0
2026-08-11,368590,30990.0
2026-08-11,368680,8270.0
2026-08-11,371150,7300.0
2026-08-11,371160,7495.0
2026-08-11,371870,7340.0
2026-08-11,372330,7470.0
2026-08-11,375760,22600.0
2026-08-11,375770,23130.0
2026-08-11,376410,22755.0
2026-08-11,379780,23790.0
2026-08-11,379800,24740.0
2026-08-11,379810,27790.0
2026-08-11,381170,31970.0
2026-08-11,385710,11105.0
2026-08-11,385720,23465.0
2026-08-11,387270,24720.0
2026-08-11,391670,26285.0
2026-08-11,402970,15560.0
2026-08-11,403790,53575.0
2026-08-11,404120,24335.0
2026-08-11,404260,22630.0
2026-08-11,404540,22890.0
2026-08-11,404650,22750.0
2026-08-11,407310,16390.0
2026-08-11,407830,14295.0
2026-08-11,411540,16835.0
2026-08-11,426020,32900.0
2026-08-11,426030,46335.0
2026-08-11,429760,20270.0
2026-08-11,432840,20434.0
2026-08-11,433220,30700.0
2026-08-11,433250,22330.0
2026-08-11,433330,22724.0
2026-08-11,434960,99805.0
2026-08-11,438740,33710.0
2026-08-11,441640,12990.0
2026-08-11,441800,27143.0
2026-08-11,442260,34575.0
2026-08-11,444490,20875.0
2026-08-11,446720,14010.0
2026-08-11,448100,101951.0
2026-08-11,448290,17960.0
2026-08-11,448300,23065.0
2026-08-11,448570,28595.0
2026-08-11,449180,17315.0
2026-08-11,449190,22330.0
2026-08-11,449770,21735.0
2026-08-11,449780,18875.0
2026-08-11,450910,14470.0
2026-08-11,451060,31685.0
2026-08-11,451150,18505.0
2026-08-11,452360,13355.0
2026-08-11,453080,23080.0
2026-08-11,453330,18344.0
2026-08-11,453810,12195.0
2026-08-11,453870,12030.0
2026-08-11,458730,15280.0
2026-08-11,461450,16205.0
2026-08-11,461580,16490.0
2026-08-11,462340,17275.0
2026-08-11,463050,14290.0
2026-08-11,463300,13800.0
2026-08-11,469050,32095.0
2026-08-11,469060,36245.0
2026-08-11,471780,32220.0
2026-08-11,472150,18588.0
2026-08-11,472160,19005.0
2026-08-11,472720,25200.0
2026-08-11,472840,98595.0
2026-08-11,474920,19445.0
2026-08-11,476030,17615.0
2026-08-11,476850,20221.0
2026-08-11,477490,19640.0
2026-08-11,489250,13165.0
2026-08-11,491220,118105.0
2026-08-11,491700,100510.0
2026-08-11,494890,28590.0
2026-08-11,495040,29841.0
2026-08-11,495050,30410.0
2026-08-11,495060,26900.0
2026-08-11,495230,28839.0
2026-08-11,495330,30077.0
2026-08-11,495750,30040.0
2026-08-11,495850,30152.0
2026-08-11,496080,30296.0
2026-08-11,496090,30250.0
2026-08-11,496120,31260.0
2026-08-11,496130,24240.0
2026-08-11,498400,18845.0
2026-08-12,0000Z0,9895.0
2026-08-12,0007N0,103925.0
2026-08-12,0026S0,13285.0
2026-08-12,0041E0,16680.0
2026-08-12,0053M0,13365.0
2026-08-12,0069M0,13885.0
2026-08-12,0098Z0,87710.0
2026-08-12,0112X0,39000.0
2026-08-12,0144L0,9831.0
2026-08-12,0162Y0,7670.0
2026-08-12,0163Y0,9145.0
2026-08-12,0166N0,7750.0
2026-08-12,0167B0,11234.0
2026-08-12,0191B0,30070.0
2026-08-12,0191S0,14830.0
2026-08-12,0193G0,8075.0
2026-08-12,0204S0,7165.0
2026-08-12,0208N0,7175.0
2026-08-12,0214M0,11780.0
2026-08-12,0219E0,7964.0
2026-08-12,0219Z0,10715.0
2026-08-12,0220B0,10445.0
2026-08-12,0222D0,10266.0
2026-08-12,069500,103250.0
2026-08-12,069660,103135.0
2026-08-12,091160,118955.0
2026-08-12,091170,15706.0
2026-08-12,091220,16425.0
2026-08-12,091230,126235.0
2026-08-12,099140,21870.0
2026-08-12,102110,103460.0
2026-08-12,105190,103555.0
2026-08-12,108590,102885.0
2026-08-12,133690,185440.0
2026-08-12,139270,16540.0
2026-08-12,140950,81045.0
2026-08-12,143860,40650.0
2026-08-12,148020,104025.0
2026-08-12,152100,104740.0
2026-08-12,152870,104310.0
2026-08-12,153270,79890.0
2026-08-12,159800,81930.0
2026-08-12,166400,22215.0
2026-08-12,168580,35795.0
2026-08-12,192090,12985.0
2026-08-12,192720,58020.0
2026-08-12,211560,35375.0
2026-08-12,211900,28249.0
2026-08-12,226490,67490.0
2026-08-12,226980,22670.0
2026-08-12,227830,68295.0
2026-08-12,228820,18425.0
2026-08-12,229200,14705.0
2026-08-12,229720,36590.0
2026-08-12,232080,14960.0
2026-08-12,237350,82330.0
2026-08-12,238720,49160.0
2026-08-12,241180,36070.0
2026-08-12,245360,12590.0
2026-08-12,250730,9865.0
2026-08-12,251350,40500.0
2026-08-12,252000,19500.0
2026-08-12,252650,18590.0
2026-08-12,266370,62920.0
2026-08-12,266420,18450.0
2026-08-12,269540,30270.0
2026-08-12,270810,14625.0
2026-08-12,277630,68490.0
2026-08-12,277640,35965.0
2026-08-12,277650,21010.0
2026-08-12,278530,37395.0
2026-08-12,278540,36830.0
2026-08-12,283580,15880.0
2026-08-12,284980,21945.0
2026-08-12,292050,47150.0
2026-08-12,292160,45895.0
2026-08-12,292190,45905.0
2026-08-12,292500,46895.0
2026-08-12,293180,103585.0
2026-08-12,294400,135540.0
2026-08-12,295040,38725.0
2026-08-12,301400,14770.0
2026-08-12,302450,68155.0
2026-08-12,304760,45285.0
2026-08-12,304770,14695.0
2026-08-12,304940,32590.0
2026-08-12,305050,68520.0
2026-08-12,310080,9450.0
2026-08-12,310960,60185.0
2026-08-12,310970,46240.0
2026-08-12,316670,7340.0
2026-08-12,328370,37095.0
2026-08-12,332500,69505.0
2026-08-12,332930,135680.0
2026-08-12,332940,46170.0
2026-08-12,337140,34535.0
2026-08-12,354500,14850.0
2026-08-12,359210,34125.0
2026-08-12,360200,27445.0
2026-08-12,360750,27135.0
2026-08-12,361580,58705.0
2026-08-12,364690,37755.0
2026-08-12,364960,6760.0
2026-08-12,364970,7860.0
2026-08-12,365040,34845.0
2026-08-12,367380,31885.0
2026-08-12,368190,8155.0
2026-08-12,368590,30930.0
2026-08-12,368680,8210.0
2026-08-12,371150,7195.0
2026-08-12,371160,7385.0
2026-08-12,371870,7230.0
2026-08-12,372330,7360.0
2026-08-12,375760,23595.0
2026-08-12,375770,23760.0
2026-08-12,376410,23650.0
2026-08-12,379780,23720.0
2026-08-12,379800,24685.0
2026-08-12,379810,27725.0
2026-08-12,381170,31640.0
2026-08-12,385710,11065.0
2026-08-12,385720,24355.0
2026-08-12,387270,25120.0
2026-08-12,391670,27155.0
2026-08-12,402970,15590.0
2026-08-12,403790,55325.0
2026-08-12,404120,24660.0
2026-08-12,404260,23005.0
2026-08-12,404540,23300.0
2026-08-12,404650,23040.0
2026-08-12,407310,16805.0
2026-08-12,407830,14240.0
2026-08-12,411540,17265.0
2026-08-12,426020,32890.0
2026-08-12,426030,46860.0
2026-08-12,429760,20210.0
2026-08-12,432840,20414.0
2026-08-12,433220,30945.0
2026-08-12,433250,23085.0
2026-08-12,433330,22644.0
2026-08-12,434960,103950.0
2026-08-12,438740,33860.0
2026-08-12,441640,13020.0
2026-08-12,441800,27531.0
2026-08-12,442260,36060.0
2026-08-12,444490,20825.0
2026-08-12,446720,14054.0
2026-08-12,448100,106074.0
2026-08-12,448290,17910.0
2026-08-12,448300,23015.0
2026-08-12,448570,29690.0
2026-08-12,449180,17265.0
2026-08-12,449190,22285.0
2026-08-12,449770,21735.0
2026-08-12,449780,18795.0
2026-08-12,450910,14390.0
2026-08-12,451060,33000.0
2026-08-12,451150,18350.0
2026-08-12,452360,13380.0
2026-08-12,453080,22990.0
2026-08-12,453330,18274.0
2026-08-12,453810,12130.0
2026-08-12,453870,11925.0
2026-08-12,458730,15315.0
2026-08-12,461450,16110.0
2026-08-12,461580,16425.0
2026-08-12,462340,17090.0
2026-08-12,463050,13875.0
2026-08-12,463300,13690.0
2026-08-12,469050,32450.0
2026-08-12,469060,36600.0
2026-08-12,471780,33300.0
2026-08-12,472150,19299.0
2026-08-12,472160,18800.0
2026-08-12,472720,25500.0
2026-08-12,472840,102795.0
2026-08-12,474920,19070.0
2026-08-12,476030,17570.0
2026-08-12,476850,20748.0
2026-08-12,477490,19650.0
2026-08-12,489250,13215.0
2026-08-12,491220,122590.0
2026-08-12,491700,104060.0
2026-08-12,494890,29760.0
2026-08-12,495040,30735.0
2026-08-12,495050,31270.0
2026-08-12,495060,27735.0
2026-08-12,495230,29822.0
2026-08-12,495330,30851.0
2026-08-12,495750,31115.0
2026-08-12,495850,30991.0
2026-08-12,496080,31085.0
2026-08-12,496090,30990.0
2026-08-12,496120,32385.0
2026-08-12,496130,24910.0
2026-08-12,498400,19620.0
2026-08-13,0000Z0,9950.0
2026-08-13,0007N0,107890.0
2026-08-13,0026S0,13335.0
2026-08-13,0041E0,16850.0
2026-08-13,0053M0,13350.0
2026-08-13,0069M0,14000.0
2026-08-13,0098Z0,91630.0
2026-08-13,0112X0,40320.0
2026-08-13,0144L0,9846.0
2026-08-13,0162Y0,7800.0
2026-08-13,0163Y0,9165.0
2026-08-13,0166N0,7705.0
2026-08-13,0167B0,11594.0
2026-08-13,0191B0,30090.0
2026-08-13,0191S0,14870.0
2026-08-13,0193G0,8425.0
2026-08-13,0204S0,7225.0
2026-08-13,0208N0,7520.0
2026-08-13,0214M0,11825.0
2026-08-13,0219E0,8259.0
2026-08-13,0219Z0,11050.0
2026-08-13,0220B0,10380.0
2026-08-13,0222D0,10326.0
2026-08-13,069500,107270.0
2026-08-13,069660,107225.0
2026-08-13,091160,123575.0
2026-08-13,091170,15945.0
2026-08-13,091220,16585.0
2026-08-13,091230,131315.0
2026-08-13,099140,21795.0
2026-08-13,102110,107530.0
2026-08-13,105190,107555.0
2026-08-13,108590,106865.0
2026-08-13,133690,187150.0
2026-08-13,139270,16655.0
2026-08-13,140950,84090.0
2026-08-13,143860,40650.0
2026-08-13,148020,108040.0
2026-08-13,152100,108965.0
2026-08-13,152870,108240.0
2026-08-13,153270,82865.0
2026-08-13,159800,85330.0
2026-08-13,166400,23097.0
2026-08-13,168580,35875.0
2026-08-13,192090,13055.0
2026-08-13,192720,58140.0
2026-08-13,211560,35370.0
2026-08-13,211900,28194.0
2026-08-13,226490,69830.0
2026-08-13,226980,22775.0
2026-08-13,227830,70905.0
2026-08-13,228820,18945.0
2026-08-13,229200,14800.0
2026-08-13,229720,37700.0
2026-08-13,232080,15110.0
2026-08-13,237350,85230.0
2026-08-13,238720,49550.0
2026-08-13,241180,36645.0
2026-08-13,245360,12580.0
2026-08-13,250730,9790.0
2026-08-13,251350,40575.0
2026-08-13,252000,19640.0
2026-08-13,252650,18835.0
2026-08-13,266370,66240.0
2026-08-13,266420,18625.0
2026-08-13,269540,30385.0
2026-08-13,270810,14740.0
2026-08-13,277630,70870.0
2026-08-13,277640,37100.0
2026-08-13,277650,21085.0
2026-08-13,278530,38835.0
2026-08-13,278540,38400.0
2026-08-13,283580,15960.0
2026-08-13,284980,22270.0
2026-08-13,292050,49200.0
2026-08-13,292160,47850.0
2026-08-13,292190,47385.0
2026-08-13,292500,49010.0
2026-08-13,293180,107520.0
2026-08-13,294400,140810.0
2026-08-13,295040,40220.0
2026-08-13,301400,14915.0
2026-08-13,302450,70125.0
2026-08-13,304760,46590.0
2026-08-13,304770,14795.0
2026-08-13,304940,32805.0
2026-08-13,305050,70875.0
2026-08-13,310080,9445.0
2026-08-13,310960,62570.0
2026-08-13,310970,47945.0
2026-08-13,316670,7395.0
2026-08-13,328370,38290.0
2026-08-13,332500,72175.0
2026-08-13,332930,140740.0
2026-08-13,332940,47615.0
2026-08-13,337140,35820.0
2026-08-13,354500,14950.0
2026-08-13,359210,35300.0
2026-08-13,360200,27595.0
2026-08-13,360750,27280.0
2026-08-13,361580,60965.0
2026-08-13,364690,39420.0
2026-08-13,364960,6775.0
2026-08-13,364970,7910.0
2026-08-13,365040,36000.0
2026-08-13,367380,32165.0
2026-08-13,368190,8145.0
2026-08-13,368590,31200.0
2026-08-13,368680,8255.0
2026-08-13,371150,7295.0
2026-08-13,371160,7445.0
2026-08-13,371870,7300.0
2026-08-13,372330,7435.0
2026-08-13,375760,24170.0
2026-08-13,375770,24495.0
2026-08-13,376410,24355.0
2026-08-13,379780,23865.0
2026-08-13,379800,24800.0
2026-08-13,379810,27965.0
2026-08-13,381170,31650.0
2026-08-13,385710,11205.0
2026-08-13,385720,25095.0
2026-08-13,387270,25670.0
2026-08-13,391670,27925.0
2026-08-13,402970,15670.0
2026-08-13,403790,57375.0
2026-08-13,404120,25220.0
2026-08-13,404260,23715.0
2026-08-13,404540,23870.0
2026-08-13,404650,23735.0
2026-08-13,407310,17250.0
2026-08-13,407830,14225.0
2026-08-13,411540,17605.0
2026-08-13,426020,33150.0
2026-08-13,426030,48470.0
2026-08-13,429760,20295.0
2026-08-13,432840,20454.0
2026-08-13,433220,31560.0
2026-08-13,433250,23910.0
2026-08-13,433330,22789.0
2026-08-13,434960,108090.0
2026-08-13,438740,34115.0
2026-08-13,441640,13025.0
2026-08-13,441800,27994.0
2026-08-13,442260,37580.0
2026-08-13,444490,20940.0
2026-08-13,446720,14059.0
2026-08-13,448100,110331.0
2026-08-13,448290,17965.0
2026-08-13,448300,23155.0
2026-08-13,448570,30520.0
2026-08-13,449180,17315.0
2026-08-13,449190,22415.0
2026-08-13,449770,21795.0
2026-08-13,449780,18865.0
2026-08-13,450910,14510.0
2026-08-13,451060,34330.0
2026-08-13,451150,18370.0
2026-08-13,452360,13420.0
2026-08-13,453080,23150.0
2026-08-13,453330,18344.0
2026-08-13,453810,12165.0
2026-08-13,453870,11955.0
2026-08-13,458730,15334.0
2026-08-13,461450,16145.0
2026-08-13,461580,16495.0
2026-08-13,462340,17195.0
2026-08-13,463050,13790.0
2026-08-13,463300,13785.0
2026-08-13,469050,33085.0
2026-08-13,469060,37360.0
2026-08-13,471780,35055.0
2026-08-13,472150,20015.0
2026-08-13,472160,18770.0
2026-08-13,472720,26025.0
2026-08-13,472840,107190.0
2026-08-13,474920,19325.0
2026-08-13,476030,17740.0
2026-08-13,476850,21127.0
2026-08-13,477490,19850.0
2026-08-13,489250,13240.0
2026-08-13,491220,127525.0
2026-08-13,491700,108210.0
2026-08-13,494890,30895.0
2026-08-13,495040,31665.0
2026-08-13,495050,32255.0
2026-08-13,495060,28680.0
2026-08-13,495230,30676.0
2026-08-13,495330,31021.0
2026-08-13,495750,31825.0
2026-08-13,495850,32000.0
2026-08-13,496080,32100.0
2026-08-13,496090,32195.0
2026-08-13,496120,33485.0
2026-08-13,496130,25245.0
2026-08-13,498400,20200.0
2026-08-14,0000Z0,9830.0
2026-08-14,0007N0,110705.0
2026-08-14,0026S0,13395.0
2026-08-14,0041E0,16930.0
2026-08-14,0053M0,13495.0
2026-08-14,0069M0,14110.0
2026-08-14,0098Z0,93760.0
2026-08-14,0112X0,41625.0
2026-08-14,0144L0,9900.0
2026-08-14,0162Y0,7745.0
2026-08-14,0163Y0,9190.0
2026-08-14,0166N0,7720.0
2026-08-14,0167B0,11904.0
2026-08-14,0191B0,30070.0
2026-08-14,0191S0,14985.0
2026-08-14,0193G0,8595.0
2026-08-14,0204S0,7085.0
2026-08-14,0208N0,7645.0
2026-08-14,0214M0,11790.0
2026-08-14,0219E0,8484.0
2026-08-14,0219Z0,11015.0
2026-08-14,0220B0,10360.0
2026-08-14,0222D0,10539.0
2026-08-14,069500,110060.0
2026-08-14,069660,110120.0
2026-08-14,091160,126250.0
2026-08-14,091170,16114.0
2026-08-14,091220,16820.0
2026-08-14,091230,133790.0
2026-08-14,099140,21645.0
2026-08-14,102110,110375.0
2026-08-14,105190,110305.0
2026-08-14,108590,109765.0
2026-08-14,133690,188575.0
2026-08-14,139270,16875.0
2026-08-14,140950,86445.0
2026-08-14,143860,40540.0
2026-08-14,148020,110885.0
2026-08-14,152100,111750.0
2026-08-14,152870,111165.0
2026-08-14,153270,84845.0
2026-08-14,159800,87185.0
2026-08-14,166400,23436.0
2026-08-14,168580,35615.0
2026-08-14,192090,12955.0
2026-08-14,192720,59460.0
2026-08-14,211560,36210.0
2026-08-14,211900,28739.0
2026-08-14,226490,71560.0
2026-08-14,226980,23105.0
2026-08-14,227830,72005.0
2026-08-14,228820,19570.0
2026-08-14,229200,14830.0
2026-08-14,229720,38595.0
2026-08-14,232080,15130.0
2026-08-14,237350,87800.0
2026-08-14,238720,50110.0
2026-08-14,241180,36950.0
2026-08-14,245360,12440.0
2026-08-14,250730,9740.0
2026-08-14,251350,40660.0
2026-08-14,252000,19945.0
2026-08-14,252650,19090.0
2026-08-14,266370,68935.0
2026-08-14,266420,18380.0
2026-08-14,269540,30565.0
2026-08-14,270810,14750.0
2026-08-14,277630,72585.0
2026-08-14,277640,38050.0
2026-08-14,277650,21370.0
2026-08-14,278530,39865.0
2026-08-14,278540,39195.0
2026-08-14,283580,15845.0
2026-08-14,284980,22395.0
2026-08-14,292050,50110.0
2026-08-14,292160,48760.0
2026-08-14,292190,48565.0
2026-08-14,292500,49710.0
2026-08-14,293180,110430.0
2026-08-14,294400,144570.0
2026-08-14,295040,41280.0
2026-08-14,301400,14950.0
2026-08-14,302450,72145.0
2026-08-14,304760,48210.0
2026-08-14,304770,14850.0
2026-08-14,304940,33095.0
2026-08-14,305050,72390.0
2026-08-14,310080,9250.0
2026-08-14,310960,64235.0
2026-08-14,310970,49285.0
2026-08-14,316670,7405.0
2026-08-14,328370,39090.0
2026-08-14,332500,74090.0
2026-08-14,332930,144585.0
2026-08-14,332940,49355.0
2026-08-14,337140,36780.0
2026-08-14,354500,14980.0
2026-08-14,359210,36145.0
2026-08-14,360200,27700.0
2026-08-14,360750,27410.0
2026-08-14,361580,62580.0
2026-08-14,364690,40000.0
2026-08-14,364960,6865.0
2026-08-14,364970,7880.0
2026-08-14,365040,36745.0
2026-08-14,367380,32410.0
2026-08-14,368190,8335.0
2026-08-14,368590,31455.0
2026-08-14,368680,8285.0
2026-08-14,371150,7120.0
2026-08-14,371160,7300.0
2026-08-14,371870,7180.0
2026-08-14,372330,7270.0
2026-08-14,375760,24945.0
2026-08-14,375770,25035.0
2026-08-14,376410,24850.0
2026-08-14,379780,23960.0
2026-08-14,379800,24910.0
2026-08-14,379810,28185.0
2026-08-14,381170,31875.0
2026-08-14,385710,11295.0
2026-08-14,385720,25660.0
2026-08-14,387270,25945.0
2026-08-14,391670,29200.0
2026-08-14,402970,15730.0
2026-08-14,403790,58885.0
2026-08-14,404120,25620.0
2026-08-14,404260,24170.0
2026-08-14,404540,24460.0
2026-08-14,404650,24350.0
2026-08-14,407310,17680.0
2026-08-14,407830,14470.0
2026-08-14,411540,18015.0
2026-08-14,426020,33305.0
2026-08-14,426030,48620.0
2026-08-14,429760,20395.0
2026-08-14,432840,20544.0
2026-08-14,433220,31320.0
2026-08-14,433250,24510.0
2026-08-14,433330,22874.0
2026-08-14,434960,110940.0
2026-08-14,438740,34395.0
2026-08-14,441640,13055.0
2026-08-14,441800,28949.0
2026-08-14,442260,38535.0
2026-08-14,444490,21035.0
2026-08-14,446720,14139.0
2026-08-14,448100,113184.0
2026-08-14,448290,18070.0
2026-08-14,448300,23370.0
2026-08-14,448570,31245.0
2026-08-14,449180,17415.0
2026-08-14,449190,22620.0
2026-08-14,449770,21870.0
2026-08-14,449780,18980.0
2026-08-14,450910,14520.0
2026-08-14,451060,35220.0
2026-08-14,451150,18405.0
2026-08-14,452360,13480.0
2026-08-14,453080,23345.0
2026-08-14,453330,18449.0
2026-08-14,453810,12115.0
2026-08-14,453870,11935.0
2026-08-14,458730,15424.0
2026-08-14,461450,16005.0
2026-08-14,461580,16510.0
2026-08-14,462340,17115.0
2026-08-14,463050,13755.0
2026-08-14,463300,13650.0
2026-08-14,469050,32995.0
2026-08-14,469060,37275.0
2026-08-14,471780,35750.0
2026-08-14,472150,20564.0
2026-08-14,472160,18930.0
2026-08-14,472720,26270.0
2026-08-14,472840,109325.0
2026-08-14,474920,19040.0
2026-08-14,476030,17870.0
2026-08-14,476850,21664.0
2026-08-14,477490,19885.0
2026-08-14,489250,13295.0
2026-08-14,491220,130590.0
2026-08-14,491700,109940.0
2026-08-14,494890,31725.0
2026-08-14,495040,32530.0
2026-08-14,495050,33010.0
2026-08-14,495060,29205.0
2026-08-14,495230,31639.0
2026-08-14,495330,32789.0
2026-08-14,495750,32805.0
2026-08-14,495850,32799.0
2026-08-14,496080,32914.0
2026-08-14,496090,32740.0
2026-08-14,496120,34080.0
2026-08-14,496130,26170.0
2026-08-14,498400,20750.0
2026-08-18,0000Z0,9400.0
2026-08-18,0007N0,109360.0
2026-08-18,0026S0,13200.0
2026-08-18,0041E0,16735.0
2026-08-18,0053M0,13175.0
2026-08-18,0069M0,13915.0
2026-08-18,0098Z0,92510.0
2026-08-18,0112X0,40995.0
2026-08-18,0144L0,9786.0
2026-08-18,0162Y0,7505.0
2026-08-18,0163Y0,8980.0
2026-08-18,0166N0,7555.0
2026-08-18,0167B0,11771.0
2026-08-18,0191B0,29765.0
2026-08-18,0191S0,14505.0
2026-08-18,0193G0,8435.0
2026-08-18,0204S0,6875.0
2026-08-18,0208N0,7565.0
2026-08-18,0214M0,11205.0
2026-08-18,0219E0,8372.0
2026-08-18,0219Z0,11115.0
2026-08-18,0220B0,10115.0
2026-08-18,0222D0,10450.0
2026-08-18,069500,108550.0
2026-08-18,069660,108470.0
2026-08-18,091160,125405.0
2026-08-18,091170,15990.0
2026-08-18,091220,16665.0
2026-08-18,091230,132640.0
2026-08-18,099140,21750.0
2026-08-18,102110,108735.0
2026-08-18,105190,108720.0
2026-08-18,108590,108210.0
2026-08-18,133690,185900.0
2026-08-18,139270,16825.0
2026-08-18,140950,85175.0
2026-08-18,143860,39075.0
2026-08-18,148020,109395.0
2026-08-18,152100,110155.0
2026-08-18,152870,109480.0
2026-08-18,153270,83595.0
2026-08-18,159800,86295.0
2026-08-18,166400,23142.0
2026-08-18,168580,35965.0
2026-08-18,192090,12980.0
2026-08-18,192720,58775.0
2026-08-18,211560,35300.0
2026-08-18,211900,28379.0
2026-08-18,226490,70435.0
2026-08-18,226980,22835.0
2026-08-18,227830,70645.0
2026-08-18,228820,19205.0
2026-08-18,229200,14190.0
2026-08-18,229720,37905.0
2026-08-18,232080,14515.0
2026-08-18,237350,86680.0
2026-08-18,238720,49130.0
2026-08-18,241180,35905.0
2026-08-18,245360,12615.0
2026-08-18,250730,9915.0
2026-08-18,251350,40220.0
2026-08-18,252000,19405.0
2026-08-18,252650,18610.0
2026-08-18,266370,67160.0
2026-08-18,266420,17675.0
2026-08-18,269540,30205.0
2026-08-18,270810,14120.0
2026-08-18,277630,71550.0
2026-08-18,277640,37445.0
2026-08-18,277650,20850.0
2026-08-18,278530,39320.0
2026-08-18,278540,38550.0
2026-08-18,283580,15955.0
2026-08-18,284980,22400.0
2026-08-18,292050,49245.0
2026-08-18,292160,48390.0
2026-08-18,292190,47740.0
2026-08-18,292500,48895.0
2026-08-18,293180,108905.0
2026-08-18,294400,142355.0
2026-08-18,295040,40720.0
2026-08-18,301400,14380.0
2026-08-18,302450,71160.0
2026-08-18,304760,47005.0
2026-08-18,304770,14200.0
2026-08-18,304940,32795.0
2026-08-18,305050,70985.0
2026-08-18,310080,9395.0
2026-08-18,310960,63420.0
2026-08-18,310970,48400.0
2026-08-18,316670,7100.0
2026-08-18,328370,38395.0
2026-08-18,332500,73050.0
2026-08-18,332930,142345.0
2026-08-18,332940,48125.0
2026-08-18,337140,36245.0
2026-08-18,354500,14350.0
2026-08-18,359210,35555.0
2026-08-18,360200,27300.0
2026-08-18,360750,26995.0
2026-08-18,361580,61730.0
2026-08-18,364690,39195.0
2026-08-18,364960,6610.0
2026-08-18,364970,7575.0
2026-08-18,365040,36350.0
2026-08-18,367380,31955.0
2026-08-18,368190,7985.0
2026-08-18,368590,31010.0
2026-08-18,368680,8040.0
2026-08-18,371150,7120.0
2026-08-18,371160,7310.0
2026-08-18,371870,7140.0
2026-08-18,372330,7295.0
2026-08-18,375760,24290.0
2026-08-18,375770,24675.0
2026-08-18,376410,24320.0
2026-08-18,379780,23625.0
2026-08-18,379800,24545.0
2026-08-18,379810,27790.0
2026-08-18,381170,31195.0
2026-08-18,385710,10905.0
2026-08-18,385720,25380.0
2026-08-18,387270,25750.0
2026-08-18,391670,29045.0
2026-08-18,402970,15595.0
2026-08-18,403790,57510.0
2026-08-18,404120,24800.0
2026-08-18,404260,23370.0
2026-08-18,404540,23540.0
2026-08-18,404650,23415.0
2026-08-18,407310,17160.0
2026-08-18,407830,14140.0
2026-08-18,411540,17620.0
2026-08-18,426020,32835.0
2026-08-18,426030,49060.0
2026-08-18,429760,20090.0
2026-08-18,432840,20249.0
2026-08-18,433220,31430.0
2026-08-18,433250,23955.0
2026-08-18,433330,22549.0
2026-08-18,434960,109385.0
2026-08-18,438740,33580.0
2026-08-18,441640,12975.0
2026-08-18,441800,28710.0
2026-08-18,442260,38045.0
2026-08-18,444490,20720.0
2026-08-18,446720,14044.0
2026-08-18,448100,111945.0
2026-08-18,448290,17855.0
2026-08-18,448300,23115.0
2026-08-18,448570,30785.0
2026-08-18,449180,17215.0
2026-08-18,449190,22385.0
2026-08-18,449770,21590.0
2026-08-18,449780,18780.0
2026-08-18,450910,13895.0
2026-08-18,451060,34805.0
2026-08-18,451150,18080.0
2026-08-18,452360,13415.0
2026-08-18,453080,23145.0
2026-08-18,453330,18244.0
2026-08-18,453810,12010.0
2026-08-18,453870,11820.0
2026-08-18,458730,15315.0
2026-08-18,461450,15420.0
2026-08-18,461580,15855.0
2026-08-18,462340,16720.0
2026-08-18,463050,13040.0
2026-08-18,463300,13825.0
2026-08-18,469050,33035.0
2026-08-18,469060,37280.0
2026-08-18,471780,35290.0
2026-08-18,472150,20289.0
2026-08-18,472160,18610.0
2026-08-18,472720,25970.0
2026-08-18,472840,108060.0
2026-08-18,474920,19350.0
2026-08-18,476030,17625.0
2026-08-18,476850,21291.0
2026-08-18,477490,19740.0
2026-08-18,489250,13200.0
2026-08-18,491220,128700.0
2026-08-18,491700,109135.0
2026-08-18,494890,31330.0
2026-08-18,495040,32070.0
2026-08-18,495050,32655.0
2026-08-18,495060,28745.0
2026-08-18,495230,31304.0
2026-08-18,495330,32169.0
2026-08-18,495750,32305.0
2026-08-18,495850,32299.0
2026-08-18,496080,32399.0
2026-08-18,496090,32380.0
2026-08-18,496120,33595.0
2026-08-18,496130,25580.0
2026-08-18,498400,20465.0
2026-08-19,0000Z0,9340.0
2026-08-19,0007N0,102565.0
2026-08-19,0026S0,13020.0
2026-08-19,0041E0,16395.0
2026-08-19,0053M0,12810.0
2026-08-19,0069M0,13600.0
2026-08-19,0098Z0,86725.0
2026-08-19,0112X0,38340.0
2026-08-19,0144L0,9574.0
2026-08-19,0162Y0,7445.0
2026-08-19,0163Y0,8840.0
2026-08-19,0166N0,7445.0
2026-08-19,0167B0,11046.0
2026-08-19,0191B0,29430.0
2026-08-19,0191S0,14430.0
2026-08-19,0193G0,7985.0
2026-08-19,0204S0,6830.0
2026-08-19,0208N0,7085.0
2026-08-19,0214M0,11245.0
2026-08-19,0219E0,7842.0
2026-08-19,0219Z0,10600.0
2026-08-19,0220B0,9825.0
2026-08-19,0222D0,10261.0
2026-08-19,069500,101760.0
2026-08-19,069660,101760.0
2026-08-19,091160,118120.0
2026-08-19,091170,15781.0
2026-08-19,091220,16480.0
2026-08-19,091230,125690.0
2026-08-19,099140,21705.0
2026-08-19,102110,101995.0
2026-08-19,105190,102085.0
2026-08-19,108590,101530.0
2026-08-19,133690,181745.0
2026-08-19,139270,16390.0
2026-08-19,140950,80055.0
2026-08-19,143860,39045.0
2026-08-19,148020,102685.0
2026-08-19,152100,103370.0
2026-08-19,152870,102830.0
2026-08-19,153270,78520.0
2026-08-19,159800,80605.0
2026-08-19,166400,22220.0
2026-08-19,168580,34720.0
2026-08-19,192090,12475.0
2026-08-19,192720,58075.0
2026-08-19,211560,34410.0
2026-08-19,211900,27680.0
2026-08-19,226490,66325.0
2026-08-19,226980,22195.0
2026-08-19,227830,66645.0
2026-08-19,228820,18085.0
2026-08-19,229200,14230.0
2026-08-19,229720,36205.0
2026-08-19,232080,14505.0
2026-08-19,237350,81080.0
2026-08-19,238720,47460.0
2026-08-19,241180,34505.0
2026-08-19,245360,12470.0
2026-08-19,250730,9870.0
2026-08-19,251350,39620.0
2026-08-19,252000,19090.0
2026-08-19,252650,18220.0
2026-08-19,266370,62855.0
2026-08-19,266420,17725.0
2026-08-19,269540,30070.0
2026-08-19,270810,14145.0
2026-08-19,277630,67260.0
2026-08-19,277640,35470.0
2026-08-19,277650,20505.0
2026-08-19,278530,36895.0
2026-08-19,278540,36090.0
2026-08-19,283580,15360.0
2026-08-19,284980,21805.0
2026-08-19,292050,46255.0
2026-08-19,292160,45445.0
2026-08-19,292190,45165.0
2026-08-19,292500,45965.0
2026-08-19,293180,102030.0
2026-08-19,294400,133560.0
2026-08-19,295040,38195.0
2026-08-19,301400,14325.0
2026-08-19,302450,67260.0
2026-08-19,304760,44600.0
2026-08-19,304770,14255.0
2026-08-19,304940,32365.0
2026-08-19,305050,67460.0
2026-08-19,310080,9390.0
2026-08-19,310960,59690.0
2026-08-19,310970,45210.0
2026-08-19,316670,7120.0
2026-08-19,328370,36200.0
2026-08-19,332500,68485.0
2026-08-19,332930,133725.0
2026-08-19,332940,45340.0
2026-08-19,337140,34285.0
2026-08-19,354500,14360.0
2026-08-19,359210,33410.0
2026-08-19,360200,26925.0
2026-08-19,360750,26635.0
2026-08-19,361580,57995.0
2026-08-19,364690,37015.0
2026-08-19,364960,6505.0
2026-08-19,364970,7610.0
2026-08-19,365040,34275.0
2026-08-19,367380,31240.0
2026-08-19,368190,7840.0
2026-08-19,368590,30315.0
2026-08-19,368680,7885.0
2026-08-19,371150,6965.0
2026-08-19,371160,7150.0
2026-08-19,371870,6965.0
2026-08-19,372330,7125.0
2026-08-19,375760,23195.0
2026-08-19,375770,23370.0
2026-08-19,376410,23300.0
2026-08-19,379780,23295.0
2026-08-19,379800,24215.0
2026-08-19,379810,27170.0
2026-08-19,381170,30680.0
2026-08-19,385710,10775.0
2026-08-19,385720,24030.0
2026-08-19,387270,24615.0
2026-08-19,391670,27165.0
2026-08-19,402970,15535.0
2026-08-19,403790,54275.0
2026-08-19,404120,24630.0
2026-08-19,404260,23120.0
2026-08-19,404540,22990.0
2026-08-19,404650,23020.0
2026-08-19,407310,16640.0
2026-08-19,407830,13870.0
2026-08-19,411540,17000.0
2026-08-19,426020,32010.0
2026-08-19,426030,45975.0
2026-08-19,429760,19830.0
2026-08-19,432840,20009.0
2026-08-19,433220,30005.0
2026-08-19,433250,23070.0
2026-08-19,433330,22229.0
2026-08-19,434960,102635.0
2026-08-19,438740,33400.0
2026-08-19,441640,12880.0
2026-08-19,441800,27407.0
2026-08-19,442260,35515.0
2026-08-19,444490,20430.0
2026-08-19,446720,14010.0
2026-08-19,448100,104875.0
2026-08-19,448290,17790.0
2026-08-19,448300,22830.0
2026-08-19,448570,29225.0
2026-08-19,449180,17150.0
2026-08-19,449190,22120.0
2026-08-19,449770,21285.0
2026-08-19,449780,18680.0
2026-08-19,450910,13940.0
2026-08-19,451060,32615.0
2026-08-19,451150,17930.0
2026-08-19,452360,13525.0
2026-08-19,453080,22805.0
2026-08-19,453330,18170.0
2026-08-19,453810,11830.0
2026-08-19,453870,11645.0
2026-08-19,458730,15275.0
2026-08-19,461450,15405.0
2026-08-19,461580,15745.0
2026-08-19,462340,16740.0
2026-08-19,463050,13050.0
2026-08-19,463300,13415.0
2026-08-19,469050,31485.0
2026-08-19,469060,35185.0
2026-08-19,471780,33100.0
2026-08-19,472150,19049.0
2026-08-19,472160,18455.0
2026-08-19,472720,24775.0
2026-08-19,472840,100990.0
2026-08-19,474920,18860.0
2026-08-19,476030,17230.0
2026-08-19,476850,20201.0
2026-08-19,477490,19175.0
2026-08-19,489250,13160.0
2026-08-19,491220,120490.0
2026-08-19,491700,102200.0
2026-08-19,494890,29325.0
2026-08-19,495040,30520.0
2026-08-19,495050,30920.0
2026-08-19,495060,27110.0
2026-08-19,495230,29483.0
2026-08-19,495330,30581.0
2026-08-19,495750,30720.0
2026-08-19,495850,30781.0
2026-08-19,496080,30791.0
2026-08-19,496090,30905.0
2026-08-19,496120,31880.0
2026-08-19,496130,24150.0
2026-08-19,498400,19245.0
2026-08-20,0000Z0,9800.0
2026-08-20,0007N0,108835.0
2026-08-20,0026S0,13045.0
2026-08-20,0041E0,16360.0
2026-08-20,0053M0,12860.0
2026-08-20,0069M0,13630.0
2026-08-20,0098Z0,92680.0
2026-08-20,0112X0,41030.0
2026-08-20,0144L0,9618.0
2026-08-20,0162Y0,7620.0
2026-08-20,0163Y0,9040.0
2026-08-20,0166N0,7595.0
2026-08-20,0167B0,11756.0
2026-08-20,0191B0,30020.0
2026-08-20,0191S0,14690.0
2026-08-20,0193G0,8395.0
2026-08-20,0204S0,6865.0
2026-08-20,0208N0,7540.0
2026-08-20,0214M0,11700.0
2026-08-20,0219E0,8406.0
2026-08-20,0219Z0,10670.0
2026-08-20,0220B0,9825.0
2026-08-20,0222D0,10157.0
2026-08-20,069500,108190.0
2026-08-20,069660,108235.0
2026-08-20,091160,127070.0
2026-08-20,091170,15252.0
2026-08-20,091220,15895.0
2026-08-20,091230,134700.0
2026-08-20,099140,21850.0
2026-08-20,102110,108435.0
2026-08-20,105190,108400.0
2026-08-20,108590,107865.0
2026-08-20,133690,182185.0
2026-08-20,139270,16205.0
2026-08-20,140950,84820.0
2026-08-20,143860,40215.0
2026-08-20,148020,109060.0
2026-08-20,152100,109815.0
2026-08-20,152870,109140.0
2026-08-20,153270,83720.0
2026-08-20,159800,86230.0
2026-08-20,166400,23256.0
2026-08-20,168580,34575.0
2026-08-20,192090,12470.0
2026-08-20,192720,57020.0
2026-08-20,211560,34545.0
2026-08-20,211900,27595.0
2026-08-20,226490,70485.0
2026-08-20,226980,22225.0
2026-08-20,227830,70470.0
2026-08-20,228820,19030.0
2026-08-20,229200,14615.0
2026-08-20,229720,38045.0
2026-08-20,232080,14900.0
2026-08-20,237350,86650.0
2026-08-20,238720,48270.0
2026-08-20,241180,35040.0
2026-08-20,245360,12570.0
2026-08-20,250730,10130.0
2026-08-20,251350,39720.0
2026-08-20,252000,19320.0
2026-08-20,252650,18420.0
2026-08-20,266370,67540.0
2026-08-20,266420,18145.0
2026-08-20,269540,30200.0
2026-08-20,270810,14550.0
2026-08-20,277630,71595.0
2026-08-20,277640,37470.0
2026-08-20,277650,20645.0
2026-08-20,278530,39175.0
2026-08-20,278540,38660.0
2026-08-20,283580,15315.0
2026-08-20,284980,21545.0
2026-08-20,292050,49115.0
2026-08-20,292160,47945.0
2026-08-20,292190,48025.0
2026-08-20,292500,48885.0
2026-08-20,293180,108430.0
2026-08-20,294400,141940.0
2026-08-20,295040,40570.0
2026-08-20,301400,14680.0
2026-08-20,302450,70750.0
2026-08-20,304760,47035.0
2026-08-20,304770,14655.0
2026-08-20,304940,32565.0
2026-08-20,305050,71010.0
2026-08-20,310080,9465.0
2026-08-20,310960,63040.0
2026-08-20,310970,48600.0
2026-08-20,316670,7310.0
2026-08-20,328370,38360.0
2026-08-20,332500,72750.0
2026-08-20,332930,141905.0
2026-08-20,332940,48175.0
2026-08-20,337140,36250.0
2026-08-20,354500,14770.0
2026-08-20,359210,35545.0
2026-08-20,360200,26965.0
2026-08-20,360750,26670.0
2026-08-20,361580,61540.0
2026-08-20,364690,39260.0
2026-08-20,364960,6720.0
2026-08-20,364970,7920.0
2026-08-20,365040,36320.0
2026-08-20,367380,31325.0
2026-08-20,368190,8120.0
2026-08-20,368590,30385.0
2026-08-20,368680,8100.0
2026-08-20,371150,7065.0
2026-08-20,371160,7225.0
2026-08-20,371870,7085.0
2026-08-20,372330,7200.0
2026-08-20,375760,24240.0
2026-08-20,375770,24575.0
2026-08-20,376410,24315.0
2026-08-20,379780,23325.0
2026-08-20,379800,24250.0
2026-08-20,379810,27235.0
2026-08-20,381170,30850.0
2026-08-20,385710,10935.0
2026-08-20,385720,25320.0
2026-08-20,387270,24890.0
2026-08-20,391670,28720.0
2026-08-20,402970,15715.0
2026-08-20,403790,57475.0
2026-08-20,404120,24960.0
2026-08-20,404260,23545.0
2026-08-20,404540,23665.0
2026-08-20,404650,23590.0
2026-08-20,407310,17100.0
2026-08-20,407830,14300.0
2026-08-20,411540,17510.0
2026-08-20,426020,32205.0
2026-08-20,426030,46250.0
2026-08-20,429760,19845.0
2026-08-20,432840,20024.0
2026-08-20,433220,29870.0
2026-08-20,433250,23985.0
2026-08-20,433330,22259.0
2026-08-20,434960,108925.0
2026-08-20,438740,33395.0
2026-08-20,441640,12880.0
2026-08-20,441800,28531.0
2026-08-20,442260,37945.0
2026-08-20,444490,20450.0
2026-08-20,446720,14154.0
2026-08-20,448100,111131.0
2026-08-20,448290,17870.0
2026-08-20,448300,22975.0
2026-08-20,448570,30305.0
2026-08-20,449180,17235.0
2026-08-20,449190,22250.0
2026-08-20,449770,21335.0
2026-08-20,449780,18775.0
2026-08-20,450910,14320.0
2026-08-20,451060,34660.0
2026-08-20,451150,18090.0
2026-08-20,452360,13704.0
2026-08-20,453080,22965.0
2026-08-20,453330,18259.0
2026-08-20,453810,11870.0
2026-08-20,453870,11645.0
2026-08-20,458730,15434.0
2026-08-20,461450,16100.0
2026-08-20,461580,16450.0
2026-08-20,462340,17190.0
2026-08-20,463050,13520.0
2026-08-20,463300,13335.0
2026-08-20,469050,31750.0
2026-08-20,469060,35250.0
2026-08-20,471780,35095.0
2026-08-20,472150,20324.0
2026-08-20,472160,18630.0
2026-08-20,472720,25320.0
2026-08-20,472840,107870.0
2026-08-20,474920,18835.0
2026-08-20,476030,17270.0
2026-08-20,476850,21092.0
2026-08-20,477490,19220.0
2026-08-20,489250,13295.0
2026-08-20,491220,128600.0
2026-08-20,491700,108895.0
2026-08-20,494890,31220.0
2026-08-20,495040,31720.0
2026-08-20,495050,32360.0
2026-08-20,495060,28410.0
2026-08-20,495230,31050.0
2026-08-20,495330,31805.0
2026-08-20,495750,31905.0
2026-08-20,495850,32000.0
2026-08-20,496080,32125.0
2026-08-20,496090,31900.0
2026-08-20,496120,33245.0
2026-08-20,496130,25365.0
2026-08-20,498400,20485.0
2026-08-21,0000Z0,9050.0
2026-08-21,0007N0,110790.0
2026-08-21,0026S0,12870.0
2026-08-21,0041E0,16030.0
2026-08-21,0053M0,12505.0
2026-08-21,0069M0,13450.0
2026-08-21,0098Z0,94310.0
2026-08-21,0112X0,41500.0
2026-08-21,0144L0,9489.0
2026-08-21,0162Y0,7140.0
2026-08-21,0163Y0,8565.0
2026-08-21,0166N0,7275.0
2026-08-21,0167B0,11924.0
2026-08-21,0191B0,27820.0
2026-08-21,0191S0,14010.0
2026-08-21,0193G0,8470.0
2026-08-21,0204S0,6415.0
2026-08-21,0208N0,7650.0
2026-08-21,0214M0,10830.0
2026-08-21,0219E0,8543.0
2026-08-21,0219Z0,10455.0
2026-08-21,0220B0,9215.0
2026-08-21,0222D0,10177.0
2026-08-21,069500,109980.0
2026-08-21,069660,109900.0
2026-08-21,091160,127065.0
2026-08-21,091170,15536.0
2026-08-21,091220,16235.0
2026-08-21,091230,134000.0
2026-08-21,099140,21850.0
2026-08-21,102110,110225.0
2026-08-21,105190,110185.0
2026-08-21,108590,109670.0
2026-08-21,133690,179715.0
2026-08-21,139270,16560.0
2026-08-21,140950,86460.0
2026-08-21,143860,38535.0
2026-08-21,148020,110765.0
2026-08-21,152100,111645.0
2026-08-21,152870,111055.0
2026-08-21,153270,84685.0
2026-08-21,159800,87215.0
2026-08-21,166400,23510.0
2026-08-21,168580,34630.0
2026-08-21,192090,12520.0
2026-08-21,192720,57170.0
2026-08-21,211560,34700.0
2026-08-21,211900,27640.0
2026-08-21,226490,70890.0
2026-08-21,226980,21695.0
2026-08-21,227830,71100.0
2026-08-21,228820,19215.0
2026-08-21,229200,13810.0
2026-08-21,229720,37975.0
2026-08-21,232080,14080.0
2026-08-21,237350,87795.0
2026-08-21,238720,48165.0
2026-08-21,241180,34540.0
2026-08-21,245360,12555.0
2026-08-21,250730,10055.0
2026-08-21,251350,39280.0
2026-08-21,252000,18845.0
2026-08-21,252650,18075.0
2026-08-21,266370,66990.0
2026-08-21,266420,17545.0
2026-08-21,269540,29925.0
2026-08-21,270810,13765.0
2026-08-21,277630,71870.0
2026-08-21,277640,37930.0
2026-08-21,277650,20215.0
2026-08-21,278530,39825.0
2026-08-21,278540,39505.0
2026-08-21,283580,15405.0
2026-08-21,284980,21965.0
2026-08-21,292050,49855.0
2026-08-21,292160,48655.0
2026-08-21,292190,48615.0
2026-08-21,292500,49520.0
2026-08-21,293180,110280.0
2026-08-21,294400,144295.0
2026-08-21,295040,41235.0
2026-08-21,301400,13940.0
2026-08-21,302450,71815.0
2026-08-21,304760,48015.0
2026-08-21,304770,13840.0
2026-08-21,304940,32245.0
2026-08-21,305050,71565.0
2026-08-21,310080,9585.0
2026-08-21,310960,64230.0
2026-08-21,310970,49630.0
2026-08-21,316670,6950.0
2026-08-21,328370,38670.0
2026-08-21,332500,73890.0
2026-08-21,332930,144420.0
2026-08-21,332940,49545.0
2026-08-21,337140,36915.0
2026-08-21,354500,13960.0
2026-08-21,359210,35760.0
2026-08-21,360200,26585.0
2026-08-21,360750,26295.0
2026-08-21,361580,62535.0
2026-08-21,364690,38910.0
2026-08-21,364960,6515.0
2026-08-21,364970,7690.0
2026-08-21,365040,36450.0
2026-08-21,367380,30890.0
2026-08-21,368190,7885.0
2026-08-21,368590,29980.0
2026-08-21,368680,7880.0
2026-08-21,371150,7030.0
2026-08-21,371160,7210.0
2026-08-21,371870,7015.0
2026-08-21,372330,7210.0
2026-08-21,375760,24615.0
2026-08-21,375770,24780.0
2026-08-21,376410,24495.0
2026-08-21,379780,23000.0
2026-08-21,379800,23910.0
2026-08-21,379810,26875.0
2026-08-21,381170,30425.0
2026-08-21,385710,10790.0
2026-08-21,385720,25625.0
2026-08-21,387270,24660.0
2026-08-21,391670,29380.0
2026-08-21,402970,15550.0
2026-08-21,403790,58260.0
2026-08-21,404120,24135.0
2026-08-21,404260,23075.0
2026-08-21,404540,22970.0
2026-08-21,404650,22930.0
2026-08-21,407310,16910.0
2026-08-21,407830,14265.0
2026-08-21,411540,17265.0
2026-08-21,426020,31720.0
2026-08-21,426030,45820.0
2026-08-21,429760,19575.0
2026-08-21,432840,19750.0
2026-08-21,433220,29805.0
2026-08-21,433250,23715.0
2026-08-21,433330,21970.0
2026-08-21,434960,110800.0
2026-08-21,438740,32320.0
2026-08-21,441640,12740.0
2026-08-21,441800,28919.0
2026-08-21,442260,38335.0
2026-08-21,444490,20175.0
2026-08-21,446720,14000.0
2026-08-21,448100,113204.0
2026-08-21,448290,17710.0
2026-08-21,448300,22770.0
2026-08-21,448570,30640.0
2026-08-21,449180,17075.0
2026-08-21,449190,22040.0
2026-08-21,449770,21055.0
2026-08-21,449780,18590.0
2026-08-21,450910,13540.0
2026-08-21,451060,35200.0
2026-08-21,451150,17840.0
2026-08-21,452360,13610.0
2026-08-21,453080,22760.0
2026-08-21,453330,18090.0
2026-08-21,453810,11795.0
2026-08-21,453870,11575.0
2026-08-21,458730,15260.0
2026-08-21,461450,15155.0
2026-08-21,461580,15620.0
2026-08-21,462340,16865.0
2026-08-21,463050,12730.0
2026-08-21,463300,13345.0
2026-08-21,469050,31675.0
2026-08-21,469060,34990.0
2026-08-21,471780,34350.0
2026-08-21,472150,20706.0
2026-08-21,472160,18465.0
2026-08-21,472720,25370.0
2026-08-21,472840,109375.0
2026-08-21,474920,18940.0
2026-08-21,476030,17035.0
2026-08-21,476850,21554.0
2026-08-21,477490,19270.0
2026-08-21,489250,13155.0
2026-08-21,491220,130305.0
2026-08-21,491700,110955.0
2026-08-21,494890,31685.0
2026-08-21,495040,31915.0
2026-08-21,495050,32425.0
2026-08-21,495060,28565.0
2026-08-21,495230,31080.0
2026-08-21,495330,32064.0
2026-08-21,495750,32290.0
2026-08-21,495850,32319.0
2026-08-21,496080,32289.0
2026-08-21,496090,32110.0
2026-08-21,496120,33490.0
2026-08-21,496130,25750.0
2026-08-21,498400,20775.0
2026-08-24,0000Z0,9640.0
2026-08-24,0007N0,106700.0
2026-08-24,0026S0,12840.0
2026-08-24,0041E0,16040.0
2026-08-24,0053M0,12710.0
2026-08-24,0069M0,13320.0
2026-08-24,0098Z0,90005.0
2026-08-24,0112X0,39875.0
2026-08-24,0144L0,9400.0
2026-08-24,0162Y0,7200.0
2026-08-24,0163Y0,8635.0
2026-08-24,0166N0,7345.0
2026-08-24,0167B0,11579.0
2026-08-24,0191B0,28015.0
2026-08-24,0191S0,14200.0
2026-08-24,0193G0,8230.0
2026-08-24,0204S0,6470.0
2026-08-24,0208N0,7330.0
2026-08-24,0214M0,11315.0
2026-08-24,0219E0,8229.0
2026-08-24,0219Z0,10340.0
2026-08-24,0220B0,9315.0
2026-08-24,0222D0,10216.0
2026-08-24,069500,105995.0
2026-08-24,069660,105875.0
2026-08-24,091160,122235.0
2026-08-24,091170,15546.0
2026-08-24,091220,16245.0
2026-08-24,091230,128700.0
2026-08-24,099140,21445.0
2026-08-24,102110,106215.0
2026-08-24,105190,106235.0
2026-08-24,108590,105560.0
2026-08-24,133690,177885.0
2026-08-24,139270,16305.0
2026-08-24,140950,83250.0
2026-08-24,143860,39875.0
2026-08-24,148020,106735.0
2026-08-24,152100,107615.0
2026-08-24,152870,106925.0
2026-08-24,153270,81910.0
2026-08-24,159800,83835.0
2026-08-24,166400,23072.0
2026-08-24,168580,34050.0
2026-08-24,192090,12350.0
2026-08-24,192720,58040.0
2026-08-24,211560,34760.0
2026-08-24,211900,27615.0
2026-08-24,226490,68940.0
2026-08-24,226980,22300.0
2026-08-24,227830,69405.0
2026-08-24,228820,18635.0
2026-08-24,229200,14075.0
2026-08-24,229720,37100.0
2026-08-24,232080,14370.0
2026-08-24,237350,84895.0
2026-08-24,238720,47545.0
2026-08-24,241180,34410.0
2026-08-24,245360,12315.0
2026-08-24,250730,9860.0
2026-08-24,251350,39135.0
2026-08-24,252000,19335.0
2026-08-24,252650,18480.0
2026-08-24,266370,65245.0
2026-08-24,266420,18020.0
2026-08-24,269540,29955.0
2026-08-24,270810,14030.0
2026-08-24,277630,69900.0
2026-08-24,277640,36605.0
2026-08-24,277650,20600.0
2026-08-24,278530,38380.0
2026-08-24,278540,37780.0
2026-08-24,283580,15120.0
2026-08-24,284980,21700.0
2026-08-24,292050,48090.0
2026-08-24,292160,47215.0
2026-08-24,292190,46915.0
2026-08-24,292500,47825.0
2026-08-24,293180,106240.0
2026-08-24,294400,139165.0
2026-08-24,295040,39750.0
2026-08-24,301400,14140.0
2026-08-24,302450,69500.0
2026-08-24,304760,45820.0
2026-08-24,304770,14130.0
2026-08-24,304940,32050.0
2026-08-24,305050,69680.0
2026-08-24,310080,9315.0
2026-08-24,310960,62065.0
2026-08-24,310970,47475.0
2026-08-24,316670,7035.0
2026-08-24,328370,37585.0
2026-08-24,332500,71335.0
2026-08-24,332930,138885.0
2026-08-24,332940,46920.0
2026-08-24,337140,35610.0
2026-08-24,354500,14240.0
2026-08-24,359210,34750.0
2026-08-24,360200,26520.0
2026-08-24,360750,26235.0
2026-08-24,361580,60280.0
2026-08-24,364690,37975.0
2026-08-24,364960,6690.0
2026-08-24,364970,7750.0
2026-08-24,365040,35525.0
2026-08-24,367380,30585.0
2026-08-24,368190,8050.0
2026-08-24,368590,29680.0
2026-08-24,368680,8105.0
2026-08-24,371150,6760.0
2026-08-24,371160,6935.0
2026-08-24,371870,6820.0
2026-08-24,372330,6935.0
2026-08-24,375760,23655.0
2026-08-24,375770,23980.0
2026-08-24,376410,23800.0
2026-08-24,379780,22930.0
2026-08-24,379800,23845.0
2026-08-24,379810,26595.0
2026-08-24,381170,30200.0
2026-08-24,385710,11025.0
2026-08-24,385720,24975.0
2026-08-24,387270,24180.0
2026-08-24,391670,28460.0
2026-08-24,402970,15595.0
2026-08-24,403790,56120.0
2026-08-24,404120,24390.0
2026-08-24,404260,23030.0
2026-08-24,404540,23140.0
2026-08-24,404650,23055.0
2026-08-24,407310,16700.0
2026-08-24,407830,14300.0
2026-08-24,411540,17150.0
2026-08-24,426020,31420.0
2026-08-24,426030,44370.0
2026-08-24,429760,19540.0
2026-08-24,432840,19715.0
2026-08-24,433220,29335.0
2026-08-24,433250,23460.0
2026-08-24,433330,21905.0
2026-08-24,434960,106775.0
2026-08-24,438740,32815.0
2026-08-24,441640,12705.0
2026-08-24,441800,28128.0
2026-08-24,442260,36920.0
2026-08-24,444490,20125.0
2026-08-24,446720,14049.0
2026-08-24,448100,109237.0
2026-08-24,448290,17720.0
2026-08-24,448300,22600.0
2026-08-24,448570,29685.0
2026-08-24,449180,17090.0
2026-08-24,449190,21895.0
2026-08-24,449770,20985.0
2026-08-24,449780,18605.0
2026-08-24,450910,13800.0
2026-08-24,451060,34005.0
2026-08-24,451150,17880.0
2026-08-24,452360,13699.0
2026-08-24,453080,22600.0
2026-08-24,453330,18105.0
2026-08-24,453810,11745.0
2026-08-24,453870,11570.0
2026-08-24,458730,15324.0
2026-08-24,461450,15595.0
2026-08-24,461580,15875.0
2026-08-24,462340,17105.0
2026-08-24,463050,13350.0
2026-08-24,463300,13135.0
2026-08-24,469050,30855.0
2026-08-24,469060,33820.0
2026-08-24,471780,33700.0
2026-08-24,472150,19892.0
2026-08-24,472160,18395.0
2026-08-24,472720,24870.0
2026-08-24,472840,105460.0
2026-08-24,474920,18305.0
2026-08-24,476030,16870.0
2026-08-24,476850,20933.0
2026-08-24,477490,19190.0
2026-08-24,489250,13200.0
2026-08-24,491220,125650.0
2026-08-24,491700,106600.0
2026-08-24,494890,30585.0
2026-08-24,495040,31220.0
2026-08-24,495050,31840.0
2026-08-24,495060,28015.0
2026-08-24,495230,30361.0
2026-08-24,495330,31465.0
2026-08-24,495750,31415.0
2026-08-24,495850,31560.0
2026-08-24,496080,31620.0
2026-08-24,496090,31405.0
2026-08-24,496120,32705.0
2026-08-24,496130,24835.0
2026-08-24,498400,20095.0
2026-08-25,0000Z0,9370.0
2026-08-25,0007N0,107450.0
2026-08-25,0026S0,12880.0
2026-08-25,0041E0,16000.0
2026-08-25,0053M0,12945.0
2026-08-25,0069M0,13395.0
2026-08-25,0098Z0,90925.0
2026-08-25,0112X0,40190.0
2026-08-25,0144L0,9475.0
2026-08-25,0162Y0,7420.0
2026-08-25,0163Y0,8920.0
2026-08-25,0166N0,7530.0
2026-08-25,0167B0,11618.0
2026-08-25,0191B0,28995.0
2026-08-25,0191S0,14340.0
2026-08-25,0193G0,8300.0
2026-08-25,0204S0,6785.0
2026-08-25,0208N0,7380.0
2026-08-25,0214M0,11095.0
2026-08-25,0219E0,8288.0
2026-08-25,0219Z0,10360.0
2026-08-25,0220B0,9700.0
2026-08-25,0222D0,10350.0
2026-08-25,069500,106795.0
2026-08-25,069660,106600.0
2026-08-25,091160,124915.0
2026-08-25,091170,15781.0
2026-08-25,091220,16570.0
2026-08-25,091230,132205.0
2026-08-25,099140,21465.0
2026-08-25,102110,106940.0
2026-08-25,105190,106955.0
2026-08-25,108590,106320.0
2026-08-25,133690,179030.0
2026-08-25,139270,16600.0
2026-08-25,140950,83940.0
2026-08-25,143860,39105.0
2026-08-25,148020,107520.0
2026-08-25,152100,108400.0
2026-08-25,152870,107770.0
2026-08-25,153270,81950.0
2026-08-25,159800,84520.0
2026-08-25,166400,23196.0
2026-08-25,168580,34215.0
2026-08-25,192090,12345.0
2026-08-25,192720,58580.0
2026-08-25,211560,34940.0
2026-08-25,211900,27980.0
2026-08-25,226490,69330.0
2026-08-25,226980,22655.0
2026-08-25,227830,69450.0
2026-08-25,228820,18660.0
2026-08-25,229200,14300.0
2026-08-25,229720,37155.0
2026-08-25,232080,14595.0
2026-08-25,237350,85115.0
2026-08-25,238720,48035.0
2026-08-25,241180,34650.0
2026-08-25,245360,12420.0
2026-08-25,250730,9970.0
2026-08-25,251350,39390.0
2026-08-25,252000,19520.0
2026-08-25,252650,18640.0
2026-08-25,266370,66270.0
2026-08-25,266420,17775.0
2026-08-25,269540,29980.0
2026-08-25,270810,14220.0
2026-08-25,277630,70350.0
2026-08-25,277640,36805.0
2026-08-25,277650,20830.0
2026-08-25,278530,38655.0
2026-08-25,278540,38000.0
2026-08-25,283580,15165.0
2026-08-25,284980,22070.0
2026-08-25,292050,48175.0
2026-08-25,292160,47440.0
2026-08-25,292190,47035.0
2026-08-25,292500,47960.0
2026-08-25,293180,107055.0
2026-08-25,294400,140115.0
2026-08-25,295040,40020.0
2026-08-25,301400,14365.0
2026-08-25,302450,69785.0
2026-08-25,304760,46575.0
2026-08-25,304770,14305.0
2026-08-25,304940,32160.0
2026-08-25,305050,70045.0
2026-08-25,310080,9310.0
2026-08-25,310960,62315.0
2026-08-25,310970,47765.0
2026-08-25,316670,7150.0
2026-08-25,328370,37685.0
2026-08-25,332500,71810.0
2026-08-25,332930,140090.0
2026-08-25,332940,47650.0
2026-08-25,337140,35460.0
2026-08-25,354500,14430.0
2026-08-25,359210,34945.0
2026-08-25,360200,26635.0
2026-08-25,360750,26355.0
2026-08-25,361580,60660.0
2026-08-25,364690,38330.0
2026-08-25,364960,6625.0
2026-08-25,364970,7605.0
2026-08-25,365040,35800.0
2026-08-25,367380,30780.0
2026-08-25,368190,7965.0
2026-08-25,368590,29865.0
2026-08-25,368680,8005.0
2026-08-25,371150,6785.0
2026-08-25,371160,6970.0
2026-08-25,371870,6850.0
2026-08-25,372330,6955.0
2026-08-25,375760,24105.0
2026-08-25,375770,24215.0
2026-08-25,376410,24055.0
2026-08-25,379780,23035.0
2026-08-25,379800,23955.0
2026-08-25,379810,26765.0
2026-08-25,381170,30310.0
2026-08-25,385710,10940.0
2026-08-25,385720,25145.0
2026-08-25,387270,24105.0
2026-08-25,391670,28200.0
2026-08-25,402970,15690.0
2026-08-25,403790,56610.0
2026-08-25,404120,24760.0
2026-08-25,404260,23940.0
2026-08-25,404540,23770.0
2026-08-25,404650,23775.0
2026-08-25,407310,16975.0
2026-08-25,407830,14180.0
2026-08-25,411540,17360.0
2026-08-25,426020,31750.0
2026-08-25,426030,44995.0
2026-08-25,429760,19610.0
2026-08-25,432840,19745.0
2026-08-25,433220,29415.0
2026-08-25,433250,23305.0
2026-08-25,433330,22015.0
2026-08-25,434960,107405.0
2026-08-25,438740,33295.0
2026-08-25,441640,12790.0
2026-08-25,441800,28362.0
2026-08-25,442260,37180.0
2026-08-25,444490,20215.0
2026-08-25,446720,14124.0
2026-08-25,448100,109702.0
2026-08-25,448290,17750.0
2026-08-25,448300,22680.0
2026-08-25,448570,29795.0
2026-08-25,449180,17120.0
2026-08-25,449190,21960.0
2026-08-25,449770,21090.0
2026-08-25,449780,18650.0
2026-08-25,450910,14030.0
2026-08-25,451060,34190.0
2026-08-25,451150,18140.0
2026-08-25,452360,13784.0
2026-08-25,453080,22675.0
2026-08-25,453330,18135.0
2026-08-25,453810,11740.0
2026-08-25,453870,11530.0
2026-08-25,458730,15399.0
2026-08-25,461450,15710.0
2026-08-25,461580,15885.0
2026-08-25,462340,17015.0
2026-08-25,463050,13115.0
2026-08-25,463300,13145.0
2026-08-25,469050,31050.0
2026-08-25,469060,34235.0
2026-08-25,471780,34585.0
2026-08-25,472150,20049.0
2026-08-25,472160,18400.0
2026-08-25,472720,25225.0
2026-08-25,472840,105805.0
2026-08-25,474920,18320.0
2026-08-25,476030,16970.0
2026-08-25,476850,21360.0
2026-08-25,477490,19030.0
2026-08-25,489250,13270.0
2026-08-25,491220,125770.0
2026-08-25,491700,107480.0
2026-08-25,494890,30770.0
2026-08-25,495040,31455.0
2026-08-25,495050,32040.0
2026-08-25,495060,28360.0
2026-08-25,495230,30790.0
2026-08-25,495330,31640.0
2026-08-25,495750,31875.0
2026-08-25,495850,31780.0
2026-08-25,496080,31925.0
2026-08-25,496090,31795.0
2026-08-25,496120,32935.0
2026-08-25,496130,24970.0
2026-08-25,498400,20230.0
2026-08-26,0000Z0,9485.0
2026-08-26,0007N0,108345.0
2026-08-26,0026S0,12875.0
2026-08-26,0041E0,16060.0
2026-08-26,0053M0,13185.0
2026-08-26,0069M0,13370.0
2026-08-26,0098Z0,92365.0
2026-08-26,0112X0,40565.0
2026-08-26,0144L0,9450.0
2026-08-26,0162Y0,7380.0
2026-08-26,0163Y0,8910.0
2026-08-26,0166N0,7480.0
2026-08-26,0167B0,11712.0
2026-08-26,0191B0,28815.0
2026-08-26,0191S0,14390.0
2026-08-26,0193G0,8370.0
2026-08-26,0204S0,6710.0
2026-08-26,0208N0,7495.0
2026-08-26,0214M0,11185.0
2026-08-26,0219E0,8327.0
2026-08-26,0219Z0,10385.0
2026-08-26,0220B0,9555.0
2026-08-26,0222D0,10524.0
2026-08-26,069500,107710.0
2026-08-26,069660,107725.0
2026-08-26,091160,124700.0
2026-08-26,091170,16005.0
2026-08-26,091220,16660.0
2026-08-26,091230,131785.0
2026-08-26,099140,21650.0
2026-08-26,102110,107990.0
2026-08-26,105190,107880.0
2026-08-26,108590,107365.0
2026-08-26,133690,178630.0
2026-08-26,139270,16900.0
2026-08-26,140950,84745.0
2026-08-26,143860,39525.0
2026-08-26,148020,108410.0
2026-08-26,152100,109275.0
2026-08-26,152870,108715.0
2026-08-26,153270,83370.0
2026-08-26,159800,85455.0
2026-08-26,166400,23455.0
2026-08-26,168580,34495.0
2026-08-26,192090,12475.0
2026-08-26,192720,59075.0
2026-08-26,211560,35410.0
2026-08-26,211900,28274.0
2026-08-26,226490,69900.0
2026-08-26,226980,23035.0
2026-08-26,227830,70705.0
2026-08-26,228820,18840.0
2026-08-26,229200,14200.0
2026-08-26,229720,37375.0
2026-08-26,232080,14480.0
2026-08-26,237350,86000.0
2026-08-26,238720,48080.0
2026-08-26,241180,34795.0
2026-08-26,245360,12535.0
2026-08-26,250730,10120.0
2026-08-26,251350,39370.0
2026-08-26,252000,19900.0
2026-08-26,252650,19025.0
2026-08-26,266370,66255.0
2026-08-26,266420,18040.0
2026-08-26,269540,30000.0
2026-08-26,270810,14140.0
2026-08-26,277630,71040.0
2026-08-26,277640,37305.0
2026-08-26,277650,21165.0
2026-08-26,278530,38985.0
2026-08-26,278540,38380.0
2026-08-26,283580,15290.0
2026-08-26,284980,22435.0
2026-08-26,292050,49130.0
2026-08-26,292160,47965.0
2026-08-26,292190,47665.0
2026-08-26,292500,48820.0
2026-08-26,293180,108145.0
2026-08-26,294400,141400.0
2026-08-26,295040,40365.0
2026-08-26,301400,14340.0
2026-08-26,302450,70625.0
2026-08-26,304760,46560.0
2026-08-26,304770,14205.0
2026-08-26,304940,32100.0
2026-08-26,305050,70855.0
2026-08-26,310080,9505.0
2026-08-26,310960,62915.0
2026-08-26,310970,47925.0
2026-08-26,316670,7085.0
2026-08-26,328370,38430.0
2026-08-26,332500,72520.0
2026-08-26,332930,141440.0
2026-08-26,332940,47675.0
2026-08-26,337140,35965.0
2026-08-26,354500,14315.0
2026-08-26,359210,35375.0
2026-08-26,360200,26625.0
2026-08-26,360750,26335.0
2026-08-26,361580,61300.0
2026-08-26,364690,38805.0
2026-08-26,364960,6655.0
2026-08-26,364970,7705.0
2026-08-26,365040,36115.0
2026-08-26,367380,30720.0
2026-08-26,368190,8090.0
2026-08-26,368590,29790.0
2026-08-26,368680,8095.0
2026-08-26,371150,6905.0
2026-08-26,371160,7045.0
2026-08-26,371870,6920.0
2026-08-26,372330,7030.0
2026-08-26,375760,24095.0
2026-08-26,375770,24670.0
2026-08-26,376410,24430.0
2026-08-26,379780,23015.0
2026-08-26,379800,23920.0
2026-08-26,379810,26705.0
2026-08-26,381170,30365.0
2026-08-26,385710,10980.0
2026-08-26,385720,25345.0
2026-08-26,387270,24305.0
2026-08-26,391670,28005.0
2026-08-26,402970,15640.0
2026-08-26,403790,57625.0
2026-08-26,404120,25100.0
2026-08-26,404260,23895.0
2026-08-26,404540,23870.0
2026-08-26,404650,23925.0
2026-08-26,407310,16940.0
2026-08-26,407830,14320.0
2026-08-26,411540,17305.0
2026-08-26,426020,31735.0
2026-08-26,426030,44930.0
2026-08-26,429760,19615.0
2026-08-26,432840,19794.0
2026-08-26,433220,29585.0
2026-08-26,433250,23530.0
2026-08-26,433330,21990.0
2026-08-26,434960,108445.0
2026-08-26,438740,33940.0
2026-08-26,441640,12815.0
2026-08-26,441800,28775.0
2026-08-26,442260,37550.0
2026-08-26,444490,20200.0
2026-08-26,446720,14084.0
2026-08-26,448100,110721.0
2026-08-26,448290,17750.0
2026-08-26,448300,22655.0
2026-08-26,448570,30060.0
2026-08-26,449180,17110.0
2026-08-26,449190,21940.0
2026-08-26,449770,21085.0
2026-08-26,449780,18635.0
2026-08-26,450910,13920.0
2026-08-26,451060,34510.0
2026-08-26,451150,18115.0
2026-08-26,452360,13704.0
2026-08-26,453080,22640.0
2026-08-26,453330,18155.0
2026-08-26,453810,11870.0
2026-08-26,453870,11695.0
2026-08-26,458730,15374.0
2026-08-26,461450,15615.0
2026-08-26,461580,15945.0
2026-08-26,462340,17165.0
2026-08-26,463050,13290.0
2026-08-26,463300,13230.0
2026-08-26,469050,30960.0
2026-08-26,469060,34125.0
2026-08-26,471780,34415.0
2026-08-26,472150,20235.0
2026-08-26,472160,18445.0
2026-08-26,472720,25650.0
2026-08-26,472840,107230.0
2026-08-26,474920,18690.0
2026-08-26,476030,16940.0
2026-08-26,476850,21495.0
2026-08-26,477490,19110.0
2026-08-26,489250,13225.0
2026-08-26,491220,128075.0
2026-08-26,491700,108720.0
2026-08-26,494890,31065.0
2026-08-26,495040,31610.0
2026-08-26,495050,32195.0
2026-08-26,495060,28330.0
2026-08-26,495230,30661.0
2026-08-26,495330,31675.0
2026-08-26,495750,31815.0
2026-08-26,495850,31745.0
2026-08-26,496080,31950.0
2026-08-26,496090,31810.0
2026-08-26,496120,33105.0
2026-08-26,496130,25275.0
2026-08-26,498400,20380.0
2026-08-27,0000Z0,9540.0
2026-08-27,0007N0,109985.0
2026-08-27,0026S0,12895.0
2026-08-27,0041E0,16180.0
2026-08-27,0053M0,13185.0
2026-08-27,0069M0,13440.0
2026-08-27,0098Z0,93265.0
2026-08-27,0112X0,40815.0
2026-08-27,0144L0,9475.0
2026-08-27,0162Y0,7565.0
2026-08-27,0163Y0,9050.0
2026-08-27,0166N0,7780.0
2026-08-27,0167B0,11900.0
2026-08-27,0191B0,29660.0
2026-08-27,0191S0,14615.0
2026-08-27,0193G0,8500.0
2026-08-27,0204S0,6815.0
2026-08-27,0208N0,7620.0
2026-08-27,0214M0,11165.0
2026-08-27,0219E0,8475.0
2026-08-27,0219Z0,10475.0
2026-08-27,0220B0,9865.0
2026-08-27,0222D0,10460.0
2026-08-27,069500,109135.0
2026-08-27,069660,109140.0
2026-08-27,091160,127200.0
2026-08-27,091170,16090.0
2026-08-27,091220,16785.0
2026-08-27,091230,134490.0
2026-08-27,099140,21485.0
2026-08-27,102110,109395.0
2026-08-27,105190,109385.0
2026-08-27,108590,108855.0
2026-08-27,133690,179590.0
2026-08-27,139270,16930.0
2026-08-27,140950,85835.0
2026-08-27,143860,39290.0
2026-08-27,148020,109970.0
2026-08-27,152100,110815.0
2026-08-27,152870,110310.0
2026-08-27,153270,84490.0
2026-08-27,159800,86775.0
2026-08-27,166400,23715.0
2026-08-27,168580,34305.0
2026-08-27,192090,12470.0
2026-08-27,192720,58830.0
2026-08-27,211560,35190.0
2026-08-27,211900,27980.0
2026-08-27,226490,70750.0
2026-08-27,226980,23220.0
2026-08-27,227830,71680.0
2026-08-27,228820,19100.0
2026-08-27,229200,14500.0
2026-08-27,229720,37710.0
2026-08-27,232080,14785.0
2026-08-27,237350,87290.0
2026-08-27,238720,48170.0
2026-08-27,241180,34485.0
2026-08-27,245360,12335.0
2026-08-27,250730,9875.0
2026-08-27,251350,39385.0
2026-08-27,252000,19735.0
2026-08-27,252650,18990.0
2026-08-27,266370,67865.0
2026-08-27,266420,17935.0
2026-08-27,269540,30105.0
2026-08-27,270810,14455.0
2026-08-27,277630,71885.0
2026-08-27,277640,37630.0
2026-08-27,277650,21295.0
2026-08-27,278530,39525.0
2026-08-27,278540,38755.0
2026-08-27,283580,15355.0
2026-08-27,284980,22450.0
2026-08-27,292050,49510.0
2026-08-27,292160,48700.0
2026-08-27,292190,48120.0
2026-08-27,292500,49135.0
2026-08-27,293180,109390.0
2026-08-27,294400,143370.0
2026-08-27,295040,40965.0
2026-08-27,301400,14455.0
2026-08-27,302450,71360.0
2026-08-27,304760,47765.0
2026-08-27,304770,14555.0
2026-08-27,304940,32355.0
2026-08-27,305050,71360.0
2026-08-27,310080,9535.0
2026-08-27,310960,63755.0
2026-08-27,310970,48665.0
2026-08-27,316670,7250.0
2026-08-27,328370,38645.0
2026-08-27,332500,73300.0
2026-08-27,332930,143355.0
2026-08-27,332940,48870.0
2026-08-27,337140,36365.0
2026-08-27,354500,14660.0
2026-08-27,359210,35825.0
2026-08-27,360200,26650.0
2026-08-27,360750,26365.0
2026-08-27,361580,62050.0
2026-08-27,364690,39100.0
2026-08-27,364960,6755.0
2026-08-27,364970,7680.0
2026-08-27,365040,36745.0
2026-08-27,367380,30880.0
2026-08-27,368190,8245.0
2026-08-27,368590,29950.0
2026-08-27,368680,8305.0
2026-08-27,371150,6815.0
2026-08-27,371160,6995.0
2026-08-27,371870,6840.0
2026-08-27,372330,6960.0
2026-08-27,375760,24715.0
2026-08-27,375770,24800.0
2026-08-27,376410,24565.0
2026-08-27,379780,23045.0
2026-08-27,379800,23965.0
2026-08-27,379810,26855.0
2026-08-27,381170,30450.0
2026-08-27,385710,11240.0
2026-08-27,385720,25730.0
2026-08-27,387270,24635.0
2026-08-27,391670,28200.0
2026-08-27,402970,15575.0
2026-08-27,403790,57675.0
2026-08-27,404120,25465.0
2026-08-27,404260,24710.0
2026-08-27,404540,24410.0
2026-08-27,404650,24310.0
2026-08-27,407310,17235.0
2026-08-27,407830,14245.0
2026-08-27,411540,17520.0
2026-08-27,426020,31900.0
2026-08-27,426030,45955.0
2026-08-27,429760,19625.0
2026-08-27,432840,19775.0
2026-08-27,433220,29810.0
2026-08-27,433250,23680.0
2026-08-27,433330,22015.0
2026-08-27,434960,110080.0
2026-08-27,438740,34120.0
2026-08-27,441640,12795.0
2026-08-27,441800,28855.0
2026-08-27,442260,38080.0
2026-08-27,444490,20200.0
2026-08-27,446720,14020.0
2026-08-27,448100,113130.0
2026-08-27,448290,17820.0
2026-08-27,448300,22840.0
2026-08-27,448570,30220.0
2026-08-27,449180,17190.0
2026-08-27,449190,22095.0
2026-08-27,449770,21105.0
2026-08-27,449780,18705.0
2026-08-27,450910,14215.0
2026-08-27,451060,34970.0
2026-08-27,451150,18145.0
2026-08-27,452360,13695.0
2026-08-27,453080,22805.0
2026-08-27,453330,18220.0
2026-08-27,453810,11735.0
2026-08-27,453870,11545.0
2026-08-27,458730,15315.0
2026-08-27,461450,15965.0
2026-08-27,461580,16325.0
2026-08-27,462340,17085.0
2026-08-27,463050,13175.0
2026-08-27,463300,13330.0
2026-08-27,469050,31560.0
2026-08-27,469060,34760.0
2026-08-27,471780,35530.0
2026-08-27,472150,20530.0
2026-08-27,472160,18555.0
2026-08-27,472720,25580.0
2026-08-27,472840,108560.0
2026-08-27,474920,18735.0
2026-08-27,476030,17030.0
2026-08-27,476850,21550.0
2026-08-27,477490,19105.0
2026-08-27,489250,13190.0
2026-08-27,491220,129390.0
2026-08-27,491700,109915.0
2026-08-27,494890,31520.0
2026-08-27,495040,32105.0
2026-08-27,495050,32440.0
2026-08-27,495060,28535.0
2026-08-27,495230,31215.0
2026-08-27,495330,32015.0
2026-08-27,495750,32340.0
2026-08-27,495850,32180.0
2026-08-27,496080,32285.0
2026-08-27,496090,32195.0
2026-08-27,496120,33465.0
2026-08-27,496130,25630.0
2026-08-27,498400,20670.0
2026-08-28,0000Z0,9595.0
2026-08-28,0007N0,108040.0
2026-08-28,0026S0,12865.0
2026-08-28,0041E0,16135.0
2026-08-28,0053M0,13265.0
2026-08-28,0069M0,13435.0
2026-08-28,0098Z0,91610.0
2026-08-28,0112X0,40340.0
2026-08-28,0144L0,9455.0
2026-08-28,0162Y0,7500.0
2026-08-28,0163Y0,8985.0
2026-08-28,0166N0,7765.0
2026-08-28,0167B0,11640.0
2026-08-28,0191B0,29435.0
2026-08-28,0191S0,14585.0
2026-08-28,0193G0,8410.0
2026-08-28,0204S0,6820.0
2026-08-28,0208N0,7485.0
2026-08-28,0214M0,11215.0
2026-08-28,0219E0,8290.0
2026-08-28,0219Z0,10285.0
2026-08-28,0220B0,9620.0
2026-08-28,0222D0,10650.0
2026-08-28,069500,107180.0
2026-08-28,069660,107245.0
2026-08-28,091160,124255.0
2026-08-28,091170,16360.0
2026-08-28,091220,17050.0
2026-08-28,091230,131210.0
2026-08-28,099140,21420.0
2026-08-28,102110,107525.0
2026-08-28,105190,107450.0
2026-08-28,108590,106840.0
2026-08-28,133690,179490.0
2026-08-28,139270,17195.0
2026-08-28,140950,84225.0
2026-08-28,143860,39365.0
2026-08-28,148020,108020.0
2026-08-28,152100,109025.0
2026-08-28,152870,108140.0
2026-08-28,153270,82630.0
2026-08-28,159800,84905.0
2026-08-28,166400,23470.0
2026-08-28,168580,34450.0
2026-08-28,192090,12380.0
2026-08-28,192720,59590.0
2026-08-28,211560,35685.0
2026-08-28,211900,28470.0
2026-08-28,226490,69810.0
2026-08-28,226980,23780.0
2026-08-28,227830,70350.0
2026-08-28,228820,18925.0
2026-08-28,229200,14475.0
2026-08-28,229720,37460.0
2026-08-28,232080,14760.0
2026-08-28,237350,85550.0
2026-08-28,238720,48425.0
2026-08-28,241180,34490.0
2026-08-28,245360,12305.0
2026-08-28,250730,9855.0
2026-08-28,251350,39175.0
2026-08-28,252000,20075.0
2026-08-28,252650,19195.0
2026-08-28,266370,67010.0
2026-08-28,266420,17875.0
2026-08-28,269540,30210.0
2026-08-28,270810,14410.0
2026-08-28,277630,70835.0
2026-08-28,277640,37140.0
2026-08-28,277650,21465.0
2026-08-28,278530,38825.0
2026-08-28,278540,37980.0
2026-08-28,283580,15240.0
2026-08-28,284980,23010.0
2026-08-28,292050,48750.0
2026-08-28,292160,47560.0
2026-08-28,292190,47405.0
2026-08-28,292500,48555.0
2026-08-28,293180,107405.0
2026-08-28,294400,140780.0
2026-08-28,295040,40205.0
2026-08-28,301400,14620.0
2026-08-28,302450,70525.0
2026-08-28,304760,46365.0
2026-08-28,304770,14495.0
2026-08-28,304940,32540.0
2026-08-28,305050,70800.0
2026-08-28,310080,9490.0
2026-08-28,310960,62620.0
2026-08-28,310970,47780.0
2026-08-28,316670,7230.0
2026-08-28,328370,38225.0
2026-08-28,332500,72170.0
2026-08-28,332930,140640.0
2026-08-28,332940,47500.0
2026-08-28,337140,35895.0
2026-08-28,354500,14635.0
2026-08-28,359210,35250.0
2026-08-28,360200,26575.0
2026-08-28,360750,26280.0
2026-08-28,361580,60940.0
2026-08-28,364690,38905.0
2026-08-28,364960,6745.0
2026-08-28,364970,7620.0
2026-08-28,365040,36045.0
2026-08-28,367380,30860.0
2026-08-28,368190,8240.0
2026-08-28,368590,29940.0
2026-08-28,368680,8250.0
2026-08-28,371150,6760.0
2026-08-28,371160,6945.0
2026-08-28,371870,6770.0
2026-08-28,372330,6950.0
2026-08-28,375760,24055.0
2026-08-28,375770,24550.0
2026-08-28,376410,24340.0
2026-08-28,379780,22980.0
2026-08-28,379800,23890.0
2026-08-28,379810,26835.0
2026-08-28,381170,30610.0
2026-08-28,385710,11245.0
2026-08-28,385720,25680.0
2026-08-28,387270,24570.0
2026-08-28,391670,27730.0
2026-08-28,402970,15405.0
2026-08-28,403790,57200.0
2026-08-28,404120,25450.0
2026-08-28,404260,24475.0
2026-08-28,404540,24430.0
2026-08-28,404650,24340.0
2026-08-28,407310,16820.0
2026-08-28,407830,14350.0
2026-08-28,411540,17220.0
2026-08-28,426020,31615.0
2026-08-28,426030,44975.0
2026-08-28,429760,19575.0
2026-08-28,432840,19710.0
2026-08-28,433220,29575.0
2026-08-28,433250,23610.0
2026-08-28,433330,21950.0
2026-08-28,434960,108040.0
2026-08-28,438740,34480.0
2026-08-28,441640,12695.0
2026-08-28,441800,28760.0
2026-08-28,442260,37320.0
2026-08-28,444490,20170.0
2026-08-28,446720,13880.0
2026-08-28,448100,110385.0
2026-08-28,448290,17865.0
2026-08-28,448300,22965.0
2026-08-28,448570,30065.0
2026-08-28,449180,17245.0
2026-08-28,449190,22240.0
2026-08-28,449770,21040.0
2026-08-28,449780,18770.0
2026-08-28,450910,14180.0
2026-08-28,451060,34350.0
2026-08-28,451150,17895.0
2026-08-28,452360,13630.0
2026-08-28,453080,22965.0
2026-08-28,453330,18290.0
2026-08-28,453810,11645.0
2026-08-28,453870,11505.0
2026-08-28,458730,15140.0
2026-08-28,461450,16100.0
2026-08-28,461580,16430.0
2026-08-28,462340,16865.0
2026-08-28,463050,13320.0
2026-08-28,463300,13295.0
2026-08-28,469050,31325.0
2026-08-28,469060,34275.0
2026-08-28,471780,34800.0
2026-08-28,472150,20080.0
2026-08-28,472160,18760.0
2026-08-28,472720,25635.0
2026-08-28,472840,106650.0
2026-08-28,474920,18670.0
2026-08-28,476030,17015.0
2026-08-28,476850,21255.0
2026-08-28,477490,19045.0
2026-08-28,489250,13040.0
2026-08-28,491220,127325.0
2026-08-28,491700,108515.0
2026-08-28,494890,30895.0
2026-08-28,495040,31630.0
2026-08-28,495050,32150.0
2026-08-28,495060,28580.0
2026-08-28,495230,30905.0
2026-08-28,495330,31875.0
2026-08-28,495750,31705.0
2026-08-28,495850,31805.0
2026-08-28,496080,31910.0
2026-08-28,496090,31930.0
2026-08-28,496120,33165.0
2026-08-28,496130,25300.0
2026-08-28,498400,20350.0
2026-08-31,0000Z0,9190.0
2026-08-31,0007N0,107870.0
2026-08-31,0026S0,12790.0
2026-08-31,0041E0,15940.0
2026-08-31,0053M0,13300.0
2026-08-31,0069M0,13360.0
2026-08-31,0098Z0,91450.0
2026-08-31,0112X0,40405.0
2026-08-31,0144L0,9400.0
2026-08-31,0162Y0,7470.0
2026-08-31,0163Y0,8915.0
2026-08-31,0166N0,7755.0
2026-08-31,0167B0,11635.0
2026-08-31,0191B0,29325.0
2026-08-31,0191S0,14465.0
2026-08-31,0193G0,8420.0
2026-08-31,0204S0,6845.0
2026-08-31,0208N0,7440.0
2026-08-31,0214M0,10910.0
2026-08-31,0219E0,8300.0
2026-08-31,0219Z0,10380.0
2026-08-31,0220B0,9715.0
2026-08-31,0222D0,10540.0
2026-08-31,069500,107615.0
2026-08-31,069660,107675.0
2026-08-31,091160,124680.0
2026-08-31,091170,16365.0
2026-08-31,091220,17070.0
2026-08-31,091230,131495.0
2026-08-31,099140,21320.0
2026-08-31,102110,107875.0
2026-08-31,105190,107860.0
2026-08-31,108590,107115.0
2026-08-31,133690,178540.0
2026-08-31,139270,17080.0
2026-08-31,140950,84580.0
2026-08-31,143860,38780.0
2026-08-31,148020,108360.0
2026-08-31,152100,109285.0
2026-08-31,152870,108535.0
2026-08-31,153270,82760.0
2026-08-31,159800,85450.0
2026-08-31,166400,23570.0
2026-08-31,168580,34330.0
2026-08-31,192090,12350.0
2026-08-31,192720,59700.0
2026-08-31,211560,35515.0
2026-08-31,211900,28290.0
2026-08-31,226490,69925.0
2026-08-31,226980,23675.0
2026-08-31,227830,70320.0
2026-08-31,228820,18855.0
2026-08-31,229200,14370.0
2026-08-31,229720,37470.0
2026-08-31,232080,14650.0
2026-08-31,237350,85520.0
2026-08-31,238720,48080.0
2026-08-31,241180,34170.0
2026-08-31,245360,12235.0
2026-08-31,250730,9890.0
2026-08-31,251350,38805.0
2026-08-31,252000,20000.0
2026-08-31,252650,19120.0
2026-08-31,266370,67635.0
2026-08-31,266420,17620.0
2026-08-31,269540,30060.0
2026-08-31,270810,14300.0
2026-08-31,277630,70940.0
2026-08-31,277640,37300.0
2026-08-31,277650,21440.0
2026-08-31,278530,38940.0
2026-08-31,278540,38375.0
2026-08-31,283580,15190.0
2026-08-31,284980,22835.0
2026-08-31,292050,48790.0
2026-08-31,292160,47545.0
2026-08-31,292190,47680.0
2026-08-31,292500,48415.0
2026-08-31,293180,107945.0
2026-08-31,294400,141325.0
2026-08-31,295040,40365.0
2026-08-31,301400,14435.0
2026-08-31,302450,70485.0
2026-08-31,304760,47060.0
2026-08-31,304770,14380.0
2026-08-31,304940,32435.0
2026-08-31,305050,70600.0
2026-08-31,310080,9360.0
2026-08-31,310960,62795.0
2026-08-31,310970,48110.0
2026-08-31,316670,7190.0
2026-08-31,328370,38080.0
2026-08-31,332500,72425.0
2026-08-31,332930,141300.0
2026-08-31,332940,48030.0
2026-08-31,337140,35910.0
2026-08-31,354500,14500.0
2026-08-31,359210,35125.0
2026-08-31,360200,26410.0
2026-08-31,360750,26130.0
2026-08-31,361580,61145.0
2026-08-31,364690,39110.0
2026-08-31,364960,6750.0
2026-08-31,364970,7530.0
2026-08-31,365040,36235.0
2026-08-31,367380,30680.0
2026-08-31,368190,8260.0
2026-08-31,368590,29775.0
2026-08-31,368680,8235.0
2026-08-31,371150,6715.0
2026-08-31,371160,6900.0
2026-08-31,371870,6785.0
2026-08-31,372330,6900.0
2026-08-31,375760,24355.0
2026-08-31,375770,24515.0
2026-08-31,376410,24460.0
2026-08-31,379780,22850.0
2026-08-31,379800,23755.0
2026-08-31,379810,26695.0
2026-08-31,381170,30650.0
2026-08-31,385710,11245.0
2026-08-31,385720,25435.0
2026-08-31,387270,23980.0
2026-08-31,391670,27720.0
2026-08-31,402970,15365.0
2026-08-31,403790,57110.0
2026-08-31,404120,25470.0
2026-08-31,404260,24655.0
2026-08-31,404540,24710.0
2026-08-31,404650,24560.0
2026-08-31,407310,16800.0
2026-08-31,407830,14020.0
2026-08-31,411540,17260.0
2026-08-31,426020,31415.0
2026-08-31,426030,44450.0
2026-08-31,429760,19455.0
2026-08-31,432840,19640.0
2026-08-31,433220,29055.0
2026-08-31,433250,23710.0
2026-08-31,433330,21820.0
2026-08-31,434960,108325.0
2026-08-31,438740,34210.0
2026-08-31,441640,12600.0
2026-08-31,441800,28610.0
2026-08-31,442260,37630.0
2026-08-31,444490,20050.0
2026-08-31,446720,13845.0
2026-08-31,448100,110590.0
2026-08-31,448290,17810.0
2026-08-31,448300,22885.0
2026-08-31,448570,30045.0
2026-08-31,449180,17175.0
2026-08-31,449190,22175.0
2026-08-31,449770,20925.0
2026-08-31,449780,18685.0
2026-08-31,450910,14085.0
2026-08-31,451060,34480.0
2026-08-31,451150,17840.0
2026-08-31,452360,13635.0
2026-08-31,453080,22845.0
2026-08-31,453330,18220.0
2026-08-31,453810,11620.0
2026-08-31,453870,11415.0
2026-08-31,458730,15095.0
2026-08-31,461450,15880.0
2026-08-31,461580,16220.0
2026-08-31,462340,16605.0
2026-08-31,463050,12935.0
2026-08-31,463300,13220.0
2026-08-31,469050,30860.0
2026-08-31,469060,33680.0
2026-08-31,471780,35300.0
2026-08-31,472150,20065.0
2026-08-31,472160,18830.0
2026-08-31,472720,25635.0
2026-08-31,472840,106515.0
2026-08-31,474920,18350.0
2026-08-31,476030,16915.0
2026-08-31,476850,21310.0
2026-08-31,477490,18790.0
2026-08-31,489250,13005.0
2026-08-31,491220,127720.0
2026-08-31,491700,107480.0
2026-08-31,494890,31005.0
2026-08-31,495040,31570.0
2026-08-31,495050,32065.0
2026-08-31,495060,28515.0
2026-08-31,495230,30790.0
2026-08-31,495330,31635.0
2026-08-31,495750,31955.0
2026-08-31,495850,31830.0
2026-08-31,496080,31955.0
2026-08-31,496090,32095.0
2026-08-31,496120,33015.0
2026-08-31,496130,25240.0
2026-08-31,498400,20390.0
2026-09-01,0000Z0,9050.0
2026-09-01,0007N0,108545.0
2026-09-01,0026S0,12780.0
2026-09-01,0041E0,15940.0
2026-09-01,0053M0,13235.0
2026-09-01,0069M0,13375.0
2026-09-01,0098Z0,92575.0
2026-09-01,0112X0,40720.0
2026-09-01,0144L0,9415.0
2026-09-01,0162Y0,7270.0
2026-09-01,0163Y0,8745.0
2026-09-01,0166N0,7660.0
2026-09-01,0167B0,11720.0
2026-09-01,0191B0,28645.0
2026-09-01,0191S0,14175.0
2026-09-01,0193G0,8375.0
2026-09-01,0204S0,6650.0
2026-09-01,0208N0,7500.0
2026-09-01,0214M0,10650.0
2026-09-01,0219E0,8355.0
2026-09-01,0219Z0,10315.0
2026-09-01,0220B0,9495.0
2026-09-01,0222D0,10600.0
2026-09-01,069500,107885.0
2026-09-01,069660,107915.0
2026-09-01,091160,124720.0
2026-09-01,091170,16545.0
2026-09-01,091220,17225.0
2026-09-01,091230,131500.0
2026-09-01,099140,21225.0
2026-09-01,102110,108170.0
2026-09-01,105190,108160.0
2026-09-01,108590,107540.0
2026-09-01,133690,178785.0
2026-09-01,139270,17330.0
2026-09-01,140950,84760.0
2026-09-01,143860,38235.0
2026-09-01,148020,108700.0
2026-09-01,152100,109545.0
2026-09-01,152870,108915.0
2026-09-01,153270,83380.0
2026-09-01,159800,85725.0
2026-09-01,166400,23870.0
2026-09-01,168580,34270.0
2026-09-01,192090,12405.0
2026-09-01,192720,60000.0
2026-09-01,211560,36000.0
2026-09-01,211900,28725.0
2026-09-01,226490,70125.0
2026-09-01,226980,23210.0
2026-09-01,227830,70550.0
2026-09-01,228820,18930.0
2026-09-01,229200,13950.0
2026-09-01,229720,37250.0
2026-09-01,232080,14220.0
2026-09-01,237350,85745.0
2026-09-01,238720,48225.0
2026-09-01,241180,34290.0
2026-09-01,245360,12280.0
2026-09-01,250730,9990.0
2026-09-01,251350,38820.0
2026-09-01,252000,19900.0
2026-09-01,252650,19055.0
2026-09-01,266370,67285.0
2026-09-01,266420,17410.0
2026-09-01,269540,30025.0
2026-09-01,270810,13880.0
2026-09-01,277630,71225.0
2026-09-01,277640,37305.0
2026-09-01,277650,21360.0
2026-09-01,278530,39075.0
2026-09-01,278540,38370.0
2026-09-01,283580,15210.0
2026-09-01,284980,23050.0
2026-09-01,292050,48915.0
2026-09-01,292160,47865.0
2026-09-01,292190,47695.0
2026-09-01,292500,48760.0
2026-09-01,293180,108185.0
2026-09-01,294400,141680.0
2026-09-01,295040,40475.0
2026-09-01,301400,14085.0
2026-09-01,302450,70775.0
2026-09-01,304760,46660.0
2026-09-01,304770,13960.0
2026-09-01,304940,32435.0
2026-09-01,305050,70830.0
2026-09-01,310080,9320.0
2026-09-01,310960,63005.0
2026-09-01,310970,48145.0
2026-09-01,316670,6970.0
2026-09-01,328370,38435.0
2026-09-01,332500,72610.0
2026-09-01,332930,141525.0
2026-09-01,332940,47740.0
2026-09-01,337140,36245.0
2026-09-01,354500,14070.0
2026-09-01,359210,35385.0
2026-09-01,360200,26445.0
2026-09-01,360750,26120.0
2026-09-01,361580,61370.0
2026-09-01,364690,38705.0
2026-09-01,364960,6715.0
2026-09-01,364970,7420.0
2026-09-01,365040,36260.0
2026-09-01,367380,30730.0
2026-09-01,368190,8195.0
2026-09-01,368590,29820.0
2026-09-01,368680,8220.0
2026-09-01,371150,6670.0
2026-09-01,371160,6850.0
2026-09-01,371870,6710.0
2026-09-01,372330,6850.0
2026-09-01,375760,24105.0
2026-09-01,375770,24565.0
2026-09-01,376410,24415.0
2026-09-01,379780,22835.0
2026-09-01,379800,23740.0
2026-09-01,379810,26725.0
2026-09-01,381170,30570.0
2026-09-01,385710,11030.0
2026-09-01,385720,25500.0
2026-09-01,387270,24130.0
2026-09-01,391670,27975.0
2026-09-01,402970,15385.0
2026-09-01,403790,57575.0
2026-09-01,404120,25050.0
2026-09-01,404260,24355.0
2026-09-01,404540,24360.0
2026-09-01,404650,24150.0
2026-09-01,407310,16700.0
2026-09-01,407830,14130.0
2026-09-01,411540,17125.0
2026-09-01,426020,31430.0
2026-09-01,426030,44775.0
2026-09-01,429760,19450.0
2026-09-01,432840,19575.0
2026-09-01,433220,29140.0
2026-09-01,433250,23490.0
2026-09-01,433330,21810.0
2026-09-01,434960,108715.0
2026-09-01,438740,33995.0
2026-09-01,441640,12625.0
2026-09-01,441800,28875.0
2026-09-01,442260,37685.0
2026-09-01,444490,20040.0
2026-09-01,446720,13850.0
2026-09-01,448100,111035.0
2026-09-01,448290,17785.0
2026-09-01,448300,22900.0
2026-09-01,448570,29995.0
2026-09-01,449180,17160.0
2026-09-01,449190,22185.0
2026-09-01,449770,20915.0
2026-09-01,449780,18655.0
2026-09-01,450910,13660.0
2026-09-01,451060,34570.0
2026-09-01,451150,17475.0
2026-09-01,452360,13630.0
2026-09-01,453080,22865.0
2026-09-01,453330,18190.0
2026-09-01,453810,11695.0
2026-09-01,453870,11480.0
2026-09-01,458730,15100.0
2026-09-01,461450,15715.0
2026-09-01,461580,15895.0
2026-09-01,462340,16340.0
2026-09-01,463050,12660.0
2026-09-01,463300,13200.0
2026-09-01,469050,30920.0
2026-09-01,469060,33700.0
2026-09-01,471780,34955.0
2026-09-01,472150,20185.0
2026-09-01,472160,18755.0
2026-09-01,472720,25805.0
2026-09-01,472840,107275.0
2026-09-01,474920,18170.0
2026-09-01,476030,16935.0
2026-09-01,476850,21340.0
2026-09-01,477490,18835.0
2026-09-01,489250,13015.0
2026-09-01,491220,128255.0
2026-09-01,491700,108890.0
2026-09-01,494890,31120.0
2026-09-01,495040,31640.0
2026-09-01,495050,32210.0
2026-09-01,495060,28295.0
2026-09-01,495230,30915.0
2026-09-01,495330,31705.0
2026-09-01,495750,31845.0
2026-09-01,495850,31920.0
2026-09-01,496080,32015.0
2026-09-01,496090,31835.0
2026-09-01,496120,33145.0
2026-09-01,496130,25350.0
2026-09-01,498400,20495.0
2026-09-02,0000Z0,8805.0
2026-09-02,0007N0,104080.0
2026-09-02,0026S0,12650.0
2026-09-02,0041E0,15650.0
2026-09-02,0053M0,12625.0
2026-09-02,0069M0,13135.0
2026-09-02,0098Z0,88595.0
2026-09-02,0112X0,39075.0
2026-09-02,0144L0,9290.0
2026-09-02,0162Y0,7115.0
2026-09-02,0163Y0,8655.0
2026-09-02,0166N0,7520.0
2026-09-02,0167B0,11265.0
2026-09-02,0191B0,28220.0
2026-09-02,0191S0,13945.0
2026-09-02,0193G0,8060.0
2026-09-02,0204S0,6555.0
2026-09-02,0208N0,7205.0
2026-09-02,0214M0,10460.0
2026-09-02,0219E0,8045.0
2026-09-02,0219Z0,10090.0
2026-09-02,0220B0,9565.0
2026-09-02,0222D0,10430.0
2026-09-02,069500,103500.0
2026-09-02,069660,103450.0
2026-09-02,091160,121100.0
2026-09-02,091170,16465.0
2026-09-02,091220,17065.0
2026-09-02,091230,127740.0
2026-09-02,099140,21150.0
2026-09-02,102110,103655.0
2026-09-02,105190,103780.0
2026-09-02,108590,103175.0
2026-09-02,133690,175475.0
2026-09-02,139270,17010.0
2026-09-02,140950,81365.0
2026-09-02,143860,37600.0
2026-09-02,148020,104380.0
2026-09-02,152100,105100.0
2026-09-02,152870,104555.0
2026-09-02,153270,79585.0
2026-09-02,159800,82200.0
2026-09-02,166400,23065.0
2026-09-02,168580,33640.0
2026-09-02,192090,12210.0
2026-09-02,192720,58890.0
2026-09-02,211560,35470.0
2026-09-02,211900,28185.0
2026-09-02,226490,67120.0
2026-09-02,226980,22630.0
2026-09-02,227830,67535.0
2026-09-02,228820,18170.0
2026-09-02,229200,13620.0
2026-09-02,229720,36180.0
2026-09-02,232080,13905.0
2026-09-02,237350,82220.0
2026-09-02,238720,46700.0
2026-09-02,241180,33165.0
2026-09-02,245360,12170.0
2026-09-02,250730,9815.0
2026-09-02,251350,38355.0
2026-09-02,252000,19285.0
2026-09-02,252650,18525.0
2026-09-02,266370,65085.0
2026-09-02,266420,17030.0
2026-09-02,269540,29770.0
2026-09-02,270810,13565.0
2026-09-02,277630,68425.0
2026-09-02,277640,35870.0
2026-09-02,277650,20645.0
2026-09-02,278530,37500.0
2026-09-02,278540,36800.0
2026-09-02,283580,14985.0
2026-09-02,284980,22660.0
2026-09-02,292050,46825.0
2026-09-02,292160,46155.0
2026-09-02,292190,45865.0
2026-09-02,292500,46655.0
2026-09-02,293180,103900.0
2026-09-02,294400,135920.0
2026-09-02,295040,38825.0
2026-09-02,301400,13775.0
2026-09-02,302450,68240.0
2026-09-02,304760,45280.0
2026-09-02,304770,13640.0
2026-09-02,304940,31855.0
2026-09-02,305050,68320.0
2026-09-02,310080,9195.0
2026-09-02,310960,60500.0
2026-09-02,310970,46245.0
2026-09-02,316670,6820.0
2026-09-02,328370,36875.0
2026-09-02,332500,69645.0
2026-09-02,332930,135940.0
2026-09-02,332940,46265.0
2026-09-02,337140,34800.0
2026-09-02,354500,13775.0
2026-09-02,359210,34085.0
2026-09-02,360200,26135.0
2026-09-02,360750,25860.0
2026-09-02,361580,58920.0
2026-09-02,364690,37140.0
2026-09-02,364960,6465.0
2026-09-02,364970,7320.0
2026-09-02,365040,34635.0
2026-09-02,367380,30150.0
2026-09-02,368190,7855.0
2026-09-02,368590,29265.0
2026-09-02,368680,7910.0
2026-09-02,371150,6580.0
2026-09-02,371160,6740.0
2026-09-02,371870,6585.0
2026-09-02,372330,6740.0
2026-09-02,375760,23410.0
2026-09-02,375770,23495.0
2026-09-02,376410,23480.0
2026-09-02,379780,22610.0
2026-09-02,379800,23500.0
2026-09-02,379810,26235.0
2026-09-02,381170,30270.0
2026-09-02,385710,10725.0
2026-09-02,385720,24490.0
2026-09-02,387270,23520.0
2026-09-02,391670,26900.0
2026-09-02,402970,15320.0
2026-09-02,403790,55000.0
2026-09-02,404120,23685.0
2026-09-02,404260,23000.0
2026-09-02,404540,23165.0
2026-09-02,404650,22900.0
2026-09-02,407310,16005.0
2026-09-02,407830,13855.0
2026-09-02,411540,16350.0
2026-09-02,426020,31010.0
2026-09-02,426030,43265.0
2026-09-02,429760,19255.0
2026-09-02,432840,19430.0
2026-09-02,433220,28500.0
2026-09-02,433250,22605.0
2026-09-02,433330,21575.0
2026-09-02,434960,104250.0
2026-09-02,438740,32875.0
2026-09-02,441640,12530.0
2026-09-02,441800,28120.0
2026-09-02,442260,36160.0
2026-09-02,444490,19840.0
2026-09-02,446720,13775.0
2026-09-02,448100,106555.0
2026-09-02,448290,17635.0
2026-09-02,448300,22515.0
2026-09-02,448570,28960.0
2026-09-02,449180,17015.0
2026-09-02,449190,21805.0
2026-09-02,449770,20705.0
2026-09-02,449780,18485.0
2026-09-02,450910,13405.0
2026-09-02,451060,33180.0
2026-09-02,451150,17260.0
2026-09-02,452360,13610.0
2026-09-02,453080,22480.0
2026-09-02,453330,18025.0
2026-09-02,453810,11525.0
2026-09-02,453870,11325.0
2026-09-02,458730,15055.0
2026-09-02,461450,15325.0
2026-09-02,461580,15670.0
2026-09-02,462340,16265.0
2026-09-02,463050,12340.0
2026-09-02,463300,13035.0
2026-09-02,469050,29865.0
2026-09-02,469060,32550.0
2026-09-02,471780,33915.0
2026-09-02,472150,19420.0
2026-09-02,472160,18615.0
2026-09-02,472720,24905.0
2026-09-02,472840,103170.0
2026-09-02,474920,17920.0
2026-09-02,476030,16625.0
2026-09-02,476850,20700.0
2026-09-02,477490,18455.0
2026-09-02,489250,12955.0
2026-09-02,491220,123205.0
2026-09-02,491700,104370.0
2026-09-02,494890,29825.0
2026-09-02,495040,30545.0
2026-09-02,495050,31015.0
2026-09-02,495060,27240.0
2026-09-02,495230,29680.0
2026-09-02,495330,30485.0
2026-09-02,495750,30805.0
2026-09-02,495850,30575.0
2026-09-02,496080,30750.0
2026-09-02,496090,30630.0
2026-09-02,496120,31870.0
2026-09-02,496130,24465.0
2026-09-02,498400,19680.0
2026-09-03,0000Z0,8460.0
2026-09-03,0007N0,104295.0
2026-09-03,0026S0,12645.0
2026-09-03,0041E0,15655.0
2026-09-03,0053M0,12660.0
2026-09-03,0069M0,13115.0
2026-09-03,0098Z0,88760.0
2026-09-03,0112X0,39120.0
2026-09-03,0144L0,9285.0
2026-09-03,0162Y0,6950.0
2026-09-03,0163Y0,8475.0
2026-09-03,0166N0,7370.0
2026-09-03,0167B0,11290.0
2026-09-03,0191B0,28410.0
2026-09-03,0191S0,13555.0
2026-09-03,0193G0,8070.0
2026-09-03,0204S0,6500.0
2026-09-03,0208N0,7205.0
2026-09-03,0214M0,10085.0
2026-09-03,0219E0,8050.0
2026-09-03,0219Z0,10095.0
2026-09-03,0220B0,9355.0
2026-09-03,0222D0,10550.0
2026-09-03,069500,103610.0
2026-09-03,069660,103635.0
2026-09-03,091160,119330.0
2026-09-03,091170,16915.0
2026-09-03,091220,17610.0
2026-09-03,091230,126355.0
2026-09-03,099140,20920.0
2026-09-03,102110,103860.0
2026-09-03,105190,103900.0
2026-09-03,108590,103310.0
2026-09-03,133690,175270.0
2026-09-03,139270,17685.0
2026-09-03,140950,81345.0
2026-09-03,143860,36700.0
2026-09-03,148020,104435.0
2026-09-03,152100,105320.0
2026-09-03,152870,104650.0
2026-09-03,153270,79910.0
2026-09-03,159800,82270.0
2026-09-03,166400,23130.0
2026-09-03,168580,33560.0
2026-09-03,192090,12110.0
2026-09-03,192720,59990.0
2026-09-03,211560,35785.0
2026-09-03,211900,28675.0
2026-09-03,226490,67375.0
2026-09-03,226980,22685.0
2026-09-03,227830,68895.0
2026-09-03,228820,18150.0
2026-09-03,229200,13295.0
2026-09-03,229720,35960.0
2026-09-03,232080,13580.0
2026-09-03,237350,82315.0
2026-09-03,238720,46580.0
2026-09-03,241180,33420.0
2026-09-03,245360,12025.0
2026-09-03,250730,9820.0
2026-09-03,251350,38350.0
2026-09-03,252000,19410.0
2026-09-03,252650,18675.0
2026-09-03,266370,64050.0
2026-09-03,266420,16740.0
2026-09-03,269540,29980.0
2026-09-03,270810,13260.0
2026-09-03,277630,68420.0
2026-09-03,277640,35885.0
2026-09-03,277650,20900.0
2026-09-03,278530,37540.0
2026-09-03,278540,36880.0
2026-09-03,283580,14905.0
2026-09-03,284980,23295.0
2026-09-03,292050,47030.0
2026-09-03,292160,46095.0
2026-09-03,292190,45860.0
2026-09-03,292500,46890.0
2026-09-03,293180,103900.0
2026-09-03,294400,136085.0
2026-09-03,295040,38880.0
2026-09-03,301400,13415.0
2026-09-03,302450,68080.0
2026-09-03,304760,44820.0
2026-09-03,304770,13340.0
2026-09-03,304940,32070.0
2026-09-03,305050,68405.0
2026-09-03,310080,9210.0
2026-09-03,310960,60865.0
2026-09-03,310970,46255.0
2026-09-03,316670,6660.0
2026-09-03,328370,36935.0
2026-09-03,332500,69800.0
2026-09-03,332930,135960.0
2026-09-03,332940,45815.0
2026-09-03,337140,34825.0
2026-09-03,354500,13455.0
2026-09-03,359210,34170.0
2026-09-03,360200,26120.0
2026-09-03,360750,25840.0
2026-09-03,361580,58925.0
2026-09-03,364690,37015.0
2026-09-03,364960,6475.0
2026-09-03,364970,7145.0
2026-09-03,365040,34730.0
2026-09-03,367380,30130.0
2026-09-03,368190,7985.0
2026-09-03,368590,29230.0
2026-09-03,368680,8000.0
2026-09-03,371150,6525.0
2026-09-03,371160,6675.0
2026-09-03,371870,6515.0
2026-09-03,372330,6650.0
2026-09-03,375760,23230.0
2026-09-03,375770,23800.0
2026-09-03,376410,23470.0
2026-09-03,379780,22580.0
2026-09-03,379800,23485.0
2026-09-03,379810,26205.0
2026-09-03,381170,30400.0
2026-09-03,385710,10680.0
2026-09-03,385720,24450.0
2026-09-03,387270,23560.0
2026-09-03,391670,26650.0
2026-09-03,402970,15295.0
2026-09-03,403790,55235.0
2026-09-03,404120,24090.0
2026-09-03,404260,23520.0
2026-09-03,404540,23275.0
2026-09-03,404650,23250.0
2026-09-03,407310,16110.0
2026-09-03,407830,13750.0
2026-09-03,411540,16585.0
2026-09-03,426020,31145.0
2026-09-03,426030,43605.0
2026-09-03,429760,19250.0
2026-09-03,432840,19440.0
2026-09-03,433220,28555.0
2026-09-03,433250,22605.0
2026-09-03,433330,21570.0
2026-09-03,434960,104485.0
2026-09-03,438740,33095.0
2026-09-03,441640,12525.0
2026-09-03,441800,28200.0
2026-09-03,442260,36150.0
2026-09-03,444490,19830.0
2026-09-03,446720,13795.0
2026-09-03,448100,106145.0
2026-09-03,448290,17745.0
2026-09-03,448300,22640.0
2026-09-03,448570,29020.0
2026-09-03,449180,17110.0
2026-09-03,449190,21925.0
2026-09-03,449770,20690.0
2026-09-03,449780,18635.0
2026-09-03,450910,13070.0
2026-09-03,451060,33210.0
2026-09-03,451150,17185.0
2026-09-03,452360,13675.0
2026-09-03,453080,22620.0
2026-09-03,453330,18130.0
2026-09-03,453810,11590.0
2026-09-03,453870,11365.0
2026-09-03,458730,15040.0
2026-09-03,461450,14815.0
2026-09-03,461580,15310.0
2026-09-03,462340,16280.0
2026-09-03,463050,11900.0
2026-09-03,463300,12980.0
2026-09-03,469050,30160.0
2026-09-03,469060,32680.0
2026-09-03,471780,33485.0
2026-09-03,472150,19450.0
2026-09-03,472160,18800.0
2026-09-03,472720,24865.0
2026-09-03,472840,103475.0
2026-09-03,474920,17795.0
2026-09-03,476030,16610.0
2026-09-03,476850,20500.0
2026-09-03,477490,18435.0
2026-09-03,489250,12960.0
2026-09-03,491220,123540.0
2026-09-03,491700,104835.0
2026-09-03,494890,29860.0
2026-09-03,495040,30540.0
2026-09-03,495050,31220.0
2026-09-03,495060,27400.0
2026-09-03,495230,29580.0
2026-09-03,495330,30970.0
2026-09-03,495750,30825.0
2026-09-03,495850,30795.0
2026-09-03,496080,31045.0
2026-09-03,496090,30855.0
2026-09-03,496120,32055.0
2026-09-03,496130,24885.0
2026-09-03,498400,19715.0
2026-09-04,0000Z0,8695.0
2026-09-04,0007N0,106355.0
2026-09-04,0026S0,12705.0
2026-09-04,0041E0,15835.0
2026-09-04,0053M0,12770.0
2026-09-04,0069M0,13245.0
2026-09-04,0098Z0,90500.0
2026-09-04,0112X0,39815.0
2026-09-04,0144L0,9375.0
2026-09-04,0162Y0,7245.0
2026-09-04,0163Y0,8800.0
2026-09-04,0166N0,7570.0
2026-09-04,0167B0,11475.0
2026-09-04,0191B0,29020.0
2026-09-04,0191S0,14040.0
2026-09-04,0193G0,8245.0
2026-09-04,0204S0,6655.0
2026-09-04,0208N0,7330.0
2026-09-04,0214M0,10350.0
2026-09-04,0219E0,8200.0
2026-09-04,0219Z0,10130.0
2026-09-04,0220B0,9845.0
2026-09-04,0222D0,10505.0
2026-09-04,069500,105720.0
2026-09-04,069660,105580.0
2026-09-04,091160,123750.0
2026-09-04,091170,16385.0
2026-09-04,091220,17080.0
2026-09-04,091230,130295.0
2026-09-04,099140,21205.0
2026-09-04,102110,105880.0
2026-09-04,105190,105915.0
2026-09-04,108590,105295.0
2026-09-04,133690,176990.0
2026-09-04,139270,17145.0
2026-09-04,140950,82995.0
2026-09-04,143860,37245.0
2026-09-04,148020,106420.0
2026-09-04,152100,107175.0
2026-09-04,152870,106710.0
2026-09-04,153270,81635.0
2026-09-04,159800,83775.0
2026-09-04,166400,23525.0
2026-09-04,168580,33465.0
2026-09-04,192090,12010.0
2026-09-04,192720,59560.0
2026-09-04,211560,35490.0
2026-09-04,211900,28390.0
2026-09-04,226490,68695.0
2026-09-04,226980,22790.0
2026-09-04,227830,69275.0
2026-09-04,228820,18485.0
2026-09-04,229200,13820.0
2026-09-04,229720,36490.0
2026-09-04,232080,14110.0
2026-09-04,237350,84270.0
2026-09-04,238720,47435.0
2026-09-04,241180,33800.0
2026-09-04,245360,12215.0
2026-09-04,250730,10030.0
2026-09-04,251350,38685.0
2026-09-04,252000,19575.0
2026-09-04,252650,18820.0
2026-09-04,266370,66125.0
2026-09-04,266420,16920.0
2026-09-04,269540,30290.0
2026-09-04,270810,13780.0
2026-09-04,277630,69670.0
2026-09-04,277640,36350.0
2026-09-04,277650,20910.0
2026-09-04,278530,38265.0
2026-09-04,278540,37355.0
2026-09-04,283580,14825.0
2026-09-04,284980,22880.0
2026-09-04,292050,47950.0
2026-09-04,292160,46885.0
2026-09-04,292190,46655.0
2026-09-04,292500,47835.0
2026-09-04,293180,105960.0
2026-09-04,294400,138735.0
2026-09-04,295040,39635.0
2026-09-04,301400,13930.0
2026-09-04,302450,69290.0
2026-09-04,304760,46120.0
2026-09-04,304770,13890.0
2026-09-04,304940,32580.0
2026-09-04,305050,69465.0
2026-09-04,310080,9350.0
2026-09-04,310960,61720.0
2026-09-04,310970,47060.0
2026-09-04,316670,6920.0
2026-09-04,328370,37660.0
2026-09-04,332500,71090.0
2026-09-04,332930,138760.0
2026-09-04,332940,47180.0
2026-09-04,337140,35370.0
2026-09-04,354500,13990.0
2026-09-04,359210,34610.0
2026-09-04,360200,26260.0
2026-09-04,360750,25980.0
2026-09-04,361580,60070.0
2026-09-04,364690,37900.0
2026-09-04,364960,6505.0
2026-09-04,364970,7235.0
2026-09-04,365040,35405.0
2026-09-04,367380,30425.0
2026-09-04,368190,7960.0
2026-09-04,368590,29515.0
2026-09-04,368680,8030.0
2026-09-04,371150,6595.0
2026-09-04,371160,6745.0
2026-09-04,371870,6585.0
2026-09-04,372330,6725.0
2026-09-04,375760,23850.0
2026-09-04,375770,24080.0
2026-09-04,376410,23875.0
2026-09-04,379780,22715.0
2026-09-04,379800,23620.0
2026-09-04,379810,26470.0
2026-09-04,381170,30700.0
2026-09-04,385710,10640.0
2026-09-04,385720,24915.0
2026-09-04,387270,23865.0
2026-09-04,391670,27710.0
2026-09-04,402970,15235.0
2026-09-04,403790,56465.0
2026-09-04,404120,24425.0
2026-09-04,404260,23825.0
2026-09-04,404540,23810.0
2026-09-04,404650,23845.0
2026-09-04,407310,16365.0
2026-09-04,407830,14105.0
2026-09-04,411540,16645.0
2026-09-04,426020,31520.0
2026-09-04,426030,44770.0
2026-09-04,429760,19355.0
2026-09-04,432840,19500.0
2026-09-04,433220,28695.0
2026-09-04,433250,22780.0
2026-09-04,433330,21685.0
2026-09-04,434960,106405.0
2026-09-04,438740,33345.0
2026-09-04,441640,12585.0
2026-09-04,441800,28510.0
2026-09-04,442260,36850.0
2026-09-04,444490,19915.0
2026-09-04,446720,13715.0
2026-09-04,448100,108590.0
2026-09-04,448290,17945.0
2026-09-04,448300,22995.0
2026-09-04,448570,29565.0
2026-09-04,449180,17310.0
2026-09-04,449190,22265.0
2026-09-04,449770,20790.0
2026-09-04,449780,18835.0
2026-09-04,450910,13555.0
2026-09-04,451060,33800.0
2026-09-04,451150,17255.0
2026-09-04,452360,13685.0
2026-09-04,453080,22965.0
2026-09-04,453330,18340.0
2026-09-04,453810,11540.0
2026-09-04,453870,11300.0
2026-09-04,458730,14965.0
2026-09-04,461450,15335.0
2026-09-04,461580,15675.0
2026-09-04,462340,16440.0
2026-09-04,463050,12255.0
2026-09-04,463300,12935.0
2026-09-04,469050,30640.0
2026-09-04,469060,32935.0
2026-09-04,471780,34465.0
2026-09-04,472150,19775.0
2026-09-04,472160,19105.0
2026-09-04,472720,25075.0
2026-09-04,472840,105005.0
2026-09-04,474920,17900.0
2026-09-04,476030,16770.0
2026-09-04,476850,20945.0
2026-09-04,477490,18660.0
2026-09-04,489250,12890.0
2026-09-04,491220,125475.0
2026-09-04,491700,104835.0
2026-09-04,494890,30435.0
2026-09-04,495040,31150.0
2026-09-04,495050,31580.0
2026-09-04,495060,27725.0
2026-09-04,495230,30195.0
2026-09-04,495330,31185.0
2026-09-04,495750,31490.0
2026-09-04,495850,31205.0
2026-09-04,496080,31465.0
2026-09-04,496090,31260.0
2026-09-04,496120,32595.0
2026-09-04,496130,24850.0
2026-09-04,498400,20075.0
