as_of_date,target_open_gap_pct,sp500_ret_1d_pct,sp500_close,sp500_src_date,nasdaq_ret_1d_pct,nasdaq_close,nasdaq_src_date,sox_ret_1d_pct,sox_close,sox_src_date,russell_ret_1d_pct,russell_close,russell_src_date,vix_ret_1d_pct,vix_close,vix_src_date,usdkrw_ret_1d_pct,usdkrw_src_date,primary_complete
2015-01-05,-0.202224,-0.033996,2058.199951171875,2015-01-02,-0.195094,4726.81005859375,2015-01-02,-0.020384,686.72998046875,2015-01-02,-0.48974,1198.800048828125,2015-01-02,-7.343749,17.790000915527344,2015-01-02,0.082367,2015-01-02,True
2015-01-06,-1.053485,-1.827811,2020.5799560546875,2015-01-05,-1.57062,4652.56982421875,2015-01-05,-1.913409,673.5900268554688,2015-01-05,-1.455628,1181.3499755859375,2015-01-05,11.973013,19.920000076293945,2015-01-05,1.591078,2015-01-05,True
2015-01-07,0.0,-0.889347,2002.6099853515625,2015-01-06,-1.285947,4592.740234375,2015-01-06,-2.191245,658.8300170898438,2015-01-06,-1.696357,1161.31005859375,2015-01-06,6.0241,21.1200008392334,2015-01-06,-0.225023,2015-01-06,True
2015-01-08,0.514615,1.162984,2025.9000244140625,2015-01-07,1.256983,4650.47021484375,2015-01-07,0.977491,665.27001953125,2015-01-07,1.26236,1175.969970703125,2015-01-07,-8.570082,19.309999465942383,2015-01-07,-1.01037,2015-01-07,True
2015-01-09,1.01626,1.788828,2062.139892578125,2015-01-08,1.843249,4736.18994140625,2015-01-08,2.913104,684.6500244140625,2015-01-08,1.714332,1196.1300048828125,2015-01-08,-11.910923,17.010000228881836,2015-01-08,0.045566,2015-01-08,True
2015-01-12,-0.502513,-0.840381,2044.81005859375,2015-01-09,-0.678185,4704.06982421875,2015-01-09,0.127072,685.52001953125,2015-01-09,-0.873647,1185.6800537109375,2015-01-09,3.174597,17.549999237060547,2015-01-09,-0.318819,2015-01-09,True
2015-01-13,-0.181342,-0.809369,2028.260009765625,2015-01-12,-0.836719,4664.7099609375,2015-01-12,-1.998485,671.8200073242188,2015-01-12,-0.471467,1180.0899658203125,2015-01-12,11.680919,19.600000381469727,2015-01-12,-1.142283,2015-01-12,True
2015-01-14,-0.140421,-0.257856,2023.030029296875,2015-01-13,-0.068814,4661.5,2015-01-13,-0.928819,665.5800170898438,2015-01-13,0.046611,1180.6400146484375,2015-01-13,4.897954,20.559999465942383,2015-01-13,-0.036978,2015-01-13,True
2015-01-15,-0.141044,-0.581307,2011.27001953125,2015-01-14,-0.475816,4639.31982421875,2015-01-14,-0.590461,661.6500244140625,2015-01-14,-0.303222,1177.06005859375,2015-01-14,4.474709,21.479999542236328,2015-01-14,-0.397637,2015-01-14,True
2015-01-16,-0.361591,-0.924788,1992.6700439453125,2015-01-15,-1.47651,4570.81982421875,2015-01-15,-0.776848,656.510009765625,2015-01-15,-1.898807,1154.7099609375,2015-01-15,4.236498,22.389999389648438,2015-01-15,0.454928,2015-01-15,True
2015-01-19,0.611122,1.34242,2019.4200439453125,2015-01-16,1.390561,4634.3798828125,2015-01-16,1.119553,663.8599853515625,2015-01-16,1.90005,1176.6500244140625,2015-01-16,-6.431437,20.950000762939453,2015-01-16,-0.600739,2015-01-16,True
2015-01-20,0.26215,1.34242,2019.4200439453125,2015-01-16,1.390561,4634.3798828125,2015-01-16,1.119553,663.8599853515625,2015-01-16,1.90005,1176.6500244140625,2015-01-16,,,2015-01-19,0.23245,2015-01-19,False
2015-01-21,-0.179892,0.154995,2022.550048828125,2015-01-20,0.441703,4654.85009765625,2015-01-20,1.010759,670.5700073242188,2015-01-20,-0.543919,1170.25,2015-01-20,-5.059672,19.889999389648438,2015-01-20,0.102039,2015-01-20,True
2015-01-22,0.598325,0.473162,2032.1199951171875,2015-01-21,0.270037,4667.419921875,2015-01-21,1.131868,678.1599731445312,2015-01-21,-0.341807,1166.25,2015-01-21,-5.228753,18.850000381469727,2015-01-21,0.704288,2015-01-21,True
2015-01-23,1.392204,1.526972,2063.14990234375,2015-01-22,1.777855,4750.39990234375,2015-01-22,0.637019,682.47998046875,2015-01-22,2.068167,1190.3699951171875,2015-01-22,-12.997351,16.399999618530273,2015-01-22,-0.441698,2015-01-22,True
2015-01-26,-0.257069,-0.549152,2051.820068359375,2015-01-23,0.15746,4757.8798828125,2015-01-23,-0.284258,680.5399780273438,2015-01-23,-0.120966,1188.9300537109375,2015-01-23,1.585367,16.65999984741211,2015-01-23,0.258797,2015-01-23,True
2015-01-27,0.454815,0.256846,2057.090087890625,2015-01-26,0.291724,4771.759765625,2015-01-26,0.271848,682.3900146484375,2015-01-26,0.993325,1200.739990234375,2015-01-26,-6.842733,15.520000457763672,2015-01-26,-0.018434,2015-01-26,True
2015-01-28,-0.549882,-1.338786,2029.550048828125,2015-01-27,-1.89154,4681.5,2015-01-27,-1.846457,669.7899780273438,2015-01-27,-0.506351,1194.6600341796875,2015-01-27,10.953601,17.219999313354492,2015-01-27,-0.479479,2015-01-27,True
2015-01-29,-0.412007,-1.349561,2002.1600341796875,2015-01-28,-0.929398,4637.990234375,2015-01-28,-0.555394,666.0700073242188,2015-01-28,-1.635615,1175.1199951171875,2015-01-28,18.699195,20.440000534057617,2015-01-28,-0.240906,2015-01-28,True
2015-01-30,0.315395,0.953469,2021.25,2015-01-29,0.979302,4683.41015625,2015-01-29,0.084075,666.6300048828125,2015-01-29,1.281576,1190.1800537109375,2015-01-29,-8.219179,18.760000228881836,2015-01-29,0.715155,2015-01-29,True
2015-02-02,-0.512719,-1.299197,1994.989990234375,2015-01-30,-1.028522,4635.240234375,2015-01-30,-2.02361,653.1400146484375,2015-01-30,-2.082881,1165.3900146484375,2015-01-30,11.780379,20.969999313354492,2015-01-30,1.327925,2015-01-30,True
2015-02-03,0.375568,1.296246,2020.8499755859375,2015-02-02,0.89423,4676.68994140625,2015-02-02,0.0,653.1400146484375,2015-02-02,0.868378,1175.510009765625,2015-02-02,-7.34382,19.43000030517578,2015-02-02,0.018197,2015-02-02,True
2015-02-04,0.632786,1.44395,2050.030029296875,2015-02-03,1.09159,4727.740234375,2015-02-03,2.111336,666.9299926757812,2015-02-03,1.82729,1196.989990234375,2015-02-03,-10.808031,17.329999923706055,2015-02-03,-0.081895,2015-02-03,True
2015-02-05,-0.117832,-0.415605,2041.510009765625,2015-02-04,-0.233516,4716.7001953125,2015-02-04,0.332873,669.1500244140625,2015-02-04,-0.463667,1191.43994140625,2015-02-04,5.77034,18.329999923706055,2015-02-04,-0.619245,2015-02-04,True
2015-02-06,0.119048,1.029141,2062.52001953125,2015-02-05,1.026139,4765.10009765625,2015-02-05,0.977356,675.6900024414062,2015-02-05,1.449508,1208.7099609375,2015-02-05,-8.074193,16.850000381469727,2015-02-05,-0.339052,2015-02-05,True
2015-02-09,-0.356577,-0.341817,2055.469970703125,2015-02-06,-0.434413,4744.39990234375,2015-02-06,-0.569784,671.8400268554688,2015-02-06,-0.268882,1205.4599609375,2015-02-06,2.611279,17.290000915527344,2015-02-06,-0.257441,2015-02-06,True
2015-02-10,-0.039667,-0.424719,2046.739990234375,2015-02-09,-0.387618,4726.009765625,2015-02-09,-1.086575,664.5399780273438,2015-02-09,-0.798866,1195.8299560546875,2015-02-09,7.287439,18.549999237060547,2015-02-09,1.096967,2015-02-09,True
2015-02-11,0.019928,1.067556,2068.590087890625,2015-02-10,1.304068,4787.64013671875,2015-02-10,3.384304,687.030029296875,2015-02-10,0.614644,1203.1800537109375,2015-02-10,-7.115902,17.229999542236328,2015-02-10,-0.237073,2015-02-10,True
2015-02-12,0.079602,-0.002903,2068.530029296875,2015-02-11,0.282812,4801.18017578125,2015-02-11,0.323126,689.25,2015-02-11,-0.135475,1201.550048828125,2015-02-11,-1.567037,16.959999084472656,2015-02-11,0.319898,2015-02-11,True
2015-02-13,0.259481,0.964451,2088.47998046875,2015-02-12,1.17533,4857.60986328125,2015-02-12,1.587233,700.1900024414062,2015-02-12,1.225082,1216.27001953125,2015-02-12,-9.551881,15.34000015258789,2015-02-12,0.737972,2015-02-12,True
2015-02-16,0.0,0.407474,2096.989990234375,2015-02-13,0.74584,4893.83984375,2015-02-13,0.698384,705.0800170898438,2015-02-13,0.564018,1223.1300048828125,2015-02-13,-4.237292,14.6899995803833,2015-02-13,-0.406982,2015-02-13,True
2015-02-17,-0.178112,0.407474,2096.989990234375,2015-02-13,0.74584,4893.83984375,2015-02-13,0.698384,705.0800170898438,2015-02-13,0.564018,1223.1300048828125,2015-02-13,,,2015-02-16,-0.526692,2015-02-16,False
2015-02-23,0.473934,0.612653,2110.300048828125,2015-02-20,0.634963,4955.97021484375,2015-02-20,0.60682,711.25,2015-02-20,0.315984,1231.7900390625,2015-02-20,-6.474819,14.300000190734863,2015-02-20,0.270856,2015-02-20,True
2015-02-24,0.098464,-0.030334,2109.659912109375,2015-02-23,0.100888,4960.97021484375,2015-02-23,-0.639717,706.7000122070312,2015-02-23,0.003241,1231.8299560546875,2015-02-23,1.818183,14.5600004196167,2015-02-23,-0.135062,2015-02-23,True
2015-02-25,0.314713,0.275877,2115.47998046875,2015-02-24,0.144123,4968.1201171875,2015-02-24,1.332954,716.1199951171875,2015-02-24,0.174539,1233.97998046875,2015-02-24,-5.97528,13.6899995803833,2015-02-24,-0.126231,2015-02-24,True
2015-02-26,0.0196,-0.076572,2113.860107421875,2015-02-25,-0.019725,4967.14013671875,2015-02-25,-0.57672,711.989990234375,2015-02-25,0.090763,1235.0999755859375,2015-02-25,1.095694,13.84000015258789,2015-02-25,0.325007,2015-02-25,True
2015-02-27,-0.176471,-0.147603,2110.739990234375,2015-02-26,0.417745,4987.89013671875,2015-02-26,0.657312,716.6699829101562,2015-02-26,0.324671,1239.1099853515625,2015-02-26,0.505778,13.90999984741211,2015-02-26,-1.135606,2015-02-26,True
2015-03-02,0.177061,-0.29563,2104.5,2015-02-27,-0.48839,4963.52978515625,2015-02-27,-0.281853,714.6500244140625,2015-02-27,-0.463235,1233.3699951171875,2015-02-27,-4.097769,13.34000015258789,2015-02-27,0.181126,2015-02-27,True
2015-03-03,0.273758,0.612492,2117.389892578125,2015-03-02,0.897956,5008.10009765625,2015-03-02,2.778981,734.510009765625,2015-03-02,0.749978,1242.6199951171875,2015-03-02,-2.248877,13.039999961853027,2015-03-02,-0.15082,2015-03-02,True
2015-03-04,-0.155854,-0.453854,2107.780029296875,2015-03-03,-0.563092,4979.89990234375,2015-03-03,-1.940069,720.260009765625,2015-03-03,-0.632533,1234.760009765625,2015-03-03,6.288341,13.859999656677246,2015-03-03,0.143762,2015-03-03,True
2015-03-05,0.0,-0.43885,2098.530029296875,2015-03-04,-0.256225,4967.14013671875,2015-03-04,-0.099968,719.5399780273438,2015-03-04,-0.326382,1230.72998046875,2015-03-04,2.669552,14.229999542236328,2015-03-04,-0.511544,2015-03-04,True
2015-03-06,0.175268,0.119608,2101.0400390625,2015-03-05,0.315472,4982.81005859375,2015-03-05,0.098677,720.25,2015-03-05,0.290891,1234.31005859375,2015-03-05,-1.335204,14.039999961853027,2015-03-05,0.391799,2015-03-05,True
2015-03-09,-0.25184,-1.417395,2071.260009765625,2015-03-06,-1.112624,4927.3701171875,2015-03-06,-1.087125,712.4199829101562,2015-03-06,-1.360277,1217.52001953125,2015-03-06,8.262107,15.199999809265137,2015-03-06,0.058223,2015-03-06,True
2015-03-10,0.254453,0.394442,2079.429931640625,2015-03-09,0.305839,4942.43994140625,2015-03-09,0.366363,715.030029296875,2015-03-09,0.49855,1223.5899658203125,2015-03-09,-0.921049,15.0600004196167,2015-03-09,0.810994,2015-03-09,True
2015-03-11,-0.648712,-1.696133,2044.1600341796875,2015-03-10,-1.672249,4859.7900390625,2015-03-10,-1.920205,701.2999877929688,2015-03-10,-1.235708,1208.469970703125,2015-03-10,10.823374,16.690000534057617,2015-03-10,0.422971,2015-03-10,True
2015-03-12,-0.176817,-0.191768,2040.239990234375,2015-03-11,-0.202686,4849.93994140625,2015-03-11,0.26522,703.1599731445312,2015-03-11,0.604902,1215.780029296875,2015-03-11,1.078492,16.8700008392334,2015-03-11,1.020205,2015-03-11,True
2015-03-13,0.176817,1.260144,2065.949951171875,2015-03-12,0.893828,4893.2900390625,2015-03-12,-0.055457,702.77001953125,2015-03-12,1.71577,1236.6400146484375,2015-03-12,-8.595143,15.420000076293945,2015-03-12,0.366267,2015-03-12,True
2015-03-16,-0.117624,-0.607471,2053.39990234375,2015-03-13,-0.439996,4871.759765625,2015-03-13,0.71431,707.7899780273438,2015-03-13,-0.363889,1232.1400146484375,2015-03-13,3.761348,16.0,2015-03-13,-0.527907,2015-03-13,True
2015-03-17,0.411361,1.353367,2081.18994140625,2015-03-16,1.185403,4929.509765625,2015-03-16,1.517407,718.530029296875,2015-03-16,0.620061,1239.780029296875,2015-03-16,-2.437502,15.609999656677246,2015-03-16,1.175398,2015-03-16,True
2015-03-18,0.0,-0.332017,2074.280029296875,2015-03-17,0.160673,4937.43017578125,2015-03-17,-0.743188,713.1900024414062,2015-03-17,0.197612,1242.22998046875,2015-03-17,0.320309,15.65999984741211,2015-03-17,-0.635438,2015-03-17,True
2015-03-19,0.766284,1.215842,2099.5,2015-03-18,0.919505,4982.830078125,2015-03-18,0.741735,718.47998046875,2015-03-18,0.797762,1252.1400146484375,2015-03-18,-10.791824,13.970000267028809,2015-03-18,-0.162973,2015-03-18,True
2015-03-20,0.0,-0.487258,2089.27001953125,2015-03-19,0.191654,4992.3798828125,2015-03-19,0.239399,720.2000122070312,2015-03-19,0.217226,1254.8599853515625,2015-03-19,0.715816,14.069999694824219,2015-03-19,-1.532171,2015-03-19,True
2015-03-23,0.383215,0.901275,2108.10009765625,2015-03-20,0.68184,5026.419921875,2015-03-20,1.487081,730.9099731445312,2015-03-20,0.917235,1266.3699951171875,2015-03-20,-7.462681,13.020000457763672,2015-03-20,0.847835,2015-03-20,True
2015-03-24,-0.095767,-0.174573,2104.419921875,2015-03-23,-0.30737,5010.97021484375,2015-03-23,-0.950863,723.9600219726562,2015-03-23,-0.131086,1264.7099609375,2015-03-23,2.995387,13.40999984741211,2015-03-23,-0.67185,2015-03-23,True
2015-03-25,0.0,-0.613942,2091.5,2015-03-24,-0.324094,4994.72998046875,2015-03-24,-0.853637,717.780029296875,2015-03-24,-0.098837,1263.4599609375,2015-03-24,1.565996,13.619999885559082,2015-03-24,-0.751046,2015-03-24,True
2015-03-26,-0.592508,-1.455891,2061.050048828125,2015-03-25,-2.366694,4876.52001953125,2015-03-25,-4.604482,684.72998046875,2015-03-25,-2.343563,1233.8499755859375,2015-03-25,13.3627,15.4399995803833,2015-03-25,-0.159504,2015-03-25,True
2015-03-27,-0.07716,-0.23775,2056.14990234375,2015-03-26,-0.269868,4863.35986328125,2015-03-26,-1.385946,675.239990234375,2015-03-26,-0.150746,1231.989990234375,2015-03-26,2.33161,15.800000190734863,2015-03-26,-0.244181,2015-03-26,True
2015-03-30,-0.096674,0.236856,2061.02001953125,2015-03-27,0.572862,4891.22021484375,2015-03-27,2.825665,694.3200073242188,2015-03-27,0.683451,1240.4100341796875,2015-03-27,-4.620256,15.069999694824219,2015-03-27,-0.11061,2015-03-29,True
2015-03-31,0.520934,1.223665,2086.239990234375,2015-03-30,1.149401,4947.43994140625,2015-03-30,1.356721,703.739990234375,2015-03-30,1.401957,1257.800048828125,2015-03-30,-3.715989,14.510000228881836,2015-03-30,0.342191,2015-03-30,True
2015-04-01,-0.173578,-0.879578,2067.889892578125,2015-03-31,-0.941094,4900.8798828125,2015-03-31,-1.17373,695.47998046875,2015-03-31,-0.399907,1252.77001953125,2015-03-31,5.375601,15.289999961853027,2015-03-31,0.144729,2015-03-31,True
2015-04-02,0.155491,-0.396537,2059.68994140625,2015-04-01,-0.421351,4880.22998046875,2015-04-01,-0.616837,691.1900024414062,2015-04-01,-0.084617,1251.7099609375,2015-04-01,-1.177242,15.109999656677246,2015-04-01,-0.833708,2015-04-01,True
2015-04-03,0.116505,0.352967,2066.9599609375,2015-04-02,0.137493,4886.93994140625,2015-04-02,-0.292252,689.1699829101562,2015-04-02,0.315574,1255.6600341796875,2015-04-02,-2.911976,14.670000076293945,2015-04-02,-0.796998,2015-04-02,True
2015-04-06,-0.057815,0.352967,2066.9599609375,2015-04-02,0.137493,4886.93994140625,2015-04-02,-0.292252,689.1699829101562,2015-04-02,0.315574,1255.6600341796875,2015-04-02,,,2015-04-03,0.0,2015-04-05,False
2015-04-07,0.347021,0.660882,2080.6201171875,2015-04-06,0.621655,4917.31982421875,2015-04-06,0.50931,692.6799926757812,2015-04-06,0.388641,1260.5400390625,2015-04-06,0.477162,14.739999771118164,2015-04-06,0.0,2015-04-06,True
2015-04-08,0.03864,-0.20619,2076.330078125,2015-04-07,-0.144181,4910.22998046875,2015-04-07,0.037537,692.9400024414062,2015-04-07,-0.569601,1253.3599853515625,2015-04-07,0.27137,14.779999732971191,2015-04-07,0.293811,2015-04-07,True
2015-04-09,-0.095914,0.268253,2081.89990234375,2015-04-08,0.826638,4950.81982421875,2015-04-08,0.650851,697.4500122070312,2015-04-08,0.745993,1262.7099609375,2015-04-08,-5.412721,13.979999542236328,2015-04-08,-0.198653,2015-04-08,True
2015-04-10,0.191975,0.445748,2091.179931640625,2015-04-09,0.479521,4974.56005859375,2015-04-09,1.2517,706.1799926757812,2015-04-09,-0.285099,1259.1099853515625,2015-04-09,-6.366233,13.09000015258789,2015-04-09,0.3339,2015-04-09,True
2015-04-13,0.246726,0.520287,2102.06005859375,2015-04-10,0.430589,4995.97998046875,2015-04-10,0.406411,709.0499877929688,2015-04-10,0.449527,1264.77001953125,2015-04-10,-3.896106,12.579999923706055,2015-04-10,-0.169146,2015-04-12,True
2015-04-14,0.037672,-0.458128,2092.429931640625,2015-04-13,-0.154724,4988.25,2015-04-13,-0.638879,704.52001953125,2015-04-13,0.06483,1265.5899658203125,2015-04-13,10.810808,13.9399995803833,2015-04-13,0.728069,2015-04-13,True
2015-04-15,0.149981,0.162976,2095.840087890625,2015-04-14,-0.219716,4977.2900390625,2015-04-14,-0.94675,697.8499755859375,2015-04-14,-0.018963,1265.3499755859375,2015-04-14,-1.936869,13.670000076293945,2015-04-14,-0.871902,2015-04-14,True
2015-04-16,0.391645,0.51482,2106.6298828125,2015-04-15,0.677678,5011.02001953125,2015-04-15,1.643624,709.3200073242188,2015-04-15,0.790295,1275.3499755859375,2015-04-15,-6.071689,12.84000015258789,2015-04-15,0.304498,2015-04-15,True
2015-04-17,0.148121,-0.077844,2104.989990234375,2015-04-16,-0.064458,5007.7900390625,2015-04-16,-0.456774,706.0800170898438,2015-04-16,-0.1921,1272.9000244140625,2015-04-16,-1.869157,12.600000381469727,2015-04-16,-1.00858,2015-04-16,True
2015-04-20,-0.499537,-1.131125,2081.179931640625,2015-04-17,-1.517236,4931.81005859375,2015-04-17,-1.414852,696.0900268554688,2015-04-17,-1.652922,1251.8599853515625,2015-04-17,10.238095,13.890000343322754,2015-04-17,-0.064655,2015-04-19,True
2015-04-21,0.203628,0.923513,2100.39990234375,2015-04-20,1.273164,4994.60009765625,2015-04-20,0.890682,702.2899780273438,2015-04-20,1.043252,1264.9200439453125,2015-04-20,-4.247661,13.300000190734863,2015-04-20,-0.065622,2015-04-20,True
2015-04-22,0.037058,-0.148061,2097.2900390625,2015-04-21,0.390422,5014.10009765625,2015-04-21,0.687753,707.1199951171875,2015-04-21,-0.060875,1264.1500244140625,2015-04-21,-0.375941,13.25,2015-04-21,0.012939,2015-04-21,True
2015-04-23,0.405754,0.508748,2107.9599609375,2015-04-22,0.420211,5035.169921875,2015-04-22,1.371763,716.8200073242188,2015-04-22,0.105206,1265.47998046875,2015-04-22,-4.075471,12.710000038146973,2015-04-22,0.155371,2015-04-22,True
2015-04-24,0.127273,0.235772,2112.929931640625,2015-04-23,0.414884,5056.06005859375,2015-04-23,-1.584775,705.4600219726562,2015-04-23,0.478874,1271.5400390625,2015-04-23,-1.809603,12.479999542236328,2015-04-23,-0.27516,2015-04-23,True
2015-04-27,0.42086,0.22528,2117.68994140625,2015-04-24,0.712413,5092.080078125,2015-04-24,-1.662751,693.72998046875,2015-04-24,-0.314579,1267.5400390625,2015-04-24,-1.522433,12.289999961853027,2015-04-24,-0.522214,2015-04-26,True
2015-04-28,0.220224,-0.414131,2108.919921875,2015-04-27,-0.62509,5060.25,2015-04-27,0.343074,696.1099853515625,2015-04-27,-1.170779,1252.699951171875,2015-04-27,6.753457,13.119999885559082,2015-04-27,-0.61151,2015-04-27,True
2015-04-29,-0.736648,0.276923,2114.760009765625,2015-04-28,-0.095451,5055.419921875,2015-04-28,0.018676,696.239990234375,2015-04-28,0.531654,1259.3599853515625,2015-04-28,-5.411586,12.40999984741211,2015-04-28,-0.46451,2015-04-28,True
2015-04-30,-0.31752,-0.374034,2106.85009765625,2015-04-29,-0.628628,5023.64013671875,2015-04-29,-0.581694,692.1900024414062,2015-04-29,-0.985424,1246.949951171875,2015-04-29,7.896861,13.390000343322754,2015-04-29,0.57581,2015-04-29,True
2015-05-04,0.168856,1.0923,2108.2900390625,2015-05-01,1.294572,5005.39013671875,2015-05-01,2.799112,705.5,2015-05-01,0.654027,1228.1099853515625,2015-05-01,-12.714779,12.699999809265137,2015-05-01,0.0,2015-05-03,True
2015-05-06,-0.374042,-1.183738,2089.4599609375,2015-05-05,-1.546765,4939.330078125,2015-05-05,-2.220076,688.4000244140625,2015-05-05,-1.44337,1215.4200439453125,2015-05-05,11.361868,14.3100004196167,2015-05-05,0.076937,2015-05-05,True
2015-05-07,-0.095039,-0.445572,2080.14990234375,2015-05-06,-0.398636,4919.64013671875,2015-05-06,-0.138003,687.4500122070312,2015-05-06,0.324163,1219.3599853515625,2015-05-06,5.870015,15.149999618530273,2015-05-06,-0.084284,2015-05-06,True
2015-05-08,0.03819,0.377381,2088.0,2015-05-07,0.526459,4945.5400390625,2015-05-07,1.127355,695.2000122070312,2015-05-07,0.506828,1225.5400390625,2015-05-07,-0.13201,15.130000114440918,2015-05-07,1.225581,2015-05-07,True
2015-05-11,0.63279,1.34579,2116.10009765625,2015-05-08,1.172971,5003.5498046875,2015-05-08,0.996834,702.1300048828125,2015-05-08,0.766194,1234.9300537109375,2015-05-08,-15.003308,12.859999656677246,2015-05-08,-0.557745,2015-05-10,True
2015-05-12,-0.07657,-0.508956,2105.330078125,2015-05-11,-0.199458,4993.56982421875,2015-05-11,0.025635,702.3099975585938,2015-05-11,0.072871,1235.8299560546875,2015-05-11,7.698295,13.850000381469727,2015-05-11,0.934786,2015-05-11,True
2015-05-13,0.019153,-0.294964,2099.1201171875,2015-05-12,-0.348045,4976.18994140625,2015-05-12,-0.872835,696.1799926757812,2015-05-12,-0.218473,1233.1300048828125,2015-05-12,0.072197,13.859999656677246,2015-05-12,-0.32574,2015-05-12,True
2015-05-14,-0.152294,-0.030495,2098.47998046875,2015-05-13,0.110526,4981.68994140625,2015-05-13,0.567384,700.1300048828125,2015-05-13,-0.068928,1232.280029296875,2015-05-13,-0.721497,13.760000228881836,2015-05-13,-0.089711,2015-05-13,True
2015-05-15,0.39924,1.077929,2121.10009765625,2015-05-14,1.387277,5050.7998046875,2015-05-14,1.169783,708.3200073242188,2015-05-14,1.041156,1245.1099853515625,2015-05-14,-7.412794,12.739999771118164,2015-05-14,-0.28954,2015-05-14,True
2015-05-18,0.211214,0.076841,2122.72998046875,2015-05-15,-0.04969,5048.2900390625,2015-05-15,0.169417,709.52001953125,2015-05-15,-0.093167,1243.949951171875,2015-05-15,-2.825743,12.380000114440918,2015-05-15,-0.588108,2015-05-17,True
2015-05-19,0.0,0.304795,2129.199951171875,2015-05-18,0.59723,5078.43994140625,2015-05-18,0.989395,716.5399780273438,2015-05-18,1.090885,1257.52001953125,2015-05-18,2.827136,12.729999542236328,2015-05-18,0.591587,2015-05-18,True
2015-05-20,0.228833,-0.064337,2127.830078125,2015-05-19,-0.165605,5070.02978515625,2015-05-19,-0.439607,713.3900146484375,2015-05-19,-0.147909,1255.6600341796875,2015-05-19,0.942662,12.850000381469727,2015-05-19,0.48335,2015-05-19,True
2015-05-21,-0.170068,-0.093052,2125.85009765625,2015-05-20,0.033736,5071.740234375,2015-05-20,0.152787,714.47998046875,2015-05-20,0.165646,1257.739990234375,2015-05-20,0.233461,12.880000114440918,2015-05-20,0.174672,2015-05-20,True
2015-05-22,0.324924,0.233787,2130.820068359375,2015-05-21,0.375607,5090.7900390625,2015-05-21,0.554252,718.4400024414062,2015-05-21,-0.079508,1256.739990234375,2015-05-21,-5.978264,12.109999656677246,2015-05-21,-0.358775,2015-05-21,True
2015-05-26,0.320755,-0.223389,2126.06005859375,2015-05-22,-0.028093,5089.35986328125,2015-05-22,0.244977,720.2000122070312,2015-05-22,-0.359662,1252.219970703125,2015-05-22,,,2015-05-25,0.091345,2015-05-25,False
2015-05-27,-0.510397,-1.028198,2104.199951171875,2015-05-26,-1.112318,5032.75,2015-05-26,-0.756736,714.75,2015-05-26,-1.074888,1238.760009765625,2015-05-26,15.910967,14.0600004196167,2015-05-26,0.923568,2015-05-26,True
2015-05-28,0.308642,0.916264,2123.47998046875,2015-05-27,1.467187,5106.58984375,2015-05-27,3.861487,742.3499755859375,2015-05-27,1.259322,1254.3599853515625,2015-05-27,-5.618776,13.270000457763672,2015-05-27,0.140166,2015-05-27,True
2015-05-29,-0.25082,-0.126676,2120.7900390625,2015-05-28,-0.168603,5097.97998046875,2015-05-28,0.123937,743.27001953125,2015-05-28,-0.10045,1253.0999755859375,2015-05-28,0.301432,13.3100004196167,2015-05-28,-0.03793,2015-05-28,True
2015-06-01,-0.307102,-0.631847,2107.389892578125,2015-05-29,-0.54826,5070.02978515625,2015-05-29,0.287911,745.4099731445312,2015-05-29,-0.524295,1246.530029296875,2015-05-29,3.981966,13.84000015258789,2015-05-29,0.399281,2015-05-31,True
2015-06-02,-0.096843,0.205946,2111.72998046875,2015-06-01,0.254444,5082.93017578125,2015-06-01,0.089889,746.0800170898438,2015-06-01,0.247885,1249.6199951171875,2015-06-01,0.939307,13.970000267028809,2015-06-01,0.214141,2015-06-01,True
2015-06-03,0.097771,-0.10086,2109.60009765625,2015-06-02,-0.126111,5076.52001953125,2015-06-02,-1.179497,737.280029296875,2015-06-02,0.174457,1251.800048828125,2015-06-02,1.932709,14.239999771118164,2015-06-02,-0.652722,2015-06-02,True
2015-06-04,0.276298,0.211887,2114.070068359375,2015-06-03,0.447353,5099.22998046875,2015-06-03,-0.621205,732.7000122070312,2015-06-03,1.020922,1264.5799560546875,2015-06-03,-4.073033,13.65999984741211,2015-06-03,-0.075921,2015-06-03,True
2015-06-05,-0.373575,-0.862317,2095.840087890625,2015-06-04,-0.786587,5059.1201171875,2015-06-04,-0.94036,725.8099975585938,2015-06-04,-1.050935,1251.2900390625,2015-06-04,7.686678,14.710000038146973,2015-06-04,0.543553,2015-06-04,True
2015-06-08,-0.11811,-0.143618,2092.830078125,2015-06-05,0.184614,5068.4599609375,2015-06-05,0.06613,726.2899780273438,2015-06-05,0.776796,1261.010009765625,2015-06-05,-3.399048,14.210000038146973,2015-06-05,0.953503,2015-06-07,True
2015-06-09,0.0,-0.647451,2079.280029296875,2015-06-08,-0.923951,5021.6298828125,2015-06-08,-1.916587,712.3699951171875,2015-06-08,-0.579699,1253.699951171875,2015-06-08,7.600281,15.289999961853027,2015-06-08,-0.462449,2015-06-08,True
2015-06-10,0.276571,0.041835,2080.14990234375,2015-06-09,-0.154527,5013.8701171875,2015-06-09,-0.108093,711.5999755859375,2015-06-09,-0.32224,1249.6600341796875,2015-06-09,-5.36298,14.470000267028809,2015-06-09,0.176345,2015-06-09,True
2015-06-11,0.278219,1.204242,2105.199951171875,2015-06-10,1.252921,5076.68994140625,2015-06-10,1.312539,720.9400024414062,2015-06-10,1.381977,1266.9300537109375,2015-06-10,-8.638562,13.220000267028809,2015-06-10,-0.925759,2015-06-10,True
2015-06-12,0.178183,0.173863,2108.860107421875,2015-06-11,0.114638,5082.509765625,2015-06-11,-0.056866,720.530029296875,2015-06-11,0.157072,1268.9200439453125,2015-06-11,-2.798789,12.850000381469727,2015-06-11,0.151531,2015-06-11,True
2015-06-15,-0.559105,-0.69943,2094.110107421875,2015-06-12,-0.617995,5051.10009765625,2015-06-12,-0.888238,714.1300048828125,2015-06-12,-0.30735,1265.02001953125,2015-06-12,7.237349,13.779999732971191,2015-06-12,-0.004507,2015-06-14,True
2015-06-16,-0.080144,-0.462257,2084.429931640625,2015-06-15,-0.418322,5029.97021484375,2015-06-15,-0.210046,712.6300048828125,2015-06-15,-0.314618,1261.0400390625,2015-06-15,11.683604,15.390000343322754,2015-06-15,0.376463,2015-06-15,True
2015-06-17,0.060606,0.568986,2096.2900390625,2015-06-16,0.508544,5055.5498046875,2015-06-16,0.342394,715.0700073242188,2015-06-16,0.673253,1269.530029296875,2015-06-16,-3.76868,14.8100004196167,2015-06-16,0.200981,2015-06-16,True
2015-06-18,0.4239,0.197964,2100.43994140625,2015-06-17,0.184551,5064.8798828125,2015-06-17,0.016781,715.1900024414062,2015-06-17,-0.094529,1268.3299560546875,2015-06-17,-2.093183,14.5,2015-06-17,-0.463842,2015-06-17,True
2015-06-19,0.543369,0.990271,2121.239990234375,2015-06-18,1.343967,5132.9501953125,2015-06-18,1.455554,725.5999755859375,2015-06-18,1.289104,1284.6800537109375,2015-06-18,-9.034486,13.1899995803833,2015-06-18,-0.750274,2015-06-18,True
2015-06-22,0.320384,-0.53035,2109.989990234375,2015-06-19,-0.310741,5117.0,2015-06-19,-0.307329,723.3699951171875,2015-06-19,-0.001558,1284.6600341796875,2015-06-19,5.83776,13.960000038146973,2015-06-19,-0.184004,2015-06-21,True
2015-06-23,0.538815,0.609487,2122.85009765625,2015-06-22,0.722498,5153.97021484375,2015-06-22,0.67047,728.219970703125,2015-06-22,0.601714,1292.3900146484375,2015-06-22,-8.739257,12.739999771118164,2015-06-22,-0.221567,2015-06-22,True
2015-06-24,0.13785,0.063587,2124.199951171875,2015-06-23,0.118736,5160.08984375,2015-06-23,-0.595969,723.8800048828125,2015-06-23,0.263855,1295.800048828125,2015-06-23,-4.945056,12.109999656677246,2015-06-23,0.472337,2015-06-23,True
2015-06-25,-0.315209,-0.73533,2108.580078125,2015-06-24,-0.730214,5122.41015625,2015-06-24,-1.020889,716.489990234375,2015-06-24,-0.916808,1283.9200439453125,2015-06-24,9.496289,13.260000228881836,2015-06-24,0.357806,2015-06-24,True
2015-06-26,-0.335174,-0.297357,2102.31005859375,2015-06-25,-0.19952,5112.18994140625,2015-06-25,-0.092112,715.8300170898438,2015-06-25,-0.049848,1283.280029296875,2015-06-25,5.656108,14.010000228881836,2015-06-25,0.182314,2015-06-25,True
2015-06-29,-0.906404,-0.039008,2101.489990234375,2015-06-26,-0.619699,5080.509765625,2015-06-26,-2.440528,698.3599853515625,2015-06-26,-0.271179,1279.800048828125,2015-06-26,0.071379,14.020000457763672,2015-06-26,0.987448,2015-06-28,True
2015-06-30,-0.279441,-2.086619,2057.639892578125,2015-06-29,-2.402112,4958.47021484375,2015-06-29,-2.905375,678.0700073242188,2015-06-29,-2.582438,1246.75,2015-06-29,34.450783,18.850000381469727,2015-06-29,-0.239098,2015-06-29,True
2015-07-01,-0.099384,0.265849,2063.110107421875,2015-06-30,0.572755,4986.8701171875,2015-06-30,0.364265,680.5399780273438,2015-06-30,0.577498,1253.949951171875,2015-06-30,-3.289129,18.229999542236328,2015-06-30,-0.059015,2015-06-30,True
2015-07-02,0.09827,0.693604,2077.419921875,2015-07-01,0.526382,5013.1201171875,2015-07-01,0.233642,682.1300048828125,2015-07-01,0.195388,1256.4000244140625,2015-07-01,-11.738889,16.09000015258789,2015-07-01,0.480511,2015-07-01,True
2015-07-03,-0.058893,-0.030802,2076.780029296875,2015-07-02,-0.077998,5009.2099609375,2015-07-02,0.495507,685.510009765625,2015-07-02,-0.647884,1248.260009765625,2015-07-02,4.350533,16.790000915527344,2015-07-02,-0.176334,2015-07-02,True
2015-07-06,-1.220713,-0.030802,2076.780029296875,2015-07-02,-0.077998,5009.2099609375,2015-07-02,0.495507,685.510009765625,2015-07-02,-0.647884,1248.260009765625,2015-07-02,,,2015-07-03,0.0,2015-07-05,False
2015-07-07,0.504745,-0.386176,2068.760009765625,2015-07-06,-0.344765,4991.93994140625,2015-07-06,-1.517122,675.1099853515625,2015-07-06,-0.104149,1246.9599609375,2015-07-06,1.3103,17.010000228881836,2015-07-06,0.292612,2015-07-06,True
2015-07-08,-0.020149,0.608098,2081.340087890625,2015-07-07,0.110579,4997.4599609375,2015-07-07,-0.325875,672.9099731445312,2015-07-07,0.08742,1248.050048828125,2015-07-07,-5.408584,16.09000015258789,2015-07-07,0.77387,2015-07-07,True
2015-07-09,-0.490296,-1.665275,2046.6800537109375,2015-07-08,-1.754895,4909.759765625,2015-07-08,-2.624418,655.25,2015-07-08,-1.529593,1228.9599609375,2015-07-08,22.187692,19.65999984741211,2015-07-08,0.133273,2015-07-08,True
2015-07-10,0.304383,0.22622,2051.31005859375,2015-07-09,0.257449,4922.39990234375,2015-07-09,-1.314,646.6400146484375,2015-07-09,0.422313,1234.1500244140625,2015-07-09,1.576803,19.969999313354492,2015-07-09,-0.300581,2015-07-09,True
2015-07-13,0.0,1.233849,2076.6201171875,2015-07-10,1.529748,4997.7001953125,2015-07-10,1.89286,658.8800048828125,2015-07-10,1.44796,1252.02001953125,2015-07-10,-15.723583,16.829999923706055,2015-07-10,-0.175945,2015-07-12,True
2015-07-14,0.180542,1.106605,2099.60009765625,2015-07-13,1.476871,5071.509765625,2015-07-13,0.772518,663.969970703125,2015-07-13,1.064676,1265.3499755859375,2015-07-13,-17.40939,13.899999618530273,2015-07-13,0.511931,2015-07-13,True
2015-07-15,0.36283,0.445316,2108.949951171875,2015-07-14,0.658194,5104.89013671875,2015-07-14,1.082881,671.1599731445312,2015-07-14,0.630654,1273.3299560546875,2015-07-14,-3.812948,13.369999885559082,2015-07-14,0.577188,2015-07-14,True
2015-07-16,-0.160772,-0.073499,2107.39990234375,2015-07-15,-0.116559,5098.93994140625,2015-07-15,-0.616836,667.02001953125,2015-07-15,-0.691882,1264.52001953125,2015-07-15,-1.047123,13.229999542236328,2015-07-15,0.311034,2015-07-15,True
2015-07-17,0.438859,0.801468,2124.2900390625,2015-07-16,1.259874,5163.18017578125,2015-07-16,0.238369,668.6099853515625,2015-07-16,0.657161,1272.8299560546875,2015-07-16,-8.465608,12.109999656677246,2015-07-16,0.020087,2015-07-16,True
2015-07-20,-0.020068,0.110618,2126.639892578125,2015-07-17,0.909516,5210.14013671875,2015-07-17,-0.23332,667.0499877929688,2015-07-17,-0.450963,1267.0899658203125,2015-07-17,-1.321221,11.949999809265137,2015-07-17,0.258478,2015-07-19,True
2015-07-21,0.020101,0.077123,2128.280029296875,2015-07-20,0.167361,5218.85986328125,2015-07-20,-0.682106,662.5,2015-07-20,-0.542187,1260.219970703125,2015-07-20,2.510462,12.25,2015-07-20,0.560927,2015-07-20,True
2015-07-22,-0.541625,-0.426169,2119.2099609375,2015-07-21,-0.205787,5208.1201171875,2015-07-21,0.054337,662.8599853515625,2015-07-21,-0.448336,1254.5699462890625,2015-07-21,-0.244896,12.220000267028809,2015-07-21,-0.666066,2015-07-21,True
2015-07-23,0.141643,-0.238771,2114.14990234375,2015-07-22,-0.69795,5171.77001953125,2015-07-22,-2.523909,646.1300048828125,2015-07-22,0.301301,1258.3499755859375,2015-07-22,-0.818334,12.119999885559082,2015-07-22,0.755981,2015-07-22,True
2015-07-24,-0.506073,-0.567604,2102.14990234375,2015-07-23,-0.490352,5146.41015625,2015-07-23,1.451721,655.510009765625,2015-07-23,-1.063298,1244.969970703125,2015-07-23,4.290433,12.640000343322754,2015-07-23,0.409334,2015-07-23,True
2015-07-27,-0.45045,-1.070333,2079.64990234375,2015-07-24,-1.12273,5088.6298828125,2015-07-24,-1.98777,642.47998046875,2015-07-24,-1.524533,1225.989990234375,2015-07-24,8.702527,13.739999771118164,2015-07-24,0.684324,2015-07-26,True
2015-07-28,-0.286123,-0.577502,2067.639892578125,2015-07-27,-0.959985,5039.77978515625,2015-07-27,-0.715972,637.8800048828125,2015-07-27,-0.92823,1214.6099853515625,2015-07-27,13.537123,15.600000381469727,2015-07-27,-0.271351,2015-07-27,True
2015-07-29,0.367197,1.238615,2093.25,2015-07-28,0.9808,5089.2099609375,2015-07-28,2.041139,650.9000244140625,2015-07-28,0.822485,1224.5999755859375,2015-07-28,-13.846159,13.4399995803833,2015-07-28,-0.47295,2015-07-28,True
2015-07-30,0.020317,0.73188,2108.570068359375,2015-07-29,0.442505,5111.72998046875,2015-07-29,0.130585,651.75,2015-07-29,0.408297,1229.5999755859375,2015-07-29,-6.994045,12.5,2015-07-29,0.047427,2015-07-29,True
2015-07-31,0.020509,0.002837,2108.6298828125,2015-07-30,0.333543,5128.77978515625,2015-07-30,0.368243,654.1500244140625,2015-07-30,0.200876,1232.0699462890625,2015-07-30,-2.959999,12.130000114440918,2015-07-30,0.922364,2015-07-30,True
2015-08-03,0.164575,-0.227152,2103.840087890625,2015-07-31,-0.009749,5128.27978515625,2015-07-31,-1.201566,646.2899780273438,2015-07-31,0.536504,1238.6800537109375,2015-07-31,-0.082442,12.119999885559082,2015-07-31,-0.523587,2015-08-02,True
2015-08-04,-0.041365,-0.275689,2098.0400390625,2015-08-03,-0.251544,5115.3798828125,2015-08-03,-0.300175,644.3499755859375,2015-08-03,-0.556238,1231.7900390625,2015-08-03,3.630367,12.5600004196167,2015-08-03,0.3486,2015-08-03,True
2015-08-05,-0.061779,-0.22497,2093.320068359375,2015-08-04,-0.192167,5105.5498046875,2015-08-04,-1.112747,637.1799926757812,2015-08-04,-0.238682,1228.8499755859375,2015-08-04,3.503181,13.0,2015-08-04,-0.134333,2015-08-04,True
2015-08-06,0.185223,0.311468,2099.840087890625,2015-08-05,0.673583,5139.93994140625,2015-08-05,1.167645,644.6199951171875,2015-08-05,0.235995,1231.75,2015-08-05,-3.769229,12.510000228881836,2015-08-05,0.412117,2015-08-05,True
2015-08-07,-0.353798,-0.775299,2083.56005859375,2015-08-06,-1.624533,5056.43994140625,2015-08-06,-1.782444,633.1300048828125,2015-08-06,-1.290848,1215.8499755859375,2015-08-06,10.071944,13.770000457763672,2015-08-06,-0.888263,2015-08-06,True
2015-08-10,-0.250209,-0.287488,2077.570068359375,2015-08-07,-0.255118,5043.5400390625,2015-08-07,0.582819,636.8200073242188,2015-08-07,-0.736107,1206.9000244140625,2015-08-07,-2.759623,13.390000343322754,2015-08-07,0.0,2015-08-09,True
2015-08-11,0.564499,1.280817,2104.179931640625,2015-08-10,1.155136,5101.7998046875,2015-08-10,2.485791,652.6500244140625,2015-08-10,1.306655,1222.6700439453125,2015-08-10,-8.663187,12.229999542236328,2015-08-10,-0.385696,2015-08-10,True
2015-08-12,-0.272995,-0.95571,2084.070068359375,2015-08-11,-1.274252,5036.7900390625,2015-08-11,-2.267685,637.8499755859375,2015-08-11,-0.943021,1211.1400146484375,2015-08-11,12.101395,13.710000038146973,2015-08-11,1.74841,2015-08-11,True
2015-08-13,-0.126769,0.095005,2086.050048828125,2015-08-12,0.150892,5044.39013671875,2015-08-12,0.575377,641.52001953125,2015-08-12,-0.178347,1208.97998046875,2015-08-12,-0.729397,13.609999656677246,2015-08-12,-0.363552,2015-08-12,True
2015-08-17,0.273454,0.391196,2091.5400390625,2015-08-14,0.291646,5048.240234375,2015-08-14,-0.603276,631.0399780273438,2015-08-14,0.659889,1212.68994140625,2015-08-14,-4.892512,12.829999923706055,2015-08-14,0.063751,2015-08-16,True
2015-08-18,0.212044,0.521142,2102.43994140625,2015-08-17,0.860893,5091.7001953125,2015-08-17,0.984093,637.25,2015-08-17,1.022522,1225.0899658203125,2015-08-17,1.480908,13.020000457763672,2015-08-17,0.37207,2015-08-17,True
2015-08-19,-0.127443,-0.262553,2096.919921875,2015-08-18,-0.63535,5059.35009765625,2015-08-18,-2.077676,624.010009765625,2015-08-18,-0.832588,1214.8900146484375,2015-08-18,5.913974,13.789999961853027,2015-08-18,0.242895,2015-08-18,True
2015-08-20,-0.128425,-0.825488,2079.610107421875,2015-08-19,-0.796551,5019.0498046875,2015-08-19,-0.911845,618.3200073242188,2015-08-19,-0.980338,1202.97998046875,2015-08-19,10.587382,15.25,2015-08-19,-0.273544,2015-08-19,True
2015-08-21,-2.011246,-2.110017,2035.72998046875,2015-08-20,-2.820446,4877.490234375,2015-08-20,-3.807087,594.780029296875,2015-08-20,-2.532042,1172.52001953125,2015-08-20,25.508193,19.139999389648438,2015-08-20,0.111756,2015-08-20,True
2015-08-24,-0.966608,-3.185097,1970.8900146484375,2015-08-21,-3.515131,4706.0400390625,2015-08-21,-2.722015,578.5900268554688,2015-08-21,-1.341553,1156.7900390625,2015-08-21,46.447239,28.030000686645508,2015-08-21,0.933584,2015-08-23,True
2015-08-25,0.134953,-3.941369,1893.2099609375,2015-08-24,-3.82041,4526.25,2015-08-24,-2.075737,566.5800170898438,2015-08-24,-3.898728,1111.68994140625,2015-08-24,45.344276,40.7400016784668,2015-08-24,-0.33429,2015-08-24,True
2015-08-26,-0.560412,-1.352199,1867.6099853515625,2015-08-25,-0.436559,4506.490234375,2015-08-25,-1.233716,559.5900268554688,2015-08-25,-0.682741,1104.0999755859375,2015-08-25,-11.585668,36.02000045776367,2015-08-25,-0.0353,2015-08-25,True
2015-08-27,0.616062,3.903386,1940.510009765625,2015-08-26,4.239437,4697.5400390625,2015-08-26,5.044761,587.8200073242188,2015-08-26,2.544151,1132.18994140625,2015-08-26,-15.824544,30.31999969482422,2015-08-26,-0.672744,2015-08-26,True
2015-08-28,0.853018,2.429775,1987.6600341796875,2015-08-27,2.451707,4812.7099609375,2015-08-27,3.732435,609.760009765625,2015-08-27,1.891913,1153.6099853515625,2015-08-27,-13.918204,26.100000381469727,2015-08-27,-0.776359,2015-08-27,True
2015-08-31,-0.366537,0.060874,1988.8699951171875,2015-08-28,0.324347,4828.31982421875,2015-08-28,0.68059,613.9099731445312,2015-08-28,0.806169,1162.9100341796875,2015-08-28,-0.191575,26.049999237060547,2015-08-28,0.478672,2015-08-30,True
2015-09-01,-0.172712,-0.839167,1972.1800537109375,2015-08-31,-1.073045,4776.509765625,2015-08-31,-0.467494,611.0399780273438,2015-08-31,-0.297537,1159.449951171875,2015-08-31,9.136281,28.43000030517578,2015-08-31,0.284475,2015-08-31,True
2015-09-02,-1.046664,-2.957645,1913.8499755859375,2015-09-01,-2.939587,4636.10009765625,2015-09-01,-3.423668,590.1199951171875,2015-09-01,-2.708172,1128.050048828125,2015-09-01,10.446709,31.399999618530273,2015-09-01,-0.31076,2015-09-01,True
2015-09-03,0.435161,1.829298,1948.8599853515625,2015-09-02,2.456372,4749.97998046875,2015-09-02,2.314789,603.780029296875,2015-09-02,1.593899,1146.030029296875,2015-09-02,-16.910827,26.09000015258789,2015-09-02,0.414515,2015-09-02,True
2015-09-04,0.086862,0.116479,1951.1300048828125,2015-09-03,-0.346948,4733.5,2015-09-03,0.794989,608.5800170898438,2015-09-03,-0.076787,1145.1500244140625,2015-09-03,-1.839784,25.610000610351562,2015-09-03,0.588749,2015-09-03,True
2015-09-07,-0.21901,-1.53296,1921.219970703125,2015-09-04,-1.04743,4683.919921875,2015-09-04,-1.800917,597.6199951171875,2015-09-04,-0.784175,1136.1700439453125,2015-09-04,8.551342,27.799999237060547,2015-09-04,0.873757,2015-09-06,True
2015-09-08,0.241493,-1.53296,1921.219970703125,2015-09-04,-1.04743,4683.919921875,2015-09-04,-1.800917,597.6199951171875,2015-09-04,-0.784175,1136.1700439453125,2015-09-04,,,2015-09-07,0.140051,2015-09-07,False
2015-09-09,1.007888,2.508305,1969.4100341796875,2015-09-08,2.732973,4811.93017578125,2015-09-08,4.424217,624.0599975585938,2015-09-08,2.252301,1161.760009765625,2015-09-08,-10.431654,24.899999618530273,2015-09-08,-0.681819,2015-09-08,True
2015-09-10,-0.638162,-1.389756,1942.0400390625,2015-09-09,-1.151313,4756.52978515625,2015-09-09,-1.799503,612.8300170898438,2015-09-09,-1.164615,1148.22998046875,2015-09-09,5.341365,26.229999542236328,2015-09-09,-0.22297,2015-09-09,True
2015-09-11,0.0,0.527796,1952.2900390625,2015-09-10,0.835067,4796.25,2015-09-10,0.409577,615.3400268554688,2015-09-10,0.418039,1153.030029296875,2015-09-10,-7.091112,24.3700008392334,2015-09-10,-0.818253,2015-09-10,True
2015-09-14,0.320444,0.448704,1961.050048828125,2015-09-11,0.543963,4822.33984375,2015-09-11,0.076376,615.8099975585938,2015-09-11,0.412826,1157.7900390625,2015-09-11,-4.800985,23.200000762939453,2015-09-11,-0.004229,2015-09-13,True
2015-09-15,0.021482,-0.408966,1953.030029296875,2015-09-14,-0.343818,4805.759765625,2015-09-14,0.302039,617.6699829101562,2015-09-14,-0.370537,1153.5,2015-09-14,4.525859,24.25,2015-09-14,0.12282,2015-09-14,True
2015-09-16,0.664381,1.283131,1978.0899658203125,2015-09-15,1.139471,4860.52001953125,2015-09-15,1.209389,625.1400146484375,2015-09-15,1.083658,1166.0,2015-09-15,-7.051543,22.540000915527344,2015-09-15,-0.439081,2015-09-15,True
2015-09-17,1.027685,0.870541,1995.31005859375,2015-09-16,0.590888,4889.240234375,2015-09-16,0.228748,626.5700073242188,2015-09-16,0.789018,1175.199951171875,2015-09-16,-5.279505,21.350000381469727,2015-09-16,-0.646673,2015-09-16,True
2015-09-18,-0.229741,-0.256106,1990.199951171875,2015-09-17,0.096333,4893.9501953125,2015-09-17,-0.88099,621.0499877929688,2015-09-17,0.467154,1180.68994140625,2015-09-17,-0.983611,21.139999389648438,2015-09-17,-0.368623,2015-09-17,True
2015-09-21,-1.161103,-1.616417,1958.030029296875,2015-09-18,-1.36332,4827.22998046875,2015-09-18,-1.65848,610.75,2015-09-18,-1.46863,1163.3499755859375,2015-09-18,5.392627,22.280000686645508,2015-09-18,0.533953,2015-09-20,True
2015-09-22,0.316589,0.456578,1966.969970703125,2015-09-21,0.035636,4828.9501953125,2015-09-21,-0.330744,608.72998046875,2015-09-21,-0.194267,1161.0899658203125,2015-09-21,-9.605032,20.139999389648438,2015-09-21,0.458539,2015-09-21,True
2015-09-23,-1.09152,-1.231843,1942.739990234375,2015-09-22,-1.49577,4756.72021484375,2015-09-22,-2.245656,595.0599975585938,2015-09-22,-1.55543,1143.030029296875,2015-09-22,11.420066,22.440000534057617,2015-09-22,0.515101,2015-09-22,True
2015-09-24,0.319081,-0.204864,1938.760009765625,2015-09-23,-0.083671,4752.740234375,2015-09-23,-0.725978,590.739990234375,2015-09-23,-0.260709,1140.050048828125,2015-09-23,-1.381468,22.1299991607666,2015-09-23,0.834644,2015-09-23,True
2015-09-25,-0.17014,-0.336298,1932.239990234375,2015-09-24,-0.384205,4734.47998046875,2015-09-24,-0.174352,589.7100219726562,2015-09-24,-0.220167,1137.5400390625,2015-09-24,6.05513,23.469999313354492,2015-09-24,-0.291015,2015-09-24,True
2015-09-30,-1.469649,0.123285,1884.0899658203125,2015-09-29,-0.5865,4517.31982421875,2015-09-29,0.704347,580.47998046875,2015-09-29,-0.610682,1083.9100341796875,2015-09-29,-2.895401,26.829999923706055,2015-09-29,0.029316,2015-09-29,True
2015-10-01,-0.063452,1.907556,1920.030029296875,2015-09-30,2.276579,4620.16015625,2015-09-30,3.833035,602.72998046875,2015-09-30,1.54809,1100.68994140625,2015-09-30,-8.684308,24.5,2015-09-30,-0.864212,2015-09-30,True
2015-10-02,-0.104603,0.197388,1923.8199462890625,2015-10-01,0.149777,4627.080078125,2015-10-01,-1.17963,595.6199951171875,2015-10-01,-0.285266,1097.550048828125,2015-10-01,-7.959187,22.549999237060547,2015-10-01,-0.569333,2015-10-01,True
2015-10-05,0.400084,1.431529,1951.3599853515625,2015-10-02,1.744074,4707.77978515625,2015-10-02,2.155741,608.4600219726562,2015-10-02,1.509721,1114.1199951171875,2015-10-02,-7.139684,20.940000534057617,2015-10-02,-0.510578,2015-10-04,True
2015-10-06,1.135886,1.828984,1987.050048828125,2015-10-05,1.56082,4781.259765625,2015-10-05,1.871931,619.8499755859375,2015-10-05,2.470113,1141.6400146484375,2015-10-05,-6.685767,19.540000915527344,2015-10-05,-0.983701,2015-10-05,True
2015-10-07,0.229214,-0.358824,1979.9200439453125,2015-10-06,-0.688101,4748.35986328125,2015-10-06,0.338798,621.9500122070312,2015-10-06,-0.696373,1133.68994140625,2015-10-06,-0.716486,19.399999618530273,2015-10-06,-0.02156,2015-10-06,True
2015-10-08,0.410509,0.803563,1995.8299560546875,2015-10-07,0.901154,4791.14990234375,2015-10-07,1.506551,631.3200073242188,2015-10-07,1.668008,1152.5999755859375,2015-10-07,-5.154639,18.399999618530273,2015-10-07,-0.221677,2015-10-07,True
2015-10-12,0.346444,0.072511,2014.8900146484375,2015-10-09,0.409084,4830.47021484375,2015-10-09,-0.834894,629.510009765625,2015-10-09,0.182249,1165.3599853515625,2015-10-09,-1.95178,17.079999923706055,2015-10-09,-0.424886,2015-10-11,True
2015-10-13,-0.081037,0.127548,2017.4599609375,2015-10-12,0.169133,4838.64013671875,2015-10-12,0.163614,630.5399780273438,2015-10-12,-0.082375,1164.4000244140625,2015-10-12,-5.327868,16.170000076293945,2015-10-12,-0.331589,2015-10-12,True
2015-10-14,-0.16247,-0.682542,2003.68994140625,2015-10-13,-0.868638,4796.60986328125,2015-10-13,-1.30998,622.280029296875,2015-10-13,-1.422197,1147.8399658203125,2015-10-13,9.276438,17.670000076293945,2015-10-13,0.513039,2015-10-13,True
2015-10-15,-0.020383,-0.471627,1994.239990234375,2015-10-14,-0.286864,4782.85009765625,2015-10-14,3.763576,645.7000122070312,2015-10-14,-0.946996,1136.969970703125,2015-10-14,2.037355,18.030000686645508,2015-10-14,-1.073101,2015-10-14,True
2015-10-16,0.221729,1.485277,2023.8599853515625,2015-10-15,1.824226,4870.10009765625,2015-10-15,0.95865,651.8900146484375,2015-10-15,2.269194,1162.77001953125,2015-10-15,-10.981705,16.049999237060547,2015-10-15,-1.295176,2015-10-15,True
2015-10-19,0.26252,0.457047,2033.1099853515625,2015-10-16,0.340647,4886.68994140625,2015-10-16,0.113515,652.6300048828125,2015-10-16,-0.039557,1162.31005859375,2015-10-16,-6.230524,15.050000190734863,2015-10-16,0.774275,2015-10-18,True
2015-10-20,-0.080743,0.027055,2033.6600341796875,2015-10-19,0.384315,4905.47021484375,2015-10-19,0.038307,652.8800048828125,2015-10-19,0.17121,1164.300048828125,2015-10-19,-0.465121,14.979999542236328,2015-10-19,0.057539,2015-10-19,True
2015-10-21,-0.040282,-0.142109,2030.77001953125,2015-10-20,-0.499442,4880.97021484375,2015-10-20,-0.154701,651.8699951171875,2015-10-20,-0.088468,1163.27001953125,2015-10-20,5.14019,15.75,2015-10-20,-0.079622,2015-10-20,True
2015-10-22,-0.280843,-0.582541,2018.93994140625,2015-10-21,-0.836926,4840.1201171875,2015-10-21,0.210164,653.239990234375,2015-10-21,-1.574877,1144.949951171875,2015-10-21,6.031751,16.700000762939453,2015-10-21,0.758769,2015-10-21,True
2015-10-23,1.008471,1.662757,2052.510009765625,2015-10-22,1.651399,4920.0498046875,2015-10-22,3.47652,675.9500122070312,2015-10-22,0.83585,1154.52001953125,2015-10-22,-13.473059,14.449999809265137,2015-10-22,-0.823345,2015-10-22,True
2015-10-26,0.5004,1.103034,2075.14990234375,2015-10-23,2.272539,5031.85986328125,2015-10-23,1.148015,683.7100219726562,2015-10-23,0.999553,1166.06005859375,2015-10-23,0.069206,14.460000038146973,2015-10-23,-0.823345,2015-10-22,True
2015-10-27,-0.139776,-0.19131,2071.179931640625,2015-10-26,0.056447,5034.7001953125,2015-10-26,-1.977449,670.1900024414062,2015-10-26,-0.562583,1159.5,2015-10-26,5.739972,15.289999961853027,2015-10-26,0.47312,2015-10-26,True
2015-10-28,0.019976,-0.255412,2065.889892578125,2015-10-27,-0.090379,5030.14990234375,2015-10-27,-0.668464,665.7100219726562,2015-10-27,-1.225525,1145.2900390625,2015-10-27,0.915633,15.430000305175781,2015-10-27,-0.464724,2015-10-27,True
2015-10-29,0.079952,1.184003,2090.35009765625,2015-10-28,1.302944,5095.68994140625,2015-10-28,1.727479,677.2100219726562,2015-10-28,2.918905,1178.719970703125,2015-10-28,-7.128972,14.329999923706055,2015-10-28,0.467781,2015-10-28,True
2015-10-30,-0.280449,-0.044977,2089.409912109375,2015-10-29,-0.420354,5074.27001953125,2015-10-29,-2.993166,656.9400024414062,2015-10-29,-1.110524,1165.6300048828125,2015-10-29,1.953941,14.609999656677246,2015-10-29,0.844778,2015-10-29,True
2015-11-02,-0.319043,-0.480988,2079.360107421875,2015-10-30,-0.404394,5053.75,2015-10-30,0.849395,662.52001953125,2015-10-30,-0.323432,1161.8599853515625,2015-10-30,3.148529,15.069999694824219,2015-10-30,-0.327037,2015-10-30,True
2015-11-03,0.659604,1.187382,2104.050048828125,2015-11-02,1.452385,5127.14990234375,2015-11-02,0.907144,668.530029296875,2015-11-02,2.085448,1186.0899658203125,2015-11-02,-6.104845,14.149999618530273,2015-11-02,-0.061407,2015-11-02,True
2015-11-04,0.316832,0.272807,2109.7900390625,2015-11-03,0.350682,5145.1298828125,2015-11-03,0.472675,671.6900024414062,2015-11-03,0.462865,1191.5799560546875,2015-11-03,2.756186,14.539999961853027,2015-11-03,-0.222975,2015-11-03,True
2015-11-05,-0.237671,-0.354537,2102.31005859375,2015-11-04,-0.051503,5142.47998046875,2015-11-04,0.266489,673.47998046875,2015-11-04,-0.100703,1190.3800048828125,2015-11-04,6.671254,15.510000228881836,2015-11-04,-0.77598,2015-11-04,True
2015-11-06,-0.178501,-0.113215,2099.929931640625,2015-11-05,-0.286627,5127.740234375,2015-11-05,-2.096572,659.3599853515625,2015-11-05,0.026037,1190.68994140625,2015-11-05,-2.965829,15.050000190734863,2015-11-05,0.47526,2015-11-05,True
2015-11-09,-0.279497,-0.034762,2099.199951171875,2015-11-06,0.377942,5147.1201171875,2015-11-06,2.594938,676.469970703125,2015-11-06,0.760908,1199.75,2015-11-06,-4.784055,14.329999923706055,2015-11-06,0.282392,2015-11-06,True
2015-11-10,-0.541082,-0.982273,2078.580078125,2015-11-09,-1.006783,5095.2998046875,2015-11-09,-0.965301,669.9400024414062,2015-11-09,-1.276928,1184.4300537109375,2015-11-09,15.282628,16.520000457763672,2015-11-09,1.268968,2015-11-09,True
2015-11-11,-0.203376,0.151059,2081.719970703125,2015-11-10,-0.23668,5083.240234375,2015-11-10,-1.788217,657.9600219726562,2015-11-10,0.276073,1187.699951171875,2015-11-10,-7.445523,15.289999961853027,2015-11-10,0.550058,2015-11-10,True
2015-11-12,-0.040733,-0.322809,2075.0,2015-11-11,-0.319092,5067.02001953125,2015-11-11,0.048636,658.280029296875,2015-11-11,-0.810811,1178.0699462890625,2015-11-11,5.035968,16.059999465942383,2015-11-11,-0.004315,2015-11-11,True
2015-11-13,-1.077674,-1.399038,2045.969970703125,2015-11-12,-1.222414,5005.080078125,2015-11-12,-1.292764,649.77001953125,2015-11-12,-1.974406,1154.81005859375,2015-11-12,14.383571,18.3700008392334,2015-11-12,-0.29385,2015-11-12,True
2015-11-16,-1.113402,-1.120736,2023.0400390625,2015-11-13,-1.542437,4927.8798828125,2015-11-13,-0.932637,643.7100219726562,2015-11-13,-0.71527,1146.550048828125,2015-11-13,9.30865,20.079999923706055,2015-11-13,0.312048,2015-11-13,True
2015-11-17,0.89658,1.490327,2053.18994140625,2015-11-16,1.151413,4984.6201171875,2015-11-16,1.292509,652.030029296875,2015-11-16,0.831181,1156.0799560546875,2015-11-16,-9.561753,18.15999984741211,2015-11-16,0.95743,2015-11-16,True
2015-11-18,-0.227414,-0.133938,2050.43994140625,2015-11-17,0.028084,4986.02001953125,2015-11-17,0.581258,655.8200073242188,2015-11-17,-0.248252,1153.2099609375,2015-11-17,3.744495,18.84000015258789,2015-11-17,-0.106989,2015-11-17,True
2015-11-19,0.912106,1.616245,2083.580078125,2015-11-18,1.788604,5075.2001953125,2015-11-18,0.96368,662.1400146484375,2015-11-18,1.60769,1171.75,2015-11-18,-10.562631,16.850000381469727,2015-11-18,0.120816,2015-11-18,True
2015-11-20,0.163633,-0.112311,2081.239990234375,2015-11-19,-0.030739,5073.64013671875,2015-11-19,0.225026,663.6300048828125,2015-11-19,-0.428421,1166.72998046875,2015-11-19,0.830857,16.989999771118164,2015-11-19,-0.345746,2015-11-19,True
2015-11-23,0.204207,0.38102,2089.169921875,2015-11-20,0.616516,5104.919921875,2015-11-20,0.320963,665.760009765625,2015-11-20,0.721679,1175.1500244140625,2015-11-20,-8.946436,15.470000267028809,2015-11-20,-0.924894,2015-11-20,True
2015-11-24,0.0,-0.123486,2086.590087890625,2015-11-23,-0.047796,5102.47998046875,2015-11-23,-1.288755,657.1799926757812,2015-11-23,0.443344,1180.3599853515625,2015-11-23,0.969616,15.619999885559082,2015-11-23,-0.092741,2015-11-23,True
2015-11-25,-0.060594,0.1222,2089.139892578125,2015-11-24,0.006469,5102.81005859375,2015-11-24,1.282752,665.6099853515625,2015-11-24,0.71589,1188.81005859375,2015-11-24,1.984638,15.930000305175781,2015-11-24,0.38781,2015-11-24,True
2015-11-26,0.080857,-0.012913,2088.8701171875,2015-11-25,0.26123,5116.14013671875,2015-11-25,0.072121,666.0900268554688,2015-11-25,0.774721,1198.02001953125,2015-11-25,-4.645328,15.1899995803833,2015-11-25,-1.04486,2015-11-25,True
2015-11-27,0.07992,-0.012913,2088.8701171875,2015-11-25,0.26123,5116.14013671875,2015-11-25,0.072121,666.0900268554688,2015-11-25,0.774721,1198.02001953125,2015-11-25,,,2015-11-26,-0.170301,2015-11-26,False
2015-11-30,-0.440617,0.059362,2090.110107421875,2015-11-27,0.222431,5127.52001953125,2015-11-27,0.663571,670.510009765625,2015-11-27,0.363933,1202.3800048828125,2015-11-27,-0.460827,15.119999885559082,2015-11-27,0.333313,2015-11-27,True
2015-12-01,0.285831,-0.4641,2080.409912109375,2015-11-30,-0.367626,5108.669921875,2015-11-30,0.9888,677.1400146484375,2015-11-30,-0.355131,1198.1099853515625,2015-11-30,6.679889,16.1299991607666,2015-11-30,0.694938,2015-11-30,True
2015-12-02,0.0,1.068057,2102.6298828125,2015-12-01,0.932535,5156.31005859375,2015-12-01,1.385239,686.52001953125,2015-12-01,0.504966,1204.1600341796875,2015-12-01,-9.051452,14.670000076293945,2015-12-01,0.295285,2015-12-01,True
2015-12-03,-0.607533,-1.099569,2079.510009765625,2015-12-02,-0.641735,5123.22021484375,2015-12-02,-0.557889,682.6900024414062,2015-12-02,-1.035584,1191.68994140625,2015-12-02,8.452623,15.90999984741211,2015-12-02,-0.374704,2015-12-02,True
2015-12-04,-1.123825,-1.437353,2049.6201171875,2015-12-03,-1.672589,5037.52978515625,2015-12-03,-0.581528,678.719970703125,2015-12-03,-1.772273,1170.5699462890625,2015-12-03,13.827786,18.110000610351562,2015-12-03,0.594504,2015-12-03,True
2015-12-07,0.681537,2.052567,2091.68994140625,2015-12-04,2.079198,5142.27001953125,2015-12-04,1.881486,691.489990234375,2015-12-04,1.096054,1183.4000244140625,2015-12-04,-18.221977,14.8100004196167,2015-12-04,-0.731416,2015-12-04,True
2015-12-08,-0.103627,-0.69895,2077.070068359375,2015-12-07,-0.786811,5101.81005859375,2015-12-07,-0.9588,684.8599853515625,2015-12-07,-1.613991,1164.300048828125,2015-12-07,6.954758,15.84000015258789,2015-12-07,0.813177,2015-12-07,True
2015-12-09,0.083299,-0.64899,2063.590087890625,2015-12-08,-0.069972,5098.240234375,2015-12-08,-0.851262,679.030029296875,2015-12-08,-0.420856,1159.4000244140625,2015-12-08,11.111112,17.600000381469727,2015-12-08,1.09931,2015-12-08,True
2015-12-10,-0.020829,-0.773899,2047.6199951171875,2015-12-09,-1.478356,5022.8701171875,2015-12-09,-1.287138,670.2899780273438,2015-12-09,-1.166985,1145.8699951171875,2015-12-09,11.420456,19.610000610351562,2015-12-09,0.355918,2015-12-09,True
2015-12-11,-0.186335,0.225139,2052.22998046875,2015-12-10,0.443965,5045.169921875,2015-12-10,0.587806,674.22998046875,2015-12-10,0.274902,1149.02001953125,2015-12-10,-1.376851,19.34000015258789,2015-12-10,0.095878,2015-12-10,True
2015-12-14,-0.850622,-1.942277,2012.3699951171875,2015-12-11,-2.213993,4933.47021484375,2015-12-11,-1.994861,660.780029296875,2015-12-11,-2.211453,1123.6099853515625,2015-12-11,26.111681,24.389999389648438,2015-12-11,-0.205975,2015-12-11,True
2015-12-15,0.376648,0.475556,2021.93994140625,2015-12-14,0.380255,4952.22998046875,2015-12-14,-0.649239,656.489990234375,2015-12-14,-0.689741,1115.8599853515625,2015-12-14,-6.806068,22.729999542236328,2015-12-14,0.704152,2015-12-14,True
2015-12-16,0.835422,1.061856,2043.4100341796875,2015-12-15,0.870918,4995.35986328125,2015-12-15,1.520203,666.469970703125,2015-12-15,1.406096,1131.550048828125,2015-12-15,-7.831055,20.950000762939453,2015-12-15,-0.162784,2015-12-15,True
2015-12-17,0.45045,1.451497,2073.070068359375,2015-12-16,1.516808,5071.1298828125,2015-12-16,0.784738,671.7000122070312,2015-12-16,1.539474,1148.969970703125,2015-12-16,-14.749404,17.860000610351562,2015-12-16,-0.921728,2015-12-16,True
2015-12-18,-0.840508,-1.504052,2041.8900146484375,2015-12-17,-1.352363,5002.5498046875,2015-12-17,-1.48727,661.7100219726562,2015-12-17,-1.184538,1135.3599853515625,2015-12-17,6.047032,18.940000534057617,2015-12-17,-0.229372,2015-12-17,True
2015-12-21,0.10269,-1.779722,2005.550048828125,2015-12-18,-1.588584,4923.080078125,2015-12-18,-1.207485,653.719970703125,2015-12-18,-1.263033,1121.02001953125,2015-12-18,9.292504,20.700000762939453,2015-12-18,1.111919,2015-12-18,True
2015-12-22,-0.163566,0.77784,2021.1500244140625,2015-12-21,0.931121,4968.919921875,2015-12-21,1.898372,666.1300048828125,2015-12-21,0.599451,1127.739990234375,2015-12-21,-9.661835,18.700000762939453,2015-12-21,-0.222305,2015-12-21,True
2015-12-23,0.285831,0.881674,2038.969970703125,2015-12-22,0.647826,5001.10986328125,2015-12-22,0.147115,667.1099853515625,2015-12-22,0.882291,1137.68994140625,2015-12-22,-11.229948,16.600000381469727,2015-12-22,-0.577761,2015-12-22,True
2015-12-24,0.464834,1.241807,2064.2900390625,2015-12-23,0.896207,5045.93017578125,2015-12-23,0.700041,671.780029296875,2015-12-23,1.329888,1152.8199462890625,2015-12-23,-6.204823,15.569999694824219,2015-12-23,-0.383432,2015-12-23,True
2015-12-28,0.081367,-0.159864,2060.989990234375,2015-12-24,0.050735,5048.490234375,2015-12-24,0.388518,674.3900146484375,2015-12-24,0.168289,1154.760009765625,2015-12-24,,,2015-12-25,-0.36514,2015-12-25,False
2015-12-29,0.247423,-0.217856,2056.5,2015-12-28,-0.148559,5040.990234375,2015-12-28,-0.391467,671.75,2015-12-28,-0.567222,1148.2099609375,2015-12-28,7.433292,16.90999984741211,2015-12-28,0.0,2015-12-28,True
2015-12-30,0.245198,1.062976,2078.360107421875,2015-12-29,1.328106,5107.93994140625,2015-12-29,1.19539,679.780029296875,2015-12-29,1.072109,1160.52001953125,2015-12-29,-4.908338,16.079999923706055,2015-12-29,-0.173822,2015-12-29,True
2016-01-04,-0.32861,-0.941191,2043.93994140625,2015-12-31,-1.153606,5007.41015625,2015-12-31,-1.426285,663.47998046875,2015-12-31,-1.196027,1135.8900146484375,2015-12-31,,,2016-01-01,-0.113145,2016-01-01,False
2016-01-05,-0.188679,-1.530373,2012.6600341796875,2016-01-04,-2.083319,4903.08984375,2016-01-04,-1.08518,656.280029296875,2016-01-04,-2.400762,1108.6199951171875,2016-01-04,13.673816,20.700000762939453,2016-01-04,0.0,2016-01-04,True
2016-01-06,0.0,0.201223,2016.7099609375,2016-01-05,-0.237802,4891.43017578125,2016-01-05,-1.037676,649.469970703125,2016-01-05,0.164163,1110.43994140625,2016-01-05,-6.570051,19.34000015258789,2016-01-05,1.128514,2016-01-05,True
2016-01-07,-0.209864,-1.31154,1990.260009765625,2016-01-06,-1.138121,4835.759765625,2016-01-06,-2.813057,631.2000122070312,2016-01-06,-1.447169,1094.3699951171875,2016-01-06,6.463288,20.59000015258789,2016-01-06,0.114539,2016-01-06,True
2016-01-08,-0.59322,-2.370044,1943.0899658203125,2016-01-07,-3.02599,4689.43017578125,2016-01-07,-3.319077,610.25,2016-01-07,-2.723032,1064.5699462890625,2016-01-07,21.369595,24.989999771118164,2016-01-07,0.842925,2016-01-07,True
2016-01-11,-1.262361,-1.083837,1922.030029296875,2016-01-08,-0.976671,4643.6298828125,2016-01-08,-1.600986,600.47998046875,2016-01-08,-1.725579,1046.199951171875,2016-01-08,8.083235,27.010000228881836,2016-01-08,-0.279458,2016-01-08,True
2016-01-12,0.468085,0.085327,1923.6700439453125,2016-01-11,-0.121449,4637.990234375,2016-01-11,0.511259,603.5499877929688,2016-01-11,-0.411004,1041.9000244140625,2016-01-11,-10.033325,24.299999237060547,2016-01-11,0.882551,2016-01-11,True
2016-01-13,0.469484,0.78028,1938.6800537109375,2016-01-12,1.033415,4685.919921875,2016-01-12,0.83009,608.5599975585938,2016-01-12,0.268733,1044.699951171875,2016-01-12,-7.530864,22.469999313354492,2016-01-12,-0.267009,2016-01-12,True
2016-01-14,-1.136364,-2.496545,1890.280029296875,2016-01-13,-3.411494,4526.06005859375,2016-01-13,-3.135273,589.47998046875,2016-01-13,-3.303336,1010.1900024414062,2016-01-13,12.238541,25.219999313354492,2016-01-13,0.48058,2016-01-13,True
2016-01-15,0.828553,1.669591,1921.8399658203125,2016-01-14,1.965063,4615.0,2016-01-14,2.050965,601.5700073242188,2016-01-14,1.532389,1025.6700439453125,2016-01-14,-5.03568,23.950000762939453,2016-01-14,0.151424,2016-01-14,True
2016-01-18,-1.030485,-2.15991,1880.3299560546875,2016-01-15,-2.742797,4488.419921875,2016-01-15,-4.534805,574.2899780273438,2016-01-15,-1.750083,1007.719970703125,2016-01-15,12.81837,27.020000457763672,2016-01-15,-0.321401,2016-01-15,True
2016-01-19,0.0,-2.15991,1880.3299560546875,2016-01-15,-2.742797,4488.419921875,2016-01-15,-4.534805,574.2899780273438,2016-01-15,-1.750083,1007.719970703125,2016-01-15,,,2016-01-18,0.528009,2016-01-18,False
2016-01-20,-0.470186,0.053182,1881.3299560546875,2016-01-19,-0.25554,4476.9501953125,2016-01-19,0.154977,575.1799926757812,2016-01-19,-1.275153,994.8699951171875,2016-01-19,-3.589938,26.049999237060547,2016-01-19,-0.327347,2016-01-19,True
2016-01-21,0.043745,-1.169386,1859.3299560546875,2016-01-20,-0.117496,4471.68994140625,2016-01-20,0.65371,578.9400024414062,2016-01-20,0.44629,999.3099975585938,2016-01-20,5.911712,27.59000015258789,2016-01-20,-0.255614,2016-01-20,True
2016-01-22,0.986626,0.519544,1868.989990234375,2016-01-21,0.008277,4472.06005859375,2016-01-21,1.488927,587.5599975585938,2016-01-21,-0.197133,997.3400268554688,2016-01-21,-3.26205,26.690000534057617,2016-01-21,0.124404,2016-01-21,True
2016-01-25,0.364807,2.02837,1906.9000244140625,2016-01-22,2.663652,4591.18017578125,2016-01-22,1.848319,598.4199829101562,2016-01-22,2.338214,1020.6599731445312,2016-01-22,-16.29824,22.34000015258789,2016-01-22,-0.429079,2016-01-22,True
2016-01-26,-0.576307,-1.563798,1877.0799560546875,2016-01-25,-1.583252,4518.490234375,2016-01-25,-1.438786,589.8099975585938,2016-01-25,-2.281855,997.3699951171875,2016-01-25,8.102057,24.149999618530273,2016-01-25,-0.540734,2016-01-25,True
2016-01-27,0.799827,1.414434,1903.6300048828125,2016-01-26,1.08841,4567.669921875,2016-01-26,1.025752,595.8599853515625,2016-01-26,2.06543,1017.969970703125,2016-01-26,-6.832297,22.5,2016-01-26,0.149723,2016-01-26,True
2016-01-28,-0.74611,-1.086348,1882.949951171875,2016-01-27,-2.178354,4468.169921875,2016-01-27,-1.20498,588.6799926757812,2016-01-27,-1.49513,1002.75,2016-01-27,2.711114,23.110000610351562,2016-01-27,-0.048436,2016-01-27,True
2016-01-29,-0.319285,0.552858,1893.3599853515625,2016-01-28,0.86188,4506.68017578125,2016-01-28,-0.310868,586.8499755859375,2016-01-28,0.051859,1003.27001953125,2016-01-28,-2.985723,22.420000076293945,2016-01-28,0.827222,2016-01-28,True
2016-02-01,0.510096,2.476022,1940.239990234375,2016-01-29,2.380245,4613.9501953125,2016-01-29,4.57187,613.6799926757812,2016-01-29,3.200533,1035.3800048828125,2016-01-29,-9.90187,20.200000762939453,2016-01-29,-0.08702,2016-01-29,True
2016-02-02,-0.379827,-0.044324,1939.3800048828125,2016-02-01,0.139142,4620.3701171875,2016-02-01,0.475815,616.5999755859375,2016-02-01,-0.288782,1032.3900146484375,2016-02-01,-1.089115,19.979999542236328,2016-02-01,0.039812,2016-02-01,True
2016-02-03,-1.041224,-1.874309,1903.030029296875,2016-02-02,-2.238347,4516.9501953125,2016-02-02,-3.38955,595.7000122070312,2016-02-02,-2.281113,1008.8400268554688,2016-02-02,10.01001,21.979999542236328,2016-02-02,-0.426995,2016-02-02,True
2016-02-04,0.709372,0.499204,1912.530029296875,2016-02-03,-0.281384,4504.240234375,2016-02-03,0.236692,597.1099853515625,2016-02-03,0.144717,1010.2999877929688,2016-02-03,-1.501365,21.649999618530273,2016-02-03,0.877635,2016-02-03,True
2016-02-05,-0.147742,0.152673,1915.449951171875,2016-02-04,0.118107,4509.56005859375,2016-02-04,1.77689,607.719970703125,2016-02-04,0.444421,1014.7899780273438,2016-02-04,0.877601,21.84000015258789,2016-02-04,-0.974003,2016-02-04,True
2016-02-11,-2.147368,-0.018895,1851.8599853515625,2016-02-10,0.34741,4283.58984375,2016-02-10,-0.764092,563.6500244140625,2016-02-10,-0.043578,963.47998046875,2016-02-10,-0.941974,26.290000915527344,2016-02-10,-0.45898,2016-02-10,True
2016-02-12,-0.540891,-1.230116,1829.0799560546875,2016-02-11,-0.391027,4266.83984375,2016-02-11,-0.793051,559.1799926757812,2016-02-11,-1.012996,953.719970703125,2016-02-11,7.03689,28.139999389648438,2016-02-11,-0.768498,2016-02-11,True
2016-02-15,1.046207,1.951805,1864.780029296875,2016-02-12,1.656259,4337.509765625,2016-02-12,2.274765,571.9000244140625,2016-02-12,1.915659,971.989990234375,2016-02-12,-9.737029,25.399999618530273,2016-02-12,0.799697,2016-02-12,True
2016-02-16,0.086059,1.951805,1864.780029296875,2016-02-12,1.656259,4337.509765625,2016-02-12,2.274765,571.9000244140625,2016-02-12,1.915659,971.989990234375,2016-02-12,,,2016-02-15,0.630511,2016-02-15,False
2016-02-17,-0.233249,1.651665,1895.5799560546875,2016-02-16,2.26974,4435.9599609375,2016-02-16,3.502355,591.9299926757812,2016-02-16,2.449613,995.7999877929688,2016-02-16,-5.078736,24.110000610351562,2016-02-16,0.518672,2016-02-16,True
2016-02-18,1.33418,1.648044,1926.8199462890625,2016-02-17,2.211474,4534.06005859375,2016-02-17,2.385416,606.0499877929688,2016-02-17,1.539467,1011.1300048828125,2016-02-17,-7.465786,22.309999465942383,2016-02-17,0.379771,2016-02-17,True
2016-02-19,-0.167997,-0.466571,1917.8299560546875,2016-02-18,-1.026012,4487.5400390625,2016-02-18,-0.582455,602.52001953125,2016-02-18,-0.634932,1004.7100219726562,2016-02-18,-3.003138,21.639999389648438,2016-02-18,0.674431,2016-02-18,True
2016-02-22,-0.251467,-0.002603,1917.780029296875,2016-02-19,0.376379,4504.43017578125,2016-02-19,0.487951,605.4600219726562,2016-02-19,0.527514,1010.010009765625,2016-02-19,-5.129384,20.530000686645508,2016-02-19,0.27368,2016-02-19,True
2016-02-23,0.523013,1.44542,1945.5,2016-02-22,1.469213,4570.60986328125,2016-02-22,1.575658,615.0,2016-02-22,1.161373,1021.739990234375,2016-02-22,-5.601566,19.3799991607666,2016-02-22,0.364182,2016-02-22,True
2016-02-24,-0.125497,-1.245437,1921.27001953125,2016-02-23,-1.466539,4503.580078125,2016-02-23,-1.647155,604.8699951171875,2016-02-23,-0.938592,1012.1500244140625,2016-02-23,8.255936,20.979999542236328,2016-02-23,-0.886461,2016-02-23,True
2016-02-25,0.209336,0.443979,1929.800048828125,2016-02-24,0.866639,4542.60986328125,2016-02-24,1.400306,613.3400268554688,2016-02-24,0.981079,1022.0800170898438,2016-02-24,-1.239277,20.719999313354492,2016-02-24,0.737131,2016-02-24,True
2016-02-26,0.439147,1.134828,1951.699951171875,2016-02-25,0.871533,4582.2001953125,2016-02-25,1.260309,621.0700073242188,2016-02-25,0.929471,1031.5799560546875,2016-02-25,-7.770264,19.110000610351562,2016-02-25,0.117897,2016-02-25,True
2016-02-29,-0.271285,-0.187011,1948.050048828125,2016-02-26,0.180481,4590.47021484375,2016-02-26,0.576427,624.6500244140625,2016-02-26,0.542866,1037.1800537109375,2016-02-26,3.662998,19.809999465942383,2016-02-26,0.077144,2016-02-26,True
2016-03-02,1.170079,2.386879,1978.3499755859375,2016-03-01,2.888358,4689.60009765625,2016-03-01,2.859629,639.9000244140625,2016-03-01,1.991485,1054.489990234375,2016-03-01,-13.868606,17.700000762939453,2016-03-01,-0.397223,2016-03-01,True
2016-03-03,0.226384,0.409431,1986.449951171875,2016-03-02,0.294691,4703.419921875,2016-03-02,0.532892,643.3099975585938,2016-03-02,1.060233,1065.6700439453125,2016-03-02,-3.446331,17.09000015258789,2016-03-02,-0.893862,2016-03-02,True
2016-03-04,0.0,0.349874,1993.4000244140625,2016-03-03,0.085045,4707.419921875,2016-03-03,0.090161,643.8900146484375,2016-03-03,0.974036,1076.050048828125,2016-03-03,-2.282033,16.700000762939453,2016-03-03,-0.053057,2016-03-03,True
2016-03-07,0.205128,0.330589,1999.989990234375,2016-03-04,0.203935,4717.02001953125,2016-03-04,1.045207,650.6199951171875,2016-03-04,0.546443,1081.9300537109375,2016-03-04,0.958083,16.860000610351562,2016-03-04,-1.181704,2016-03-04,True
2016-03-08,0.143296,0.088501,2001.760009765625,2016-03-07,-0.185923,4708.25,2016-03-07,0.316621,652.6799926757812,2016-03-07,1.12946,1094.1500244140625,2016-03-07,2.906286,17.350000381469727,2016-03-07,-1.118156,2016-03-07,True
2016-03-09,-0.185529,-1.124011,1979.260009765625,2016-03-08,-1.262256,4648.81982421875,2016-03-08,-2.247653,638.010009765625,2016-03-08,-2.400952,1067.8800048828125,2016-03-08,7.608067,18.670000076293945,2016-03-08,0.188048,2016-03-08,True
2016-03-10,0.205255,0.505239,1989.260009765625,2016-03-09,0.549818,4674.3798828125,2016-03-09,0.82444,643.27001953125,2016-03-09,0.457918,1072.77001953125,2016-03-09,-1.767541,18.34000015258789,2016-03-09,0.786657,2016-03-09,True
2016-03-11,0.040675,0.01558,1989.5699462890625,2016-03-10,-0.261419,4662.16015625,2016-03-10,0.514558,646.5800170898438,2016-03-10,-0.818445,1063.989990234375,2016-03-10,-1.581248,18.049999237060547,2016-03-10,-0.002485,2016-03-10,True
2016-03-14,0.568182,1.63955,2022.18994140625,2016-03-11,1.851289,4748.47021484375,2016-03-11,1.942528,659.1400146484375,2016-03-11,2.215253,1087.56005859375,2016-03-11,-8.587254,16.5,2016-03-11,-0.347645,2016-03-11,True
2016-03-15,0.0,-0.126097,2019.6400146484375,2016-03-14,0.038108,4750.27978515625,2016-03-14,-0.423285,656.3499755859375,2016-03-14,-0.304356,1084.25,2016-03-14,2.545455,16.920000076293945,2016-03-14,-1.499226,2016-03-14,True
2016-03-16,0.243902,-0.183694,2015.9300537109375,2016-03-15,-0.454918,4728.669921875,2016-03-15,-0.143217,655.4099731445312,2016-03-15,-1.621393,1066.6700439453125,2016-03-15,-0.472813,16.84000015258789,2016-03-15,-0.012651,2016-03-15,True
2016-03-17,0.425704,0.560035,2027.219970703125,2016-03-16,0.746516,4763.97021484375,2016-03-16,0.881895,661.1900024414062,2016-03-16,0.734994,1074.510009765625,2016-03-16,-10.98575,14.989999771118164,2016-03-16,0.52456,2016-03-16,True
2016-03-18,0.443548,0.659524,2040.5899658203125,2016-03-17,0.23132,4774.990234375,2016-03-17,0.719916,665.9500122070312,2016-03-17,1.557919,1091.25,2016-03-17,-3.669114,14.4399995803833,2016-03-17,-1.352383,2016-03-17,True
2016-03-21,0.362684,0.440564,2049.580078125,2016-03-18,0.432664,4795.64990234375,2016-03-18,1.363468,675.030029296875,2016-03-18,0.954872,1101.6700439453125,2016-03-18,-2.908581,14.020000457763672,2016-03-18,-1.964534,2016-03-18,True
2016-03-22,0.242082,0.098558,2051.60009765625,2016-03-21,0.275671,4808.8701171875,2016-03-21,0.137771,675.9600219726562,2016-03-21,-0.280491,1098.5799560546875,2016-03-21,-1.640517,13.789999961853027,2016-03-21,0.828458,2016-03-21,True
2016-03-23,0.040145,-0.087739,2049.800048828125,2016-03-22,0.265968,4821.66015625,2016-03-22,-0.097644,675.2999877929688,2016-03-22,-0.112872,1097.3399658203125,2016-03-22,2.755621,14.170000076293945,2016-03-22,-0.275322,2016-03-22,True
2016-03-24,-0.301326,-0.638603,2036.7099609375,2016-03-23,-1.095065,4768.85986328125,2016-03-23,-1.309043,666.4600219726562,2016-03-23,-1.972043,1075.699951171875,2016-03-23,5.434012,14.9399995803833,2016-03-23,-0.370971,2016-03-23,True
2016-03-25,0.181269,-0.037807,2035.93994140625,2016-03-24,0.097301,4773.5,2016-03-24,-0.048016,666.1400146484375,2016-03-24,0.356985,1079.5400390625,2016-03-24,-1.338687,14.739999771118164,2016-03-24,0.982852,2016-03-24,True
2016-03-28,0.0,-0.037807,2035.93994140625,2016-03-24,0.097301,4773.5,2016-03-24,-0.048016,666.1400146484375,2016-03-24,0.356985,1079.5400390625,2016-03-24,,,2016-03-25,0.0,2016-03-27,False
2016-03-29,0.0,0.054526,2037.050048828125,2016-03-28,-0.140567,4766.7900390625,2016-03-28,-0.139609,665.2100219726562,2016-03-28,0.063911,1080.22998046875,2016-03-28,3.39213,15.239999771118164,2016-03-28,0.0,2016-03-28,True
2016-03-30,0.440882,0.881665,2055.010009765625,2016-03-29,1.674714,4846.6201171875,2016-03-29,1.342432,674.1400146484375,2016-03-29,2.670725,1109.0799560546875,2016-03-29,-9.317586,13.819999694824219,2016-03-29,-0.863531,2016-03-29,True
2016-03-31,0.179569,0.435032,2063.949951171875,2016-03-30,0.467747,4869.2900390625,2016-03-30,0.986437,680.7899780273438,2016-03-30,0.122623,1110.43994140625,2016-03-30,-1.881326,13.5600004196167,2016-03-30,-1.37101,2016-03-30,True
2016-04-01,-0.120216,-0.203976,2059.739990234375,2016-03-31,0.011502,4869.85009765625,2016-03-31,-0.572859,676.8900146484375,2016-03-31,0.323303,1114.030029296875,2016-03-31,2.876102,13.949999809265137,2016-03-31,0.049996,2016-03-31,True
2016-04-04,0.081301,0.633092,2072.780029296875,2016-04-01,0.917686,4914.5400390625,2016-04-01,0.694354,681.5900268554688,2016-04-01,0.327641,1117.6800537109375,2016-04-01,-6.093186,13.100000381469727,2016-04-01,0.440033,2016-04-03,True
2016-04-05,-0.263745,-0.320832,2066.1298828125,2016-04-04,-0.462713,4891.7998046875,2016-04-04,-0.90964,675.3900146484375,2016-04-04,-0.817767,1108.5400390625,2016-04-04,7.786256,14.119999885559082,2016-04-04,0.245244,2016-04-04,True
2016-04-06,0.0,-1.014449,2045.1700439453125,2016-04-05,-0.978569,4843.93017578125,2016-04-05,-0.601134,671.3300170898438,2016-04-05,-1.144755,1095.8499755859375,2016-04-05,9.2068,15.420000076293945,2016-04-05,0.859284,2016-04-05,True
2016-04-07,0.386729,1.050762,2066.659912109375,2016-04-06,1.585284,4920.72021484375,2016-04-06,1.024832,678.2100219726562,2016-04-06,1.182651,1108.81005859375,2016-04-06,-8.625162,14.09000015258789,2016-04-06,-0.461802,2016-04-06,True
2016-04-08,-0.58991,-1.197579,2041.9100341796875,2016-04-07,-1.470315,4848.3701171875,2016-04-07,-1.585055,667.4600219726562,2016-04-07,-1.444794,1092.7900390625,2016-04-07,14.691268,16.15999984741211,2016-04-07,0.260157,2016-04-07,True
2016-04-11,-0.020383,0.278658,2047.5999755859375,2016-04-08,0.047848,4850.68994140625,2016-04-08,0.57681,671.3099975585938,2016-04-08,0.413622,1097.31005859375,2016-04-08,-4.950496,15.359999656677246,2016-04-08,-0.575187,2016-04-10,True
2016-04-12,0.020367,-0.273979,2041.989990234375,2016-04-11,-0.356445,4833.39990234375,2016-04-11,-0.105767,670.5999755859375,2016-04-11,-0.27067,1094.3399658203125,2016-04-11,5.859379,16.260000228881836,2016-04-11,-0.782949,2016-04-11,True
2016-04-14,1.495252,1.004014,2082.419921875,2016-04-13,1.546155,4947.419921875,2016-04-13,2.300898,685.1500244140625,2016-04-13,2.190456,1129.9300537109375,2016-04-13,-6.801348,13.84000015258789,2016-04-13,0.324543,2016-04-13,True
2016-04-15,-0.059406,0.017293,2082.780029296875,2016-04-14,-0.030921,4945.89013671875,2016-04-14,-0.856746,679.280029296875,2016-04-14,-0.118599,1128.5899658203125,2016-04-14,-0.867051,13.720000267028809,2016-04-14,0.686337,2016-04-14,True
2016-04-18,-0.733254,-0.098428,2080.72998046875,2016-04-15,-0.155077,4938.22021484375,2016-04-15,-0.852379,673.489990234375,2016-04-15,0.206459,1130.9200439453125,2016-04-15,-0.728866,13.619999885559082,2016-04-15,-0.564432,2016-04-17,True
2016-04-19,0.29827,0.654103,2094.340087890625,2016-04-18,0.441451,4960.02001953125,2016-04-18,0.06979,673.9600219726562,2016-04-18,0.73922,1139.280029296875,2016-04-18,-1.982375,13.350000381469727,2016-04-18,-0.30565,2016-04-18,True
2016-04-20,0.158856,0.308449,2100.800048828125,2016-04-19,-0.396973,4940.330078125,2016-04-19,-1.238951,665.6099853515625,2016-04-19,0.083382,1140.22998046875,2016-04-19,-0.823975,13.239999771118164,2016-04-19,-1.379643,2016-04-19,True
2016-04-21,0.458259,0.076154,2102.39990234375,2016-04-20,0.15788,4948.1298828125,2016-04-20,0.982563,672.1500244140625,2016-04-20,0.18067,1142.2900390625,2016-04-20,0.302115,13.279999732971191,2016-04-20,0.377493,2016-04-20,True
2016-04-22,-0.336101,-0.519403,2091.47998046875,2016-04-21,-0.045264,4945.89013671875,2016-04-21,-0.665035,667.6799926757812,2016-04-21,-0.570785,1135.77001953125,2016-04-21,5.045181,13.949999809265137,2016-04-21,0.721177,2016-04-21,True
2016-04-25,0.019845,0.004786,2091.580078125,2016-04-22,-0.801881,4906.22998046875,2016-04-22,0.202198,669.030029296875,2016-04-22,0.961455,1146.68994140625,2016-04-22,-5.232972,13.220000267028809,2016-04-22,0.825831,2016-04-24,True
2016-04-26,-0.019869,-0.181205,2087.7900390625,2016-04-25,-0.212789,4895.7900390625,2016-04-25,-0.554537,665.3200073242188,2016-04-25,-0.74911,1138.0999755859375,2016-04-25,6.505292,14.079999923706055,2016-04-25,0.075807,2016-04-25,True
2016-04-27,-0.03962,0.187275,2091.699951171875,2016-04-26,-0.153402,4888.27978515625,2016-04-26,1.367759,674.4199829101562,2016-04-26,1.109745,1150.72998046875,2016-04-26,-0.852272,13.960000038146973,2016-04-26,-0.316931,2016-04-26,True
2016-04-28,-1.307448,0.164935,2095.14990234375,2016-04-27,-0.514284,4863.14013671875,2016-04-27,1.014209,681.260009765625,2016-04-27,0.297206,1154.1500244140625,2016-04-27,-1.361029,13.770000457763672,2016-04-27,0.106559,2016-04-27,True
2016-04-29,0.0,-0.923077,2075.81005859375,2016-04-28,-1.189563,4805.2900390625,2016-04-28,-2.725833,662.6900024414062,2016-04-28,-1.191353,1140.4000244140625,2016-04-28,10.530136,15.220000267028809,2016-04-28,-1.055752,2016-04-28,True
2016-05-02,-0.204499,-0.506309,2065.300048828125,2016-04-29,-0.622859,4775.35986328125,2016-04-29,-2.618113,645.3400268554688,2016-04-29,-0.83743,1130.8499755859375,2016-04-29,3.153742,15.699999809265137,2016-04-29,0.793651,2016-05-01,True
2016-05-03,0.412116,0.780995,2081.429931640625,2016-05-02,0.884331,4817.58984375,2016-05-02,0.763937,650.27001953125,2016-05-02,0.890487,1140.9200439453125,2016-05-02,-6.496812,14.680000305175781,2016-05-02,-0.656168,2016-05-02,True
2016-05-04,-0.472473,-0.867664,2063.3701171875,2016-05-03,-1.128565,4763.22021484375,2016-05-03,-1.176438,642.6199951171875,2016-05-03,-1.679349,1121.760009765625,2016-05-03,6.26703,15.600000381469727,2016-05-03,1.275207,2016-05-03,True
2016-05-09,0.0,0.317464,2057.139892578125,2016-05-06,0.404281,4736.16015625,2016-05-06,0.108353,637.5,2016-05-06,0.61104,1114.719970703125,2016-05-06,-7.47957,14.720000267028809,2016-05-06,0.243879,2016-05-08,True
2016-05-10,-0.206825,0.07535,2058.68994140625,2016-05-09,0.29665,4750.2099609375,2016-05-09,-0.150592,636.5399780273438,2016-05-09,0.316674,1118.25,2016-05-09,-1.019026,14.569999694824219,2016-05-09,0.489153,2016-05-09,True
2016-05-11,0.309023,1.248364,2084.389892578125,2016-05-10,1.256153,4809.8798828125,2016-05-10,1.219092,644.2999877929688,2016-05-10,0.946117,1128.8299560546875,2016-05-10,-6.45161,13.630000114440918,2016-05-10,-0.31713,2016-05-10,True
2016-05-12,-0.329965,-0.956152,2064.4599609375,2016-05-11,-1.022685,4760.68994140625,2016-05-11,-0.311968,642.2899780273438,2016-05-11,-1.248192,1114.739990234375,2016-05-11,7.776959,14.6899995803833,2016-05-11,-0.549882,2016-05-11,True
2016-05-13,-0.041339,-0.016946,2064.110107421875,2016-05-12,-0.490682,4737.330078125,2016-05-12,-1.793576,630.77001953125,2016-05-12,-0.550802,1108.5999755859375,2016-05-12,-1.906057,14.40999984741211,2016-05-12,0.386964,2016-05-12,True
2016-05-16,-0.270833,-0.847829,2046.6099853515625,2016-05-13,-0.414789,4717.68017578125,2016-05-13,0.394754,633.260009765625,2016-05-13,-0.555659,1102.43994140625,2016-05-13,4.371965,15.039999961853027,2016-05-13,0.642453,2016-05-15,True
2016-05-17,0.145621,0.979665,2066.659912109375,2016-05-16,1.22475,4775.4599609375,2016-05-16,1.590185,643.3300170898438,2016-05-16,1.249049,1116.2099609375,2016-05-16,-2.393615,14.680000305175781,2016-05-16,0.13192,2016-05-16,True
2016-05-18,-0.27027,-0.94113,2047.2099609375,2016-05-17,-1.250769,4715.72998046875,2016-05-17,-0.690159,638.8900146484375,2016-05-17,-1.660074,1097.6800537109375,2016-05-17,6.062666,15.569999694824219,2016-05-17,-0.265204,2016-05-17,True
2016-05-19,-0.313611,0.020518,2047.6300048828125,2016-05-18,0.496002,4739.1201171875,2016-05-18,1.637208,649.3499755859375,2016-05-18,0.480094,1102.949951171875,2016-05-18,2.440592,15.949999809265137,2016-05-18,1.152278,2016-05-18,True
2016-05-20,-0.146751,-0.370671,2040.0400390625,2016-05-19,-0.561082,4712.52978515625,2016-05-19,-0.709938,644.739990234375,2016-05-19,-0.740734,1094.780029296875,2016-05-19,2.382446,16.329999923706055,2016-05-19,-0.117961,2016-05-19,True
2016-05-23,0.167715,0.60195,2052.320068359375,2016-05-20,1.210184,4769.56005859375,2016-05-20,3.154764,665.0800170898438,2016-05-20,1.598495,1112.280029296875,2016-05-20,-6.91978,15.199999809265137,2016-05-20,0.253913,2016-05-22,True
2016-05-24,-0.125444,-0.208546,2048.0400390625,2016-05-23,-0.079258,4765.77978515625,2016-05-23,0.658568,669.4600219726562,2016-05-23,-0.081817,1111.3699951171875,2016-05-23,4.078947,15.819999694824219,2016-05-23,-0.581417,2016-05-23,True
2016-05-25,0.589598,1.368138,2076.06005859375,2016-05-24,1.999259,4861.06005859375,2016-05-24,2.416872,685.6400146484375,2016-05-24,2.154104,1135.31005859375,2016-05-24,-8.849555,14.420000076293945,2016-05-24,0.338538,2016-05-24,True
2016-05-26,0.041528,0.697474,2090.5400390625,2016-05-25,0.69594,4894.89013671875,2016-05-25,0.558596,689.469970703125,2016-05-25,0.502943,1141.02001953125,2016-05-25,-3.606106,13.899999618530273,2016-05-25,-0.565145,2016-05-25,True
2016-05-27,0.166424,-0.021044,2090.10009765625,2016-05-26,0.140552,4901.77001953125,2016-05-26,0.306039,691.5800170898438,2016-05-26,-0.111306,1139.75,2016-05-26,-3.38129,13.430000305175781,2016-05-26,-0.076348,2016-05-26,True
2016-05-30,0.0,0.428686,2099.06005859375,2016-05-27,0.647317,4933.5,2016-05-27,0.597184,695.7100219726562,2016-05-27,0.938798,1150.449951171875,2016-05-27,-2.308268,13.119999885559082,2016-05-27,0.534832,2016-05-29,True
2016-05-31,-0.124456,0.428686,2099.06005859375,2016-05-27,0.647317,4933.5,2016-05-27,0.597184,695.7100219726562,2016-05-27,0.938798,1150.449951171875,2016-05-27,,,2016-05-30,1.199067,2016-05-30,False
2016-06-01,-0.308642,-0.100526,2096.949951171875,2016-05-31,0.294919,4948.0498046875,2016-05-31,0.524639,699.3599853515625,2016-05-31,0.377251,1154.7900390625,2016-05-31,8.155486,14.1899995803833,2016-05-31,-0.893651,2016-05-31,True
2016-06-02,-0.041127,0.113504,2099.330078125,2016-06-01,0.084886,4952.25,2016-06-01,0.561941,703.2899780273438,2016-06-01,0.714416,1163.0400390625,2016-06-01,0.070474,14.199999809265137,2016-06-01,0.202909,2016-06-01,True
2016-06-03,0.184729,0.282468,2105.260009765625,2016-06-02,0.385882,4971.35986328125,2016-06-02,0.019909,703.4299926757812,2016-06-02,0.648294,1170.5799560546875,2016-06-02,-4.014082,13.630000114440918,2016-06-02,-0.491533,2016-06-02,True
2016-06-07,0.143443,0.489728,2109.409912109375,2016-06-06,0.52989,4968.7099609375,2016-06-06,-0.269269,703.7000122070312,2016-06-06,1.094379,1176.8699951171875,2016-06-06,1.336298,13.649999618530273,2016-06-06,-0.317663,2016-06-06,True
2016-06-08,0.0,0.128945,2112.1298828125,2016-06-07,-0.140076,4961.75,2016-06-07,0.973423,710.5499877929688,2016-06-07,0.263408,1179.969970703125,2016-06-07,2.930407,14.050000190734863,2016-06-07,-0.293637,2016-06-07,True
2016-06-09,-0.06006,0.330957,2119.1201171875,2016-06-08,0.25979,4974.64013671875,2016-06-08,-0.050663,710.1900024414062,2016-06-08,0.761035,1188.949951171875,2016-06-08,0.213521,14.079999923706055,2016-06-08,-0.368125,2016-06-08,True
2016-06-10,-0.060084,-0.171776,2115.47998046875,2016-06-09,-0.322034,4958.6201171875,2016-06-09,0.102787,710.9199829101562,2016-06-09,-0.651836,1181.199951171875,2016-06-09,3.977276,14.640000343322754,2016-06-09,0.517275,2016-06-09,True
2016-06-13,-0.723909,-0.917518,2096.070068359375,2016-06-10,-1.2921,4894.5498046875,2016-06-10,-1.671075,699.0399780273438,2016-06-10,-1.462064,1163.9300537109375,2016-06-10,16.325139,17.030000686645508,2016-06-10,1.148593,2016-06-12,True
2016-06-14,-0.164271,-0.811519,2079.06005859375,2016-06-13,-0.942065,4848.43994140625,2016-06-13,-0.517852,695.4199829101562,2016-06-13,-1.136675,1150.699951171875,2016-06-13,23.135634,20.969999313354492,2016-06-13,0.057294,2016-06-13,True
2016-06-15,-0.185414,-0.179889,2075.320068359375,2016-06-14,-0.10086,4843.5498046875,2016-06-14,0.007188,695.469970703125,2016-06-14,-0.250283,1147.8199462890625,2016-06-14,-2.241294,20.5,2016-06-14,0.276887,2016-06-14,True
2016-06-16,0.04122,-0.184071,2071.5,2016-06-15,-0.177961,4834.93017578125,2016-06-15,-0.087708,694.8599853515625,2016-06-15,0.128949,1149.300048828125,2016-06-15,-1.756101,20.139999389648438,2016-06-15,-0.570148,2016-06-15,True
2016-06-17,0.66459,0.313299,2077.989990234375,2016-06-16,0.206616,4844.919921875,2016-06-16,-0.011507,694.780029296875,2016-06-16,-0.09659,1148.18994140625,2016-06-16,-3.82323,19.3700008392334,2016-06-16,0.246851,2016-06-16,True
2016-06-20,0.933029,-0.325797,2071.219970703125,2016-06-17,-0.920141,4800.33984375,2016-06-17,-0.818965,689.0900268554688,2016-06-17,-0.303956,1144.699951171875,2016-06-17,0.2065,19.40999984741211,2016-06-17,-0.087202,2016-06-19,True
2016-06-21,-0.0818,0.580819,2083.25,2016-06-20,0.768073,4837.2099609375,2016-06-20,1.159499,697.0800170898438,2016-06-20,1.135669,1157.699951171875,2016-06-20,-5.358058,18.3700008392334,2016-06-20,-0.788157,2016-06-20,True
2016-06-22,0.06135,0.271206,2088.89990234375,2016-06-21,0.135405,4843.759765625,2016-06-21,0.332818,699.4000244140625,2016-06-21,-0.330825,1153.8699951171875,2016-06-21,0.598795,18.479999542236328,2016-06-21,-0.668478,2016-06-21,True
2016-06-23,-0.020333,-0.165156,2085.449951171875,2016-06-22,-0.215534,4833.31982421875,2016-06-22,-0.16443,698.25,2016-06-22,-0.42466,1148.969970703125,2016-06-22,14.55628,21.170000076293945,2016-06-22,-0.147616,2016-06-22,True
2016-06-24,0.3861,1.336408,2113.320068359375,2016-06-23,1.587319,4910.0400390625,2016-06-23,2.638021,716.6699829101562,2016-06-23,2.023552,1172.219970703125,2016-06-23,-18.516769,17.25,2016-06-23,-0.751371,2016-06-23,True
2016-06-27,-0.230947,-3.59198,2037.4100341796875,2016-06-24,-4.115243,4707.97998046875,2016-06-24,-5.758572,675.4000244140625,2016-06-24,-3.811565,1127.5400390625,2016-06-24,49.333335,25.760000228881836,2016-06-24,2.571717,2016-06-26,True
2016-06-28,-0.963149,-1.80965,2000.5400390625,2016-06-27,-2.411651,4594.43994140625,2016-06-27,-4.009478,648.3200073242188,2016-06-27,-3.360414,1089.6500244140625,2016-06-27,-7.414596,23.850000381469727,2016-06-27,0.601399,2016-06-27,True
2016-06-29,0.501253,1.777017,2036.0899658203125,2016-06-28,2.12061,4691.8701171875,2016-06-28,2.688486,665.75,2016-06-28,1.619788,1107.300048828125,2016-06-28,-21.383649,18.75,2016-06-28,-1.041907,2016-06-28,True
2016-06-30,0.515996,1.703267,2070.77001953125,2016-06-29,1.862368,4779.25,2016-06-29,2.045812,679.3699951171875,2016-06-29,2.196328,1131.6199951171875,2016-06-29,-11.253337,16.639999389648438,2016-06-29,-1.13525,2016-06-29,True
2016-07-01,0.081967,1.356504,2098.860107421875,2016-06-30,1.326985,4842.669921875,2016-06-30,1.810499,691.6699829101562,2016-06-30,1.793893,1151.9200439453125,2016-06-30,-6.069707,15.630000114440918,2016-06-30,-0.078117,2016-06-30,True
2016-07-04,0.0,0.19486,2102.949951171875,2016-07-01,0.410928,4862.56982421875,2016-07-01,-0.962883,685.010009765625,2016-07-01,0.421034,1156.77001953125,2016-07-01,-5.502237,14.770000457763672,2016-07-01,-0.282302,2016-07-03,True
2016-07-05,-0.121531,0.19486,2102.949951171875,2016-07-01,0.410928,4862.56982421875,2016-07-01,-0.962883,685.010009765625,2016-07-01,0.421034,1156.77001953125,2016-07-01,,,2016-07-04,0.296169,2016-07-04,False
2016-07-06,-0.405597,-0.684748,2088.550048828125,2016-07-05,-0.815822,4822.89990234375,2016-07-05,-1.824791,672.510009765625,2016-07-05,-1.497278,1139.449951171875,2016-07-05,5.484086,15.579999923706055,2016-07-05,0.308314,2016-07-05,True
2016-07-07,0.517384,0.535296,2099.72998046875,2016-07-06,0.751835,4859.16015625,2016-07-06,0.154641,673.5499877929688,2016-07-06,0.691562,1147.3299560546875,2016-07-06,-3.97946,14.960000038146973,2016-07-06,0.025979,2016-07-06,True
2016-07-08,-0.245549,-0.087158,2097.89990234375,2016-07-07,0.363229,4876.81005859375,2016-07-07,1.227826,681.8200073242188,2016-07-07,0.211801,1149.760009765625,2016-07-07,-1.336897,14.760000228881836,2016-07-07,0.034627,2016-07-07,True
2016-07-11,0.946113,1.525335,2129.89990234375,2016-07-08,1.639385,4956.759765625,2016-07-08,2.823326,701.0700073242188,2016-07-08,2.400499,1177.3599853515625,2016-07-08,-10.569108,13.199999809265137,2016-07-08,-0.687065,2016-07-10,True
2016-07-12,0.141873,0.340862,2137.159912109375,2016-07-11,0.64317,4988.64013671875,2016-07-11,1.116867,708.9000244140625,2016-07-11,1.07614,1190.030029296875,2016-07-11,2.575759,13.539999961853027,2016-07-11,0.031366,2016-07-11,True
2016-07-13,0.770166,0.700929,2152.139892578125,2016-07-12,0.68515,5022.81982421875,2016-07-12,1.334456,718.3599853515625,2016-07-12,1.332738,1205.8900146484375,2016-07-12,0.073857,13.550000190734863,2016-07-12,-0.615811,2016-07-12,True
2016-07-14,-0.080532,0.013477,2152.429931640625,2016-07-13,-0.340244,5005.72998046875,2016-07-13,0.075177,718.9000244140625,2016-07-13,-0.39224,1201.1600341796875,2016-07-13,-3.763839,13.039999961853027,2016-07-13,0.144612,2016-07-13,True
2016-07-15,0.462219,0.52592,2163.75,2016-07-14,0.565953,5034.06005859375,2016-07-14,0.741404,724.22998046875,2016-07-14,0.084086,1202.1700439453125,2016-07-14,-1.687119,12.819999694824219,2016-07-14,-1.172715,2016-07-14,True
2016-07-18,0.039992,-0.092895,2161.739990234375,2016-07-15,-0.088799,5029.58984375,2016-07-15,-0.081461,723.6400146484375,2016-07-15,0.261196,1205.31005859375,2016-07-15,-1.170044,12.670000076293945,2016-07-15,0.650872,2016-07-17,True
2016-07-19,0.139721,0.238229,2166.889892578125,2016-07-18,0.520717,5055.77978515625,2016-07-18,1.506269,734.5399780273438,2016-07-18,0.21571,1207.9100341796875,2016-07-18,-1.815316,12.4399995803833,2016-07-18,-0.312329,2016-07-18,True
2016-07-20,-0.039976,-0.143517,2163.780029296875,2016-07-19,-0.38391,5036.3701171875,2016-07-19,-0.375738,731.780029296875,2016-07-19,-0.617603,1200.449951171875,2016-07-19,-3.77813,11.970000267028809,2016-07-19,0.542774,2016-07-19,True
2016-07-21,0.400481,0.42703,2173.02001953125,2016-07-20,1.063465,5089.93017578125,2016-07-20,1.634366,743.739990234375,2016-07-20,0.77388,1209.739990234375,2016-07-20,-1.670842,11.770000457763672,2016-07-20,0.153617,2016-07-20,True
2016-07-22,-0.420084,-0.361253,2165.169921875,2016-07-21,-0.314941,5073.89990234375,2016-07-21,-0.731439,738.2999877929688,2016-07-21,-0.486055,1203.8599853515625,2016-07-21,8.241285,12.739999771118164,2016-07-21,-0.429458,2016-07-21,True
2016-07-25,0.260208,0.455396,2175.030029296875,2016-07-22,0.517556,5100.16015625,2016-07-22,0.551267,742.3699951171875,2016-07-22,0.75009,1212.8900146484375,2016-07-22,-5.651486,12.020000457763672,2016-07-22,-0.180454,2016-07-24,True
2016-07-26,-0.10002,-0.301148,2168.47998046875,2016-07-25,-0.049612,5097.6298828125,2016-07-25,0.548245,746.4400024414062,2016-07-25,-0.25312,1209.8199462890625,2016-07-25,7.071542,12.869999885559082,2016-07-25,0.664024,2016-07-25,True
2016-07-27,-0.019829,0.032278,2169.179931640625,2016-07-26,0.243641,5110.0498046875,2016-07-26,3.815441,774.9199829101562,2016-07-26,0.581908,1216.8599853515625,2016-07-26,1.398604,13.050000190734863,2016-07-26,-0.611458,2016-07-26,True
2016-07-28,0.0,-0.119854,2166.580078125,2016-07-27,0.582387,5139.81005859375,2016-07-27,0.001292,774.9299926757812,2016-07-27,0.170116,1218.9300537109375,2016-07-27,-1.685826,12.829999923706055,2016-07-27,-0.484774,2016-07-27,True
2016-07-29,-0.019893,0.160621,2170.06005859375,2016-07-28,0.295146,5154.97998046875,2016-07-28,-0.56908,770.52001953125,2016-07-28,-0.131271,1217.3299560546875,2016-07-28,-0.857363,12.720000267028809,2016-07-28,-0.504856,2016-07-28,True
2016-08-01,0.338443,0.163131,2173.60009765625,2016-07-29,0.138699,5162.1298828125,2016-07-29,-0.485385,766.780029296875,2016-07-29,0.214402,1219.93994140625,2016-07-29,-6.682393,11.869999885559082,2016-07-29,-1.192863,2016-07-31,True
2016-08-02,-0.276461,-0.126979,2170.840087890625,2016-08-01,0.427543,5184.2001953125,2016-08-01,0.161714,768.02001953125,2016-08-01,-0.067212,1219.1199951171875,2016-08-01,4.802019,12.4399995803833,2016-08-01,-0.405424,2016-08-01,True
2016-08-03,-0.696517,-0.636162,2157.030029296875,2016-08-02,-0.896382,5137.72998046875,2016-08-02,-1.600224,755.72998046875,2016-08-02,-1.375584,1202.3499755859375,2016-08-02,7.475887,13.369999885559082,2016-08-02,0.578046,2016-08-02,True
2016-08-04,0.58456,0.313394,2163.7900390625,2016-08-03,0.428404,5159.740234375,2016-08-03,0.105864,756.530029296875,2016-08-03,0.86331,1212.72998046875,2016-08-03,-3.814512,12.859999656677246,2016-08-03,0.144804,2016-08-03,True
2016-08-05,0.241352,0.021257,2164.25,2016-08-04,0.126165,5166.25,2016-08-04,0.930562,763.5700073242188,2016-08-04,0.084935,1213.760009765625,2016-08-04,-3.421459,12.420000076293945,2016-08-04,-0.314338,2016-08-04,True
2016-08-08,0.676482,0.86035,2182.8701171875,2016-08-05,1.062088,5221.1201171875,2016-08-05,1.337143,773.780029296875,2016-08-05,1.445099,1231.300048828125,2016-08-05,-8.293073,11.390000343322754,2016-08-05,0.306322,2016-08-07,True
2016-08-09,0.197472,-0.090717,2180.889892578125,2016-08-08,-0.15284,5213.14013671875,2016-08-08,-0.173179,772.4400024414062,2016-08-08,-0.07147,1230.4200439453125,2016-08-08,0.965756,11.5,2016-08-08,-0.781421,2016-08-08,True
2016-08-10,-0.156771,0.038979,2181.739990234375,2016-08-09,0.236707,5225.47998046875,2016-08-09,0.820779,778.780029296875,2016-08-09,0.107276,1231.739990234375,2016-08-09,1.391303,11.65999984741211,2016-08-09,-0.43,2016-08-09,True
2016-08-11,0.0,-0.286469,2175.489990234375,2016-08-10,-0.399961,5204.580078125,2016-08-10,-0.765302,772.8200073242188,2016-08-10,-0.687643,1223.27001953125,2016-08-10,3.344771,12.050000190734863,2016-08-10,-0.513685,2016-08-10,True
2016-08-12,0.314218,0.473459,2185.7900390625,2016-08-11,0.45767,5228.39990234375,2016-08-11,0.445123,776.260009765625,2016-08-11,0.478224,1229.1199951171875,2016-08-11,-3.070538,11.680000305175781,2016-08-11,0.155353,2016-08-11,True
2016-08-16,0.332681,0.279291,2190.14990234375,2016-08-15,0.556669,5262.02001953125,2016-08-15,1.35925,790.4400024414062,2016-08-15,0.979008,1241.8599853515625,2016-08-15,2.251084,11.8100004196167,2016-08-15,-0.464407,2016-08-15,True
2016-08-17,-0.137067,-0.547908,2178.14990234375,2016-08-16,-0.663436,5227.10986328125,2016-08-16,-0.737566,784.6099853515625,2016-08-16,-0.864025,1231.1300048828125,2016-08-16,7.027942,12.640000343322754,2016-08-16,-0.303452,2016-08-16,True
2016-08-18,0.058789,0.186859,2182.219970703125,2016-08-17,0.029659,5228.66015625,2016-08-17,0.0,784.6099853515625,2016-08-17,-0.280226,1227.6800537109375,2016-08-17,-3.560133,12.1899995803833,2016-08-17,0.957009,2016-08-17,True
2016-08-19,0.116732,0.219962,2187.02001953125,2016-08-18,0.219746,5240.14990234375,2016-08-18,0.707356,790.1599731445312,2016-08-18,0.746931,1236.8499755859375,2016-08-18,-6.234613,11.430000305175781,2016-08-18,0.222722,2016-08-18,True
2016-08-22,-0.15528,-0.144027,2183.8701171875,2016-08-19,-0.033778,5238.3798828125,2016-08-19,0.873244,797.0599975585938,2016-08-19,-0.006464,1236.77001953125,2016-08-19,-0.787403,11.34000015258789,2016-08-19,0.942225,2016-08-21,True
2016-08-23,0.078094,-0.056332,2182.639892578125,2016-08-22,0.118743,5244.60009765625,2016-08-22,0.028854,797.2899780273438,2016-08-22,0.240139,1239.739990234375,2016-08-22,8.201061,12.270000457763672,2016-08-22,0.463574,2016-08-22,True
2016-08-24,-0.038842,0.195177,2186.89990234375,2016-08-23,0.29516,5260.080078125,2016-08-23,0.50421,801.3099975585938,2016-08-23,0.71305,1248.5799560546875,2016-08-23,0.896493,12.380000114440918,2016-08-23,-0.283272,2016-08-23,True
2016-08-25,-0.039024,-0.524028,2175.43994140625,2016-08-24,-0.805884,5217.68994140625,2016-08-24,-0.869822,794.3400268554688,2016-08-24,-0.907427,1237.25,2016-08-24,8.64297,13.449999809265137,2016-08-24,0.035736,2016-08-24,True
2016-08-26,-0.331126,-0.136523,2172.469970703125,2016-08-25,-0.105214,5212.2001953125,2016-08-25,0.394031,797.469970703125,2016-08-25,0.222267,1240.0,2016-08-25,1.338292,13.630000114440918,2016-08-25,-0.505455,2016-08-25,True
2016-08-29,-0.645287,-0.157882,2169.0400390625,2016-08-26,0.128923,5218.919921875,2016-08-26,0.492815,801.4000244140625,2016-08-26,-0.158869,1238.030029296875,2016-08-26,0.146732,13.649999618530273,2016-08-26,0.683941,2016-08-28,True
2016-08-30,0.312805,0.522805,2180.3798828125,2016-08-29,0.256953,5232.330078125,2016-08-29,0.277012,803.6199951171875,2016-08-29,0.558138,1244.93994140625,2016-08-29,-5.201466,12.9399995803833,2016-08-29,-0.304885,2016-08-29,True
2016-08-31,0.0,-0.195368,2176.1201171875,2016-08-30,-0.178503,5222.990234375,2016-08-30,-0.192876,802.0700073242188,2016-08-30,0.087561,1246.030029296875,2016-08-30,1.391038,13.119999885559082,2016-08-30,0.004475,2016-08-30,True
2016-09-01,-0.50811,-0.237586,2170.949951171875,2016-08-31,-0.187058,5213.22021484375,2016-08-31,-0.073563,801.47998046875,2016-08-31,-0.49116,1239.9100341796875,2016-08-31,2.286587,13.420000076293945,2016-08-31,-0.352301,2016-08-31,True
2016-09-02,0.019592,-0.004138,2170.860107421875,2016-09-01,0.268351,5227.2099609375,2016-09-01,0.858413,808.3599853515625,2016-09-01,-0.00887,1239.800048828125,2016-09-01,0.44709,13.479999542236328,2016-09-01,0.193822,2016-09-01,True
2016-09-05,0.567071,0.420104,2179.97998046875,2016-09-02,0.434074,5249.89990234375,2016-09-02,-0.174424,806.9500122070312,2016-09-02,0.97031,1251.8299560546875,2016-09-02,-11.127597,11.979999542236328,2016-09-02,-0.156726,2016-09-04,True
2016-09-06,-0.057926,0.420104,2179.97998046875,2016-09-02,0.434074,5249.89990234375,2016-09-02,-0.174424,806.9500122070312,2016-09-02,0.97031,1251.8299560546875,2016-09-02,,,2016-09-05,-1.024346,2016-09-05,False
2016-09-07,0.019238,0.298168,2186.47998046875,2016-09-06,0.495443,5275.91015625,2016-09-06,-0.229263,805.0999755859375,2016-09-06,0.123023,1253.3699951171875,2016-09-06,0.333897,12.020000457763672,2016-09-06,-0.801146,2016-09-06,True
2016-09-08,0.250578,-0.014639,2186.159912109375,2016-09-07,0.152012,5283.93017578125,2016-09-07,-0.732824,799.2000122070312,2016-09-07,0.609558,1261.010009765625,2016-09-07,-0.665565,11.9399995803833,2016-09-07,-0.528958,2016-09-07,True
2016-09-09,-0.655485,-0.222301,2181.300048828125,2016-09-08,-0.462727,5259.47998046875,2016-09-08,-0.203955,797.5700073242188,2016-09-08,-0.210151,1258.3599853515625,2016-09-08,4.773875,12.510000228881836,2016-09-08,0.788939,2016-09-08,True
2016-09-12,-1.619196,-2.452207,2127.81005859375,2016-09-09,-2.539601,5125.91015625,2016-09-09,-3.661122,768.3699951171875,2016-09-09,-3.111194,1219.2099609375,2016-09-09,39.888087,17.5,2016-09-09,0.565885,2016-09-11,True
2016-09-13,1.260756,1.467705,2159.0400390625,2016-09-12,1.67736,5211.89013671875,2016-09-12,2.027671,783.9500122070312,2016-09-12,1.366461,1235.8699951171875,2016-09-12,-13.371429,15.15999984741211,2016-09-12,0.349763,2016-09-12,True
2016-09-19,0.059821,-0.377229,2139.159912109375,2016-09-16,-0.097532,5244.56982421875,2016-09-16,-0.027443,801.5499877929688,2016-09-16,-0.182555,1224.780029296875,2016-09-16,-5.705518,15.369999885559082,2016-09-16,0.115704,2016-09-18,True
2016-09-20,-0.374975,-0.00186,2139.1201171875,2016-09-19,-0.181903,5235.02978515625,2016-09-19,0.188386,803.0599975585938,2016-09-19,0.632767,1232.530029296875,2016-09-19,1.040988,15.529999732971191,2016-09-19,-0.574281,2016-09-19,True
2016-09-21,-0.098522,0.029914,2139.760009765625,2016-09-20,0.120731,5241.35009765625,2016-09-20,-0.49187,799.1099853515625,2016-09-20,-0.340768,1228.3299560546875,2016-09-20,2.511271,15.920000076293945,2016-09-20,-0.204742,2016-09-20,True
2016-09-22,0.704639,1.091716,2163.1201171875,2016-09-21,1.027027,5295.18017578125,2016-09-21,1.444111,810.6500244140625,2016-09-21,1.36039,1245.0400390625,2016-09-21,-16.457286,13.300000190734863,2016-09-21,-1.055416,2016-09-21,True
2016-09-23,0.271634,0.649978,2177.179931640625,2016-09-22,0.837362,5339.52001953125,2016-09-22,0.352801,813.510009765625,2016-09-22,1.477856,1263.43994140625,2016-09-22,-9.624058,12.020000457763672,2016-09-22,-0.215508,2016-09-22,True
2016-09-26,-0.019417,-0.573677,2164.68994140625,2016-09-23,-0.632454,5305.75,2016-09-23,-1.096481,804.5900268554688,2016-09-23,-0.69809,1254.6199951171875,2016-09-23,2.246252,12.289999961853027,2016-09-23,-0.017236,2016-09-25,True
2016-09-27,-0.350672,-0.858776,2146.10009765625,2016-09-26,-0.909575,5257.490234375,2016-09-26,-0.988082,796.6400146484375,2016-09-26,-1.090374,1240.93994140625,2016-09-26,17.9821,14.5,2016-09-26,0.513697,2016-09-26,True
2016-09-28,-0.116099,0.644417,2159.929931640625,2016-09-27,0.917162,5305.7099609375,2016-09-27,1.782488,810.8400268554688,2016-09-27,0.438382,1246.3800048828125,2016-09-27,-9.65517,13.100000381469727,2016-09-27,-1.043824,2016-09-27,True
2016-09-29,0.426936,0.529655,2171.3701171875,2016-09-28,0.242,5318.5498046875,2016-09-28,0.201019,812.469970703125,2016-09-28,0.745362,1255.6700439453125,2016-09-28,-5.419847,12.390000343322754,2016-09-28,-0.439827,2016-09-28,True
2016-09-30,-0.597418,-0.932141,2151.1298828125,2016-09-29,-0.928823,5269.14990234375,2016-09-29,1.251744,822.6400146484375,2016-09-29,-1.42713,1237.75,2016-09-29,13.155771,14.020000457763672,2016-09-29,0.966019,2016-09-29,True
2016-10-04,0.584454,-0.32607,2161.199951171875,2016-10-03,-0.209523,5300.8701171875,2016-10-03,-0.731209,829.489990234375,2016-10-03,-0.468981,1245.780029296875,2016-10-03,2.106845,13.569999694824219,2016-10-03,0.098895,2016-10-03,True
2016-10-05,-0.697269,-0.495556,2150.489990234375,2016-10-04,-0.211474,5289.66015625,2016-10-04,-0.259191,827.3400268554688,2016-10-04,-0.481626,1239.780029296875,2016-10-04,0.442155,13.630000114440918,2016-10-04,1.098582,2016-10-04,True
2016-10-06,0.755814,0.429669,2159.72998046875,2016-10-05,0.498328,5316.02001953125,2016-10-05,0.769937,833.7100219726562,2016-10-05,0.692862,1248.3699951171875,2016-10-05,-4.695527,12.989999771118164,2016-10-05,-0.195446,2016-10-05,True
2016-10-07,-0.096228,0.048156,2160.77001953125,2016-10-06,-0.172496,5306.85009765625,2016-10-06,0.586529,838.5999755859375,2016-10-06,-0.170623,1246.239990234375,2016-10-06,-1.154731,12.84000015258789,2016-10-06,0.15361,2016-10-06,True
2016-10-10,-0.289575,-0.325348,2153.739990234375,2016-10-07,-0.272293,5292.39990234375,2016-10-07,-0.188404,837.02001953125,2016-10-07,-0.776731,1236.56005859375,2016-10-07,4.984419,13.479999542236328,2016-10-07,0.086104,2016-10-09,True
2016-10-11,-0.192753,0.460591,2163.659912109375,2016-10-10,0.685323,5328.669921875,2016-10-10,-0.491033,832.9099731445312,2016-10-10,1.148343,1250.760009765625,2016-10-10,-0.741836,13.380000114440918,2016-10-10,-0.82717,2016-10-10,True
2016-10-12,-0.566849,-1.244647,2136.72998046875,2016-10-11,-1.536591,5246.7900390625,2016-10-11,-2.113071,815.3099975585938,2016-10-11,-1.850076,1227.6199951171875,2016-10-11,14.798203,15.359999656677246,2016-10-11,1.541637,2016-10-11,True
2016-10-13,-0.156495,0.114659,2139.179931640625,2016-10-12,-0.148091,5239.02001953125,2016-10-12,-0.329936,812.6199951171875,2016-10-12,-0.03177,1227.22998046875,2016-10-12,3.58073,15.90999984741211,2016-10-12,0.01157,2016-10-12,True
2016-10-14,0.236827,-0.309926,2132.550048828125,2016-10-13,-0.490358,5213.330078125,2016-10-13,-1.177673,803.0499877929688,2016-10-13,-0.935438,1215.75,2016-10-13,4.902581,16.690000534057617,2016-10-13,0.383511,2016-10-13,True
2016-10-17,0.117809,0.02016,2132.97998046875,2016-10-14,0.015922,5214.16015625,2016-10-14,0.789493,809.3900146484375,2016-10-14,-0.274725,1212.4100341796875,2016-10-14,-3.415217,16.1200008392334,2016-10-14,0.702944,2016-10-16,True
2016-10-18,0.137228,-0.303799,2126.5,2016-10-17,-0.275027,5199.81982421875,2016-10-17,-0.542386,805.0,2016-10-17,-0.187232,1210.1400146484375,2016-10-17,0.558302,16.209999084472656,2016-10-17,-0.036974,2016-10-17,True
2016-10-19,-0.116822,0.61604,2139.60009765625,2016-10-18,0.846568,5243.83984375,2016-10-18,1.209937,814.739990234375,2016-10-18,0.59167,1217.300048828125,2016-10-18,-5.737196,15.279999732971191,2016-10-18,-0.969507,2016-10-18,True
2016-10-20,0.136134,0.219197,2144.2900390625,2016-10-19,0.049016,5246.41015625,2016-10-19,-0.467634,810.9299926757812,2016-10-19,0.438673,1222.6400146484375,2016-10-19,-5.693717,14.40999984741211,2016-10-19,-0.445485,2016-10-19,True
2016-10-21,-0.077715,-0.137572,2141.340087890625,2016-10-20,-0.087299,5241.830078125,2016-10-20,0.713992,816.719970703125,2016-10-20,-0.2331,1219.7900390625,2016-10-20,-4.580152,13.75,2016-10-20,0.948544,2016-10-20,True
2016-10-24,0.449043,-0.008414,2141.159912109375,2016-10-21,0.29703,5257.39990234375,2016-10-21,-0.268139,814.530029296875,2016-10-21,-0.138554,1218.0999755859375,2016-10-21,-2.981817,13.34000015258789,2016-10-21,0.475124,2016-10-23,True
2016-10-25,-0.09688,0.474984,2151.330078125,2016-10-24,0.997264,5309.830078125,2016-10-24,1.873467,829.7899780273438,2016-10-24,0.685492,1226.449951171875,2016-10-24,-2.398798,13.020000457763672,2016-10-24,-0.10743,2016-10-24,True
2016-10-26,-0.426936,-0.379773,2143.159912109375,2016-10-25,-0.497759,5283.39990234375,2016-10-25,-0.134973,828.6699829101562,2016-10-25,-0.843897,1216.0999755859375,2016-10-25,3.379413,13.460000038146973,2016-10-25,-0.465455,2016-10-25,True
2016-10-27,0.353635,-0.174041,2139.429931640625,2016-10-26,-0.627056,5250.27001953125,2016-10-26,-0.174981,827.219970703125,2016-10-26,-0.933309,1204.75,2016-10-26,5.794946,14.239999771118164,2016-10-26,0.728897,2016-10-26,True
2016-10-28,-0.078232,-0.298673,2133.0400390625,2016-10-27,-0.653296,5215.97021484375,2016-10-27,-0.420684,823.739990234375,2016-10-27,-1.228475,1189.949951171875,2016-10-27,7.865168,15.359999656677246,2016-10-27,0.808038,2016-10-27,True
2016-10-31,-0.39093,-0.31083,2126.409912109375,2016-10-28,-0.495979,5190.10009765625,2016-10-28,-0.58999,818.8800048828125,2016-10-28,-0.196644,1187.6099853515625,2016-10-28,5.403652,16.190000534057617,2016-10-28,0.808038,2016-10-27,True
2016-11-01,-0.03917,-0.012228,2126.14990234375,2016-10-31,-0.018496,5189.14013671875,2016-10-31,0.566629,823.52001953125,2016-10-31,0.318289,1191.3900146484375,2016-10-31,5.373681,17.059999465942383,2016-10-31,0.015694,2016-10-31,True
2016-11-02,-0.743931,-0.678688,2111.719970703125,2016-11-01,-0.685278,5153.580078125,2016-11-01,-0.903439,816.0800170898438,2016-11-01,-1.12894,1177.93994140625,2016-11-01,8.792497,18.559999465942383,2016-11-01,-0.293886,2016-11-01,True
2016-11-03,-0.079349,-0.65255,2097.93994140625,2016-11-02,-0.93159,5105.56982421875,2016-11-02,-0.67518,810.5700073242188,2016-11-02,-1.309058,1162.52001953125,2016-11-02,4.094829,19.31999969482422,2016-11-02,0.187174,2016-11-02,True
2016-11-04,-0.257019,-0.44234,2088.659912109375,2016-11-03,-0.923691,5058.41015625,2016-11-03,-0.317062,808.0,2016-11-03,-0.484293,1156.8900146484375,2016-11-03,14.285716,22.079999923706055,2016-11-03,-0.026184,2016-11-03,True
2016-11-07,1.150794,-0.166613,2085.179931640625,2016-11-04,-0.23802,5046.3701171875,2016-11-04,-0.633663,802.8800048828125,2016-11-04,0.566167,1163.43994140625,2016-11-04,1.947465,22.510000228881836,2016-11-04,-0.152816,2016-11-04,True
2016-11-08,0.451955,2.222354,2131.52001953125,2016-11-07,2.37398,5166.169921875,2016-11-07,2.86344,825.8699951171875,2016-11-07,2.476282,1192.25,2016-11-07,-16.881391,18.709999084472656,2016-11-07,-0.172298,2016-11-07,True
2016-11-09,0.27451,0.377197,2139.56005859375,2016-11-08,0.528831,5193.490234375,2016-11-08,0.219163,827.6799926757812,2016-11-08,0.2424,1195.1400146484375,2016-11-08,0.160346,18.739999771118164,2016-11-08,-0.078839,2016-11-08,True
2016-11-10,1.341341,1.107702,2163.260009765625,2016-11-09,1.108688,5251.06982421875,2016-11-09,-0.494148,823.5900268554688,2016-11-09,3.097547,1232.1600341796875,2016-11-09,-23.26574,14.380000114440918,2016-11-09,-1.112627,2016-11-09,True
2016-11-11,-0.647821,0.195075,2167.47998046875,2016-11-10,-0.804979,5208.7998046875,2016-11-10,-2.124844,806.0900268554688,2016-11-10,1.578525,1251.6099853515625,2016-11-10,2.503475,14.739999771118164,2016-11-10,2.51982,2016-11-10,True
2016-11-14,-0.178465,-0.139795,2164.449951171875,2016-11-11,0.543504,5237.10986328125,2016-11-11,3.864328,837.239990234375,2016-11-11,2.458435,1282.3800048828125,2016-11-11,-3.867026,14.170000076293945,2016-11-11,0.749812,2016-11-11,True
2016-11-15,-0.139916,-0.01155,2164.199951171875,2016-11-14,-0.357257,5218.39990234375,2016-11-14,-0.616308,832.0800170898438,2016-11-14,1.264833,1298.5999755859375,2016-11-14,2.187717,14.479999542236328,2016-11-14,-0.047206,2016-11-14,True
2016-11-16,0.521565,0.74808,2180.389892578125,2016-11-15,1.096509,5275.6201171875,2016-11-15,1.90126,847.9000244140625,2016-11-15,0.272604,1302.1400146484375,2016-11-15,-7.665744,13.369999885559082,2016-11-15,0.288559,2016-11-15,True
2016-11-17,-0.339796,-0.158226,2176.93994140625,2016-11-16,0.359388,5294.580078125,2016-11-16,1.138102,857.5499877929688,2016-11-16,0.004603,1302.199951171875,2016-11-16,2.617804,13.720000267028809,2016-11-16,-0.091634,2016-11-16,True
2016-11-18,0.22,0.467637,2187.1201171875,2016-11-17,0.743971,5333.97021484375,2016-11-17,1.083323,866.8400268554688,2016-11-17,0.559056,1309.47998046875,2016-11-17,-2.696792,13.350000381469727,2016-11-17,0.203996,2016-11-17,True
2016-11-21,-0.240096,-0.23868,2181.89990234375,2016-11-18,-0.233606,5321.509765625,2016-11-18,0.667941,872.6300048828125,2016-11-18,0.470418,1315.6400146484375,2016-11-18,-3.745318,12.850000381469727,2016-11-18,0.862231,2016-11-18,True
2016-11-22,0.400962,0.74614,2198.179931640625,2016-11-21,0.889787,5368.85986328125,2016-11-21,0.731124,879.010009765625,2016-11-21,0.500894,1322.22998046875,2016-11-21,-3.346306,12.420000076293945,2016-11-21,0.135689,2016-11-21,True
2016-11-23,0.0,0.216543,2202.93994140625,2016-11-22,0.325772,5386.35009765625,2016-11-22,1.053459,888.27001953125,2016-11-22,0.915876,1334.3399658203125,2016-11-22,-0.080517,12.40999984741211,2016-11-22,-0.132962,2016-11-22,True
2016-11-24,-0.138231,0.080802,2204.719970703125,2016-11-23,-0.105265,5380.68017578125,2016-11-23,0.117079,889.3099975585938,2016-11-23,0.580812,1342.0899658203125,2016-11-23,0.161164,12.430000305175781,2016-11-23,-0.954053,2016-11-23,True
2016-11-25,0.198491,0.080802,2204.719970703125,2016-11-23,-0.105265,5380.68017578125,2016-11-23,0.117079,889.3099975585938,2016-11-23,0.580812,1342.0899658203125,2016-11-23,,,2016-11-24,1.107081,2016-11-24,False
2016-11-28,0.039683,0.391439,2213.35009765625,2016-11-25,0.338986,5398.919921875,2016-11-25,0.186659,890.969970703125,2016-11-25,0.380748,1347.199951171875,2016-11-25,-0.724056,12.34000015258789,2016-11-25,0.016095,2016-11-25,True
2016-11-29,0.0,-0.525454,2201.719970703125,2016-11-28,-0.557702,5368.81005859375,2016-11-28,-0.417519,887.25,2016-11-28,-1.289341,1329.8299560546875,2016-11-28,6.564015,13.149999618530273,2016-11-28,-0.707006,2016-11-28,True
2016-11-30,0.019775,0.133529,2204.659912109375,2016-11-29,0.206933,5379.919921875,2016-11-29,-0.225416,885.25,2016-11-29,-0.121067,1328.219970703125,2016-11-29,-1.901141,12.899999618530273,2016-11-29,-0.254966,2016-11-29,True
2016-12-01,0.098386,-0.26534,2198.81005859375,2016-11-30,-1.045364,5323.68017578125,2016-11-30,-0.652926,879.469970703125,2016-11-30,-0.442698,1322.3399658203125,2016-11-30,3.333336,13.329999923706055,2016-11-30,-0.158157,2016-11-30,True
2016-12-02,-0.43256,-0.351553,2191.080078125,2016-12-01,-1.363161,5251.10986328125,2016-12-01,-4.852922,836.7899780273438,2016-12-01,-0.645819,1313.800048828125,2016-12-01,5.551386,14.069999694824219,2016-12-01,0.879388,2016-12-01,True
2016-12-05,-0.079208,0.039701,2191.949951171875,2016-12-02,0.086459,5255.64990234375,2016-12-02,1.303796,847.7000122070312,2016-12-02,0.034248,1314.25,2016-12-02,0.355367,14.119999885559082,2016-12-02,-0.885306,2016-12-02,True
2016-12-06,0.713719,0.582131,2204.7099609375,2016-12-05,1.01301,5308.89013671875,2016-12-05,1.230387,858.1300048828125,2016-12-05,1.791139,1337.7900390625,2016-12-05,-14.02266,12.140000343322754,2016-12-05,0.162715,2016-12-05,True
2016-12-07,0.274241,0.341089,2212.22998046875,2016-12-06,0.454141,5333.0,2016-12-06,1.38324,870.0,2016-12-06,1.112283,1352.6700439453125,2016-12-06,-2.883034,11.789999961853027,2016-12-06,-0.223152,2016-12-06,True
2016-12-08,0.840008,1.316324,2241.35009765625,2016-12-07,1.139317,5393.759765625,2016-12-07,2.120691,888.4500122070312,2016-12-07,0.875303,1364.510009765625,2016-12-07,3.647161,12.220000267028809,2016-12-07,0.305063,2016-12-07,True
2016-12-09,-0.019209,0.215934,2246.18994140625,2016-12-08,0.437544,5417.35986328125,2016-12-08,0.816028,895.7000122070312,2016-12-08,1.602039,1386.3699951171875,2016-12-08,3.436989,12.640000343322754,2016-12-08,-1.114865,2016-12-08,True
2016-12-12,0.326358,0.593898,2259.530029296875,2016-12-09,0.500985,5444.5,2016-12-09,-0.356146,892.510009765625,2016-12-09,0.122619,1388.0699462890625,2016-12-09,-7.041142,11.75,2016-12-09,0.410367,2016-12-09,True
2016-12-13,-0.038447,-0.113743,2256.9599609375,2016-12-12,-0.587014,5412.5400390625,2016-12-12,-0.789906,885.4600219726562,2016-12-12,-1.075589,1373.1400146484375,2016-12-12,7.574471,12.640000343322754,2016-12-12,0.662504,2016-12-12,True
2016-12-14,0.38373,0.653977,2271.719970703125,2016-12-13,0.947615,5463.830078125,2016-12-13,1.139517,895.5499877929688,2016-12-13,0.028403,1373.530029296875,2016-12-13,0.632911,12.720000267028809,2016-12-13,-0.453005,2016-12-13,True
2016-12-15,-0.70922,-0.811717,2253.280029296875,2016-12-14,-0.49709,5436.669921875,2016-12-14,-0.141808,894.280029296875,2016-12-14,-1.274818,1356.02001953125,2016-12-14,3.694963,13.1899995803833,2016-12-14,-0.091019,2016-12-14,True
2016-12-16,-0.038351,0.388323,2262.030029296875,2016-12-15,0.371186,5456.85009765625,2016-12-15,1.754477,909.969970703125,2016-12-15,0.766214,1366.4100341796875,2016-12-15,-3.032598,12.789999961853027,2016-12-15,1.338106,2016-12-15,True
2016-12-19,-0.286917,-0.175062,2258.070068359375,2016-12-16,-0.36083,5437.16015625,2016-12-16,-1.00223,900.8499755859375,2016-12-16,-0.162476,1364.18994140625,2016-12-16,-4.61298,12.199999809265137,2016-12-16,0.44693,2016-12-16,True
2016-12-20,0.095566,0.197512,2262.530029296875,2016-12-19,0.372985,5457.43994140625,2016-12-19,0.980187,909.6799926757812,2016-12-19,0.549052,1371.6800537109375,2016-12-19,-4.016392,11.710000038146973,2016-12-19,0.132549,2016-12-19,True
2016-12-21,0.171625,0.363751,2270.760009765625,2016-12-20,0.485576,5483.93994140625,2016-12-20,0.913508,917.989990234375,2016-12-20,0.895246,1383.9599609375,2016-12-20,-2.220326,11.449999809265137,2016-12-20,0.080097,2016-12-20,True
2016-12-22,0.07638,-0.245736,2265.179931640625,2016-12-21,-0.228116,5471.43017578125,2016-12-21,0.03704,918.3300170898438,2016-12-21,-0.63369,1375.18994140625,2016-12-21,-1.572047,11.270000457763672,2016-12-21,0.38081,2016-12-21,True
2016-12-23,-0.019106,-0.186297,2260.9599609375,2016-12-22,-0.43883,5447.419921875,2016-12-22,0.515063,923.0599975585938,2016-12-22,-0.91114,1362.6600341796875,2016-12-22,1.419697,11.430000305175781,2016-12-22,0.157789,2016-12-22,True
2016-12-26,0.114789,0.125172,2263.7900390625,2016-12-23,0.280317,5462.68994140625,2016-12-23,0.526508,927.9199829101562,2016-12-23,0.649463,1371.510009765625,2016-12-23,0.087483,11.4399995803833,2016-12-23,0.984623,2016-12-23,True
2016-12-27,-0.057285,0.125172,2263.7900390625,2016-12-23,0.280317,5462.68994140625,2016-12-23,0.526508,927.9199829101562,2016-12-23,0.649463,1371.510009765625,2016-12-23,,,2016-12-26,-0.460537,2016-12-26,False
2016-12-28,0.114395,0.224837,2268.8798828125,2016-12-27,0.453073,5487.43994140625,2016-12-27,1.216704,939.2100219726562,2016-12-27,0.452053,1377.7099609375,2016-12-27,4.807694,11.989999771118164,2016-12-27,0.0,2016-12-27,True
2016-12-29,-0.114025,-0.835653,2249.919921875,2016-12-28,-0.890759,5438.56005859375,2016-12-28,-1.92928,921.0900268554688,2016-12-28,-1.225222,1360.8299560546875,2016-12-28,8.006673,12.949999809265137,2016-12-28,0.577711,2016-12-28,True
2017-01-02,-0.018993,-0.463705,2238.830078125,2016-12-30,-0.90149,5383.1201171875,2016-12-30,-1.599006,906.469970703125,2016-12-30,-0.443819,1357.1300048828125,2016-12-30,5.01122,14.039999961853027,2016-12-30,-0.417232,2016-12-30,True
2017-01-03,0.265001,-0.463705,2238.830078125,2016-12-30,-0.90149,5383.1201171875,2016-12-30,-1.599006,906.469970703125,2016-12-30,-0.443819,1357.1300048828125,2016-12-30,,,2017-01-02,0.013268,2017-01-02,False
2017-01-04,-0.037559,0.848658,2257.830078125,2017-01-03,0.853779,5429.080078125,2017-01-03,0.095983,907.3400268554688,2017-01-03,0.616005,1365.489990234375,2017-01-03,-8.475781,12.850000381469727,2017-01-03,-0.209042,2017-01-03,True
2017-01-05,-0.112549,0.572227,2270.75,2017-01-04,0.882653,5477.0,2017-01-04,0.267815,909.77001953125,2017-01-04,1.644828,1387.949951171875,2017-01-04,-7.782101,11.850000381469727,2017-01-04,0.256038,2017-01-04,True
2017-01-06,0.225989,-0.077067,2269.0,2017-01-05,0.199743,5487.93994140625,2017-01-05,-0.888138,901.6900024414062,2017-01-05,-1.153501,1371.93994140625,2017-01-05,-1.51899,11.670000076293945,2017-01-05,-0.956048,2017-01-05,True
2017-01-09,0.131258,0.351696,2276.97998046875,2017-01-06,0.603507,5521.06005859375,2017-01-06,0.771886,908.6500244140625,2017-01-06,-0.339659,1367.280029296875,2017-01-06,-2.999146,11.319999694824219,2017-01-06,-1.159498,2017-01-06,True
2017-01-10,-0.317995,-0.354859,2268.89990234375,2017-01-09,0.194886,5531.81982421875,2017-01-09,1.092829,918.5800170898438,2017-01-09,-0.716023,1357.489990234375,2017-01-09,2.120148,11.5600004196167,2017-01-09,1.733818,2017-01-09,True
2017-01-11,0.131111,0.0,2268.89990234375,2017-01-10,0.361545,5551.81982421875,2017-01-10,0.487707,923.0599975585938,2017-01-10,0.987855,1370.9000244140625,2017-01-10,-0.605542,11.489999771118164,2017-01-10,0.118229,2017-01-10,True
2017-01-12,0.128795,0.282964,2275.320068359375,2017-01-11,0.213085,5563.64990234375,2017-01-11,0.377005,926.5399780273438,2017-01-11,0.175069,1373.300048828125,2017-01-11,-2.001737,11.260000228881836,2017-01-11,-0.159668,2017-01-11,True
2017-01-13,-0.165168,-0.214481,2270.43994140625,2017-01-12,-0.290451,5547.490234375,2017-01-12,-0.904441,918.1599731445312,2017-01-12,-0.890563,1361.0699462890625,2017-01-12,2.486676,11.539999961853027,2017-01-12,-1.119435,2017-01-12,True
2017-01-16,-0.055198,0.184984,2274.639892578125,2017-01-13,0.480035,5574.1201171875,2017-01-13,0.709028,924.6699829101562,2017-01-13,0.806726,1372.050048828125,2017-01-13,-2.686312,11.229999542236328,2017-01-13,-1.047884,2017-01-13,True
2017-01-17,0.111008,0.184984,2274.639892578125,2017-01-13,0.480035,5574.1201171875,2017-01-13,0.709028,924.6699829101562,2017-01-13,0.806726,1372.050048828125,2017-01-13,,,2017-01-16,-0.057028,2017-01-16,False
2017-01-18,0.0,-0.29675,2267.889892578125,2017-01-17,-0.634901,5538.72998046875,2017-01-17,-1.642749,909.47998046875,2017-01-17,-1.438002,1352.3199462890625,2017-01-17,5.699024,11.869999885559082,2017-01-17,0.691623,2017-01-17,True
2017-01-19,0.40568,0.176375,2271.889892578125,2017-01-18,0.305484,5555.64990234375,2017-01-18,1.416194,922.3599853515625,2017-01-18,0.461438,1358.56005859375,2017-01-18,5.139003,12.479999542236328,2017-01-18,-1.872828,2017-01-18,True
2017-01-20,-0.331736,-0.360931,2263.68994140625,2017-01-19,-0.280252,5540.080078125,2017-01-19,-0.469443,918.030029296875,2017-01-19,-0.943651,1345.739990234375,2017-01-19,2.403848,12.779999732971191,2017-01-19,1.444791,2017-01-19,True
2017-01-23,-0.129199,0.336624,2271.31005859375,2017-01-20,0.275267,5555.330078125,2017-01-20,1.304966,930.010009765625,2017-01-20,0.454024,1351.8499755859375,2017-01-20,-9.702659,11.539999961853027,2017-01-20,-0.258333,2017-01-20,True
2017-01-24,0.055422,-0.269012,2265.199951171875,2017-01-23,-0.043024,5552.93994140625,2017-01-23,-0.670959,923.77001953125,2017-01-23,-0.296631,1347.8399658203125,2017-01-23,1.993072,11.770000457763672,2017-01-23,-0.038334,2017-01-23,True
2017-01-25,0.646472,0.656459,2280.070068359375,2017-01-24,0.864767,5600.9599609375,2017-01-24,2.017813,942.4099731445312,2017-01-24,1.585499,1369.2099609375,2017-01-24,-5.94733,11.069999694824219,2017-01-24,-0.907698,2017-01-24,True
2017-01-26,0.368053,0.802609,2298.3701171875,2017-01-25,0.988757,5656.33984375,2017-01-25,1.448417,956.0599975585938,2017-01-25,0.966249,1382.43994140625,2017-01-25,-2.348684,10.8100004196167,2017-01-25,0.462736,2017-01-25,True
2017-01-31,-0.310332,-0.600954,2280.89990234375,2017-01-30,-0.831508,5613.7099609375,2017-01-30,-0.563256,956.8400268554688,2017-01-30,-1.340191,1352.3299560546875,2017-01-30,12.287336,11.880000114440918,2017-01-30,0.591963,2017-01-30,True
2017-02-01,0.201909,-0.088991,2278.8701171875,2017-01-31,0.01924,5614.7900390625,2017-01-31,-1.312654,944.280029296875,2017-01-31,0.701751,1361.8199462890625,2017-01-31,0.925923,11.989999771118164,2017-01-31,-0.712467,2017-01-31,True
2017-02-02,-0.018302,0.029836,2279.550048828125,2017-02-01,0.496187,5642.64990234375,2017-02-01,1.676405,960.1099853515625,2017-02-01,-0.043322,1361.22998046875,2017-02-01,-1.501246,11.8100004196167,2017-02-01,-1.707132,2017-02-01,True
2017-02-03,0.238839,0.057031,2280.85009765625,2017-02-02,-0.114303,5636.2001953125,2017-02-02,-0.107276,959.0800170898438,2017-02-02,-0.279154,1357.4300537109375,2017-02-02,1.016087,11.930000305175781,2017-02-02,0.234932,2017-02-02,True
2017-02-06,0.844502,0.726476,2297.419921875,2017-02-03,0.542384,5666.77001953125,2017-02-03,0.515077,964.02001953125,2017-02-03,1.50357,1377.8399658203125,2017-02-03,-8.046941,10.970000267028809,2017-02-03,-0.802986,2017-02-03,True
2017-02-07,0.238095,-0.211536,2292.56005859375,2017-02-06,-0.056826,5663.5498046875,2017-02-06,0.349577,967.3900146484375,2017-02-06,-0.81141,1366.6600341796875,2017-02-06,3.646305,11.369999885559082,2017-02-06,-0.432304,2017-02-06,True
2017-02-08,-0.274977,0.022683,2293.080078125,2017-02-07,0.188405,5674.22021484375,2017-02-07,0.330788,970.5900268554688,2017-02-07,-0.409756,1361.06005859375,2017-02-07,-0.703605,11.289999961853027,2017-02-07,-0.443859,2017-02-07,True
2017-02-09,0.128937,0.069332,2294.669921875,2017-02-08,0.145042,5682.4501953125,2017-02-08,0.159695,972.1400146484375,2017-02-08,-0.17046,1358.739990234375,2017-02-08,1.417182,11.449999809265137,2017-02-08,0.828987,2017-02-08,True
2017-02-10,0.51499,0.575255,2307.8701171875,2017-02-09,0.575984,5715.18017578125,2017-02-09,-0.856874,963.8099975585938,2017-02-09,1.456499,1378.530029296875,2017-02-09,-4.978163,10.880000114440918,2017-02-09,0.220648,2017-02-09,True
2017-02-13,0.0,0.356605,2316.10009765625,2017-02-10,0.331568,5734.1298828125,2017-02-10,-0.078855,963.0499877929688,2017-02-10,0.747894,1388.8399658203125,2017-02-10,-0.275733,10.850000381469727,2017-02-10,0.462166,2017-02-10,True
2017-02-14,0.293578,0.524585,2328.25,2017-02-13,0.52022,5763.9599609375,2017-02-13,0.27517,965.7000122070312,2017-02-13,0.254892,1392.3800048828125,2017-02-13,2.027643,11.069999694824219,2017-02-13,-0.411335,2017-02-13,True
2017-02-15,-0.055198,0.400734,2337.580078125,2017-02-14,0.322866,5782.56982421875,2017-02-14,-0.317905,962.6300048828125,2017-02-14,0.306671,1396.6500244140625,2017-02-14,-2.981029,10.739999771118164,2017-02-14,0.307366,2017-02-14,True
2017-02-16,0.183419,0.499231,2349.25,2017-02-15,0.637608,5819.43994140625,2017-02-15,0.821704,970.5399780273438,2017-02-15,0.541291,1404.2099609375,2017-02-15,11.452519,11.970000267028809,2017-02-15,-0.934969,2017-02-15,True
2017-02-17,-0.311984,-0.086412,2347.219970703125,2017-02-16,-0.078015,5814.89990234375,2017-02-16,0.072126,971.239990234375,2017-02-16,-0.361766,1399.1300048828125,2017-02-16,-1.754386,11.760000228881836,2017-02-16,-0.427079,2017-02-16,True
2017-02-20,0.18352,0.167856,2351.159912109375,2017-02-17,0.407233,5838.580078125,2017-02-17,0.572464,976.7999877929688,2017-02-17,0.052174,1399.8599853515625,2017-02-17,-2.295922,11.489999771118164,2017-02-17,0.704261,2017-02-17,True
2017-02-21,0.128041,0.167856,2351.159912109375,2017-02-17,0.407233,5838.580078125,2017-02-17,0.572464,976.7999877929688,2017-02-17,0.052174,1399.8599853515625,2017-02-17,,,2017-02-20,0.746663,2017-02-20,False
2017-02-22,0.126881,0.604807,2365.3798828125,2017-02-21,0.46878,5865.9501953125,2017-02-21,1.396398,990.4400024414062,2017-02-21,0.748645,1410.3399658203125,2017-02-21,0.696257,11.569999694824219,2017-02-21,-0.490607,2017-02-21,True
2017-02-23,-0.036179,-0.10822,2362.820068359375,2017-02-22,-0.090698,5860.6298828125,2017-02-22,-0.037357,990.0700073242188,2017-02-22,-0.459462,1403.8599853515625,2017-02-22,1.469318,11.739999771118164,2017-02-22,-0.243007,2017-02-22,True
2017-02-24,-0.090416,0.041899,2363.81005859375,2017-02-23,-0.428625,5835.509765625,2017-02-23,-1.636249,973.8699951171875,2017-02-23,-0.658185,1394.6199951171875,2017-02-23,-0.255534,11.710000038146973,2017-02-23,-0.283049,2017-02-23,True
2017-02-27,-0.036443,0.149336,2367.340087890625,2017-02-24,0.167942,5845.31005859375,2017-02-24,-0.044153,973.4400024414062,2017-02-24,-0.007169,1394.52001953125,2017-02-24,-2.049528,11.470000267028809,2017-02-24,-0.539557,2017-02-24,True
2017-02-28,0.10983,0.101798,2369.75,2017-02-27,0.283815,5861.89990234375,2017-02-27,0.920449,982.4000244140625,2017-02-27,0.964486,1407.969970703125,2017-02-27,5.405404,12.09000015258789,2017-02-27,-0.120171,2017-02-27,True
2017-03-02,0.694318,1.367385,2395.9599609375,2017-03-01,1.34908,5904.02978515625,2017-03-01,1.638161,985.260009765625,2017-03-01,1.944209,1413.6400146484375,2017-03-01,-2.941177,12.539999961853027,2017-03-01,0.251345,2017-03-01,True
2017-03-03,-0.416365,-0.585988,2381.919921875,2017-03-02,-0.725091,5861.22021484375,2017-03-02,-1.109351,974.3300170898438,2017-03-02,-1.271184,1395.6700439453125,2017-03-02,-5.821368,11.8100004196167,2017-03-02,0.24454,2017-03-02,True
2017-03-06,-0.347286,0.050388,2383.1201171875,2017-03-03,0.16259,5870.75,2017-03-03,-0.036953,973.969970703125,2017-03-03,-0.110344,1394.1300048828125,2017-03-03,-7.197293,10.960000038146973,2017-03-03,0.906489,2017-03-03,True
2017-03-07,0.164324,-0.327724,2375.31005859375,2017-03-06,-0.367412,5849.18017578125,2017-03-06,0.021563,974.1799926757812,2017-03-06,-0.708686,1384.25,2017-03-06,2.554742,11.239999771118164,2017-03-06,0.180011,2017-03-06,True
2017-03-08,-0.108893,-0.291337,2368.389892578125,2017-03-07,-0.26072,5833.93017578125,2017-03-07,0.274075,976.8499755859375,2017-03-07,-0.6769,1374.8800048828125,2017-03-07,1.868328,11.449999809265137,2017-03-07,0.197924,2017-03-07,True
2017-03-09,0.036232,-0.228422,2362.97998046875,2017-03-08,0.062044,5837.5498046875,2017-03-08,0.220098,979.0,2017-03-08,-0.642963,1366.0400390625,2017-03-08,3.580785,11.859999656677246,2017-03-08,-0.419317,2017-03-08,True
2017-03-10,-0.34489,0.07999,2364.8701171875,2017-03-09,0.021589,5838.81005859375,2017-03-09,0.151173,980.47998046875,2017-03-09,-0.433373,1360.1199951171875,2017-03-09,3.709954,12.300000190734863,2017-03-09,0.366271,2017-03-09,True
2017-03-13,0.199528,0.326867,2372.60009765625,2017-03-10,0.392544,5861.72998046875,2017-03-10,1.167797,991.9299926757812,2017-03-10,0.377909,1365.260009765625,2017-03-10,-5.203255,11.65999984741211,2017-03-10,0.490632,2017-03-10,True
2017-03-14,0.376682,0.036663,2373.469970703125,2017-03-13,0.239687,5875.77978515625,2017-03-13,0.752071,999.3900146484375,2017-03-13,0.367697,1370.280029296875,2017-03-13,-2.658658,11.350000381469727,2017-03-13,-1.148995,2017-03-13,True
2017-03-15,-0.035549,-0.337903,2365.449951171875,2017-03-14,-0.32268,5856.81982421875,2017-03-14,-0.306187,996.3300170898438,2017-03-14,-0.576526,1362.3800048828125,2017-03-14,8.370042,12.300000190734863,2017-03-14,0.138756,2017-03-14,True
2017-03-16,1.118409,0.837475,2385.260009765625,2017-03-15,0.738114,5900.0498046875,2017-03-15,0.835065,1004.6500244140625,2017-03-15,1.501046,1382.8299560546875,2017-03-15,-5.447155,11.630000114440918,2017-03-15,0.058378,2017-03-15,True
2017-03-17,0.070497,-0.162671,2381.3798828125,2017-03-16,0.012033,5900.759765625,2017-03-16,-0.183151,1002.8099975585938,2017-03-16,0.231415,1386.030029296875,2017-03-16,-3.611351,11.210000038146973,2017-03-16,-1.813237,2017-03-16,True
2017-03-20,-0.017547,-0.131431,2378.25,2017-03-17,0.004071,5901.0,2017-03-17,0.178496,1004.5999755859375,2017-03-17,0.396095,1391.52001953125,2017-03-17,0.62444,11.279999732971191,2017-03-17,-0.034594,2017-03-17,True
2017-03-21,0.368939,-0.200989,2373.469970703125,2017-03-20,0.008978,5901.52978515625,2017-03-20,0.765479,1012.2899780273438,2017-03-20,-0.533233,1384.0999755859375,2017-03-20,0.531919,11.34000015258789,2017-03-20,-0.031942,2017-03-20,True
2017-03-22,-0.661215,-1.240797,2344.02001953125,2017-03-21,-1.824946,5793.830078125,2017-03-21,-2.35802,988.4199829101562,2017-03-21,-2.712949,1346.550048828125,2017-03-21,9.964728,12.470000267028809,2017-03-21,-1.144989,2017-03-21,True
2017-03-23,0.349162,0.188989,2348.449951171875,2017-03-22,0.479994,5821.64013671875,2017-03-22,1.104798,999.3400268554688,2017-03-22,-0.070556,1345.5999755859375,2017-03-22,2.726545,12.8100004196167,2017-03-22,0.810777,2017-03-22,True
2017-03-24,0.087154,-0.106027,2345.9599609375,2017-03-23,-0.067854,5817.68994140625,2017-03-23,-0.24917,996.8499755859375,2017-03-23,0.581902,1353.4300537109375,2017-03-23,2.41998,13.119999885559082,2017-03-23,-0.567341,2017-03-23,True
2017-03-27,-0.453911,-0.0844,2343.97998046875,2017-03-24,0.189943,5828.740234375,2017-03-24,0.75237,1004.3499755859375,2017-03-24,0.0894,1354.6400146484375,2017-03-24,-1.219511,12.960000038146973,2017-03-24,-0.453963,2017-03-26,True
2017-03-28,0.421644,-0.101959,2341.590087890625,2017-03-27,0.199527,5840.3701171875,2017-03-27,0.159311,1005.9500122070312,2017-03-27,0.197833,1357.3199462890625,2017-03-27,-3.549383,12.5,2017-03-27,-0.45156,2017-03-27,True
2017-03-29,0.420684,0.725147,2358.570068359375,2017-03-28,0.595339,5875.14013671875,2017-03-28,0.30021,1008.969970703125,2017-03-28,0.73233,1367.260009765625,2017-03-28,-7.760002,11.529999732971191,2017-03-28,0.396006,2017-03-28,True
2017-03-30,0.104822,0.108532,2361.1298828125,2017-03-29,0.381432,5897.5498046875,2017-03-29,-0.245793,1006.489990234375,2017-03-29,0.320349,1371.6400146484375,2017-03-29,-0.95403,11.420000076293945,2017-03-29,-0.497539,2017-03-29,True
2017-03-31,0.122399,0.293511,2368.06005859375,2017-03-30,0.284695,5914.33984375,2017-03-30,0.52857,1011.8099975585938,2017-03-30,0.780814,1382.3499755859375,2017-03-30,1.050787,11.539999961853027,2017-03-30,0.636972,2017-03-30,True
2017-04-03,0.262789,-0.225505,2362.719970703125,2017-03-31,-0.043954,5911.740234375,2017-03-31,-0.040519,1011.4000244140625,2017-03-31,0.258261,1385.9200439453125,2017-03-31,7.192374,12.369999885559082,2017-03-31,-0.166513,2017-04-02,True
2017-04-04,-0.104858,-0.164213,2358.840087890625,2017-04-03,-0.288579,5894.68017578125,2017-04-03,-0.553692,1005.7999877929688,2017-04-03,-1.172506,1369.6700439453125,2017-04-03,0.080843,12.380000114440918,2017-04-03,0.095946,2017-04-03,True
2017-04-05,0.017513,0.055952,2360.159912109375,2017-04-04,0.066665,5898.60986328125,2017-04-04,-0.528933,1000.47998046875,2017-04-04,-0.108785,1368.1800537109375,2017-04-04,-4.765752,11.789999961853027,2017-04-04,0.705051,2017-04-04,True
2017-04-06,-0.280702,-0.305486,2352.949951171875,2017-04-05,-0.578609,5864.47998046875,2017-04-05,-0.694662,993.530029296875,2017-04-05,-1.172363,1352.1400146484375,2017-04-05,9.329944,12.890000343322754,2017-04-05,0.26688,2017-04-05,True
2017-04-07,0.19373,0.192951,2357.489990234375,2017-04-06,0.246743,5878.9501953125,2017-04-06,0.116753,994.6900024414062,2017-04-06,0.908932,1364.4300537109375,2017-04-06,-3.878976,12.390000343322754,2017-04-06,0.2573,2017-04-06,True
2017-04-10,0.0,-0.082713,2355.5400390625,2017-04-07,-0.019394,5877.81005859375,2017-04-07,0.468485,999.3499755859375,2017-04-07,0.009528,1364.56005859375,2017-04-07,3.874088,12.869999885559082,2017-04-07,0.530973,2017-04-09,True
2017-04-11,-0.195209,0.068769,2357.159912109375,2017-04-10,0.053083,5880.93017578125,2017-04-10,-0.773501,991.6199951171875,2017-04-10,0.185401,1367.0899658203125,2017-04-10,9.168612,14.050000190734863,2017-04-10,0.530812,2017-04-10,True
2017-04-12,0.017819,-0.143388,2353.780029296875,2017-04-11,-0.240781,5866.77001953125,2017-04-11,-0.834994,983.3400268554688,2017-04-11,0.721239,1376.949951171875,2017-04-11,7.259783,15.069999694824219,2017-04-11,0.224157,2017-04-11,True
2017-04-13,0.160285,-0.375995,2344.929931640625,2017-04-12,-0.52175,5836.16015625,2017-04-12,-1.70745,966.5499877929688,2017-04-12,-1.289081,1359.199951171875,2017-04-12,4.644995,15.770000457763672,2017-04-12,-0.975014,2017-04-12,True
2017-04-14,-0.317572,-0.681469,2328.949951171875,2017-04-13,-0.531347,5805.14990234375,2017-04-13,-0.676631,960.010009765625,2017-04-13,-1.027072,1345.239990234375,2017-04-13,1.204817,15.960000038146973,2017-04-13,0.138513,2017-04-13,True
2017-04-17,0.141769,-0.681469,2328.949951171875,2017-04-13,-0.531347,5805.14990234375,2017-04-13,-0.676631,960.010009765625,2017-04-13,-1.027072,1345.239990234375,2017-04-13,,,2017-04-14,0.031717,2017-04-16,False
2017-04-18,0.477454,0.861335,2349.010009765625,2017-04-17,0.889557,5856.7900390625,2017-04-17,1.307277,972.5599975585938,2017-04-17,1.184923,1361.1800537109375,2017-04-17,-8.145365,14.65999984741211,2017-04-17,-0.313551,2017-04-17,True
2017-04-19,-0.141543,-0.290338,2342.18994140625,2017-04-18,-0.12498,5849.47021484375,2017-04-18,0.422595,976.6699829101562,2017-04-18,0.052158,1361.8900146484375,2017-04-18,-1.637106,14.420000076293945,2017-04-18,0.872946,2017-04-18,True
2017-04-20,-0.266572,-0.171635,2338.169921875,2017-04-19,0.231809,5863.02978515625,2017-04-19,0.550852,982.0499877929688,2017-04-19,0.384759,1367.1300048828125,2017-04-19,3.536756,14.930000305175781,2017-04-19,0.018391,2017-04-19,True
2017-04-21,0.407008,0.755726,2355.840087890625,2017-04-20,0.916762,5916.77978515625,2017-04-20,1.578331,997.5499877929688,2017-04-20,1.244945,1384.1500244140625,2017-04-20,-5.224385,14.149999618530273,2017-04-20,-0.418607,2017-04-20,True
2017-04-24,0.4212,-0.303507,2348.68994140625,2017-04-21,-0.105797,5910.52001953125,2017-04-21,-0.462131,992.9400024414062,2017-04-21,-0.310663,1379.8499755859375,2017-04-21,3.39223,14.630000114440918,2017-04-21,-0.299006,2017-04-23,True
2017-04-25,0.087291,1.084007,2374.14990234375,2017-04-24,1.240158,5983.81982421875,2017-04-24,1.496564,1007.7999877929688,2017-04-24,1.31101,1397.93994140625,2017-04-24,-25.905673,10.84000015258789,2017-04-24,0.011467,2017-04-24,True
2017-04-26,0.345662,0.609069,2388.610107421875,2017-04-25,0.696385,6025.490234375,2017-04-25,0.993254,1017.8099975585938,2017-04-25,0.939956,1411.0799560546875,2017-04-25,-0.738007,10.760000228881836,2017-04-25,-0.738199,2017-04-25,True
2017-04-27,-1.700739,-0.04857,2387.449951171875,2017-04-26,-0.004319,6025.22998046875,2017-04-26,-0.849866,1009.1599731445312,2017-04-26,0.591752,1419.4300537109375,2017-04-26,0.836433,10.850000381469727,2017-04-26,0.562439,2017-04-26,True
2017-04-28,0.24403,0.055292,2388.77001953125,2017-04-27,0.393511,6048.93994140625,2017-04-27,1.400175,1023.2899780273438,2017-04-27,-0.16204,1417.1300048828125,2017-04-27,-4.516136,10.359999656677246,2017-04-27,-0.164349,2017-04-27,True
2017-05-02,0.417464,0.173229,2388.330078125,2017-05-01,0.727399,6091.60009765625,2017-05-01,0.984552,1015.4299926757812,2017-05-01,0.494843,1407.3599853515625,2017-05-01,-6.561923,10.109999656677246,2017-05-01,0.054594,2017-05-01,True
2017-05-04,0.396962,-0.127136,2388.1298828125,2017-05-03,-0.374388,6072.5498046875,2017-05-03,0.341422,1008.0499877929688,2017-05-03,-0.603129,1390.9200439453125,2017-05-03,0.84986,10.680000305175781,2017-05-03,0.45666,2017-05-03,True
2017-05-08,0.18797,0.40887,2399.2900390625,2017-05-05,0.418412,6100.759765625,2017-05-05,0.417152,1011.030029296875,2017-05-05,0.586818,1397.0,2017-05-05,1.051622,10.569999694824219,2017-05-05,-0.107492,2017-05-07,True
2017-05-10,0.133222,-0.102525,2396.919921875,2017-05-09,0.293801,6120.58984375,2017-05-09,1.026652,1017.5,2017-05-09,0.015807,1391.8599853515625,2017-05-09,1.944724,9.960000038146973,2017-05-09,0.45998,2017-05-09,True
2017-05-11,0.521886,0.11306,2399.6298828125,2017-05-10,0.139697,6129.14013671875,2017-05-10,2.105164,1038.9200439453125,2017-05-10,0.555371,1399.5899658203125,2017-05-10,2.51004,10.210000038146973,2017-05-10,-0.68725,2017-05-10,True
2017-05-12,0.033256,-0.216281,2394.43994140625,2017-05-11,-0.215041,6115.9599609375,2017-05-11,0.337852,1042.4300537109375,2017-05-11,-0.670912,1390.199951171875,2017-05-11,3.819788,10.600000381469727,2017-05-11,-0.608828,2017-05-11,True
2017-05-15,0.1169,-0.147844,2390.89990234375,2017-05-12,0.086168,6121.22998046875,2017-05-12,0.269556,1045.239990234375,2017-05-12,-0.534451,1382.77001953125,2017-05-12,-1.8868,10.399999618530273,2017-05-12,-0.005347,2017-05-14,True
2017-05-16,0.649783,0.477651,2402.320068359375,2017-05-15,0.464612,6149.669921875,2017-05-15,1.512577,1061.050048828125,2017-05-15,0.806354,1393.9200439453125,2017-05-15,0.192312,10.420000076293945,2017-05-15,-0.504846,2017-05-15,True
2017-05-17,-0.299501,-0.06869,2400.669921875,2017-05-16,0.328476,6169.8701171875,2017-05-16,1.489084,1076.8499755859375,2017-05-16,0.054523,1394.6800537109375,2017-05-16,2.207289,10.649999618530273,2017-05-16,-0.217468,2017-05-16,True
2017-05-18,-0.96554,-1.817821,2357.030029296875,2017-05-17,-2.571041,6011.240234375,2017-05-17,-4.366441,1029.8299560546875,2017-05-17,-2.781286,1355.8900146484375,2017-05-17,46.384983,15.59000015258789,2017-05-17,0.533628,2017-05-17,True
2017-05-19,-0.100083,0.368682,2365.719970703125,2017-05-18,0.730126,6055.1298828125,2017-05-18,1.88964,1049.2900390625,2017-05-18,0.38277,1361.0799560546875,2017-05-18,-5.965364,14.65999984741211,2017-05-18,0.665514,2017-05-18,True
2017-05-22,0.668561,0.67675,2381.72998046875,2017-05-19,0.471836,6083.7001953125,2017-05-19,1.094071,1060.77001953125,2017-05-19,0.459194,1367.3299560546875,2017-05-19,-17.871759,12.039999961853027,2017-05-19,-1.010273,2017-05-21,True
2017-05-23,0.198972,0.516013,2394.02001953125,2017-05-22,0.820552,6133.6201171875,2017-05-22,1.086949,1072.300048828125,2017-05-22,0.717461,1377.1400146484375,2017-05-22,-9.219266,10.930000305175781,2017-05-22,-0.199638,2017-05-22,True
2017-05-24,0.264507,0.183787,2398.419921875,2017-05-23,0.082983,6138.7099609375,2017-05-23,-0.406613,1067.93994140625,2017-05-23,0.278836,1380.97998046875,2017-05-23,-1.921318,10.720000267028809,2017-05-23,0.878193,2017-05-23,True
2017-05-25,0.495458,0.248913,2404.389892578125,2017-05-24,0.396012,6163.02001953125,2017-05-24,0.647043,1074.8499755859375,2017-05-24,0.110793,1382.510009765625,2017-05-24,-6.529849,10.020000457763672,2017-05-24,-0.550427,2017-05-24,True
2017-05-26,0.081619,0.444195,2415.070068359375,2017-05-25,0.685374,6205.259765625,2017-05-25,0.548916,1080.75,2017-05-25,0.063653,1383.3900146484375,2017-05-25,-0.299408,9.989999771118164,2017-05-25,0.105515,2017-05-25,True
2017-05-29,0.389358,0.031055,2415.820068359375,2017-05-26,0.079452,6210.18994140625,2017-05-26,0.379364,1084.8499755859375,2017-05-26,-0.083131,1382.239990234375,2017-05-26,-1.801795,9.8100004196167,2017-05-26,-0.072355,2017-05-28,True
2017-05-30,-0.097434,0.031055,2415.820068359375,2017-05-26,0.079452,6210.18994140625,2017-05-26,0.379364,1084.8499755859375,2017-05-26,-0.083131,1382.239990234375,2017-05-26,,,2017-05-29,0.365584,2017-05-29,False
2017-05-31,-0.212557,-0.120462,2412.909912109375,2017-05-30,-0.112718,6203.18994140625,2017-05-30,0.608377,1091.449951171875,2017-05-30,-0.799431,1371.18994140625,2017-05-30,5.810394,10.380000114440918,2017-05-30,0.094409,2017-05-30,True
2017-06-01,-0.081739,-0.045997,2411.800048828125,2017-05-31,-0.075283,6198.52001953125,2017-05-31,-0.00274,1091.4200439453125,2017-05-31,-0.071469,1370.2099609375,2017-05-31,0.289015,10.40999984741211,2017-05-31,-0.434203,2017-05-31,True
2017-06-02,0.393443,0.757111,2430.06005859375,2017-06-01,0.779381,6246.830078125,2017-06-01,0.103535,1092.550048828125,2017-06-01,1.886579,1396.06005859375,2017-06-01,-4.995192,9.890000343322754,2017-06-01,0.180517,2017-06-01,True
2017-06-05,0.145749,0.370773,2439.070068359375,2017-06-02,0.943994,6305.7998046875,2017-06-02,0.993087,1103.4000244140625,2017-06-02,0.668306,1405.3900146484375,2017-06-02,-1.415575,9.75,2017-06-02,-0.320246,2017-06-04,True
2017-06-07,-0.08109,-0.277904,2429.330078125,2017-06-06,-0.327528,6275.06005859375,2017-06-06,0.348935,1110.0799560546875,2017-06-06,-0.11099,1394.9000244140625,2017-06-06,3.773586,10.449999809265137,2017-06-06,0.045661,2017-06-06,True
2017-06-08,0.114211,0.156826,2433.139892578125,2017-06-07,0.355691,6297.3798828125,2017-06-07,0.740496,1118.300048828125,2017-06-07,0.126892,1396.6700439453125,2017-06-07,-0.574158,10.390000343322754,2017-06-07,0.5083,2017-06-07,True
2017-06-09,0.081169,0.02672,2433.7900390625,2017-06-08,0.387143,6321.759765625,2017-06-08,1.783953,1138.25,2017-06-08,1.356078,1415.6099853515625,2017-06-08,-2.213672,10.15999984741211,2017-06-08,-0.145129,2017-06-08,True
2017-06-12,-0.628424,-0.082999,2431.77001953125,2017-06-09,-1.800762,6207.919921875,2017-06-09,-4.234566,1090.050048828125,2017-06-09,0.430908,1421.7099609375,2017-06-09,5.31496,10.699999809265137,2017-06-09,0.230936,2017-06-11,True
2017-06-13,0.016271,-0.097876,2429.389892578125,2017-06-12,-0.52288,6175.4599609375,2017-06-12,-0.514665,1084.43994140625,2017-06-12,-0.175845,1419.2099609375,2017-06-12,7.102806,11.460000038146973,2017-06-12,0.568456,2017-06-12,True
2017-06-14,0.355987,0.451151,2440.35009765625,2017-06-13,0.727236,6220.3701171875,2017-06-13,0.637198,1091.3499755859375,2017-06-13,0.477733,1425.989990234375,2017-06-13,-9.075043,10.420000076293945,2017-06-13,-0.348516,2017-06-13,True
2017-06-15,-0.080919,-0.099583,2437.919921875,2017-06-14,-0.409622,6194.89013671875,2017-06-14,-1.056492,1079.8199462890625,2017-06-14,-0.59047,1417.5699462890625,2017-06-14,2.111327,10.640000343322754,2017-06-14,-0.679067,2017-06-14,True
2017-06-16,0.032499,-0.22396,2432.4599609375,2017-06-15,-0.474425,6165.5,2017-06-15,-0.839023,1070.760009765625,2017-06-15,-0.528368,1410.0799560546875,2017-06-15,2.443602,10.899999618530273,2017-06-15,0.986676,2017-06-15,True
2017-06-19,-0.032489,0.028364,2433.14990234375,2017-06-16,-0.222857,6151.759765625,2017-06-16,-0.329675,1067.22998046875,2017-06-16,-0.237573,1406.72998046875,2017-06-16,-4.770638,10.380000114440918,2017-06-16,0.106207,2017-06-18,True
2017-06-20,0.500889,0.834723,2453.4599609375,2017-06-19,1.418293,6239.009765625,2017-06-19,1.93867,1087.9200439453125,2017-06-19,0.806834,1418.0799560546875,2017-06-19,-0.096341,10.369999885559082,2017-06-19,0.405782,2017-06-19,True
2017-06-21,-0.515464,-0.669664,2437.030029296875,2017-06-20,-0.817117,6188.02978515625,2017-06-20,-1.198621,1074.8800048828125,2017-06-20,-1.065524,1402.969970703125,2017-06-20,4.725167,10.859999656677246,2017-06-20,0.450811,2017-06-20,True
2017-06-22,0.291781,-0.058264,2435.610107421875,2017-06-21,0.742085,6233.9501953125,2017-06-21,1.166645,1087.4200439453125,2017-06-21,-0.26515,1399.25,2017-06-21,-1.012888,10.75,2017-06-21,0.144631,2017-06-21,True
2017-06-23,-0.016103,-0.045578,2434.5,2017-06-22,0.043949,6236.68994140625,2017-06-22,-0.226231,1084.9599609375,2017-06-22,0.378062,1404.5400390625,2017-06-22,-2.511632,10.479999542236328,2017-06-22,-0.301965,2017-06-22,True
2017-06-26,0.096386,0.156092,2438.300048828125,2017-06-23,0.457936,6265.25,2017-06-23,0.324438,1088.47998046875,2017-06-23,0.729064,1414.780029296875,2017-06-23,-4.389304,10.020000457763672,2017-06-23,-0.491646,2017-06-25,True
2017-06-27,-0.191724,0.03158,2439.070068359375,2017-06-26,-0.288897,6247.14990234375,2017-06-26,-0.970154,1077.9200439453125,2017-06-26,0.131468,1416.6400146484375,2017-06-26,-1.197613,9.899999618530273,2017-06-26,-0.032643,2017-06-26,True
2017-06-28,-0.431241,-0.807282,2419.3798828125,2017-06-27,-1.60921,6146.6201171875,2017-06-27,-2.714488,1048.6600341796875,2017-06-27,-0.926135,1403.52001953125,2017-06-27,11.71718,11.0600004196167,2017-06-27,0.607195,2017-06-27,True
2017-06-29,0.528761,0.880807,2440.68994140625,2017-06-28,1.428265,6234.41015625,2017-06-28,1.766065,1067.1800537109375,2017-06-28,1.549675,1425.27001953125,2017-06-28,-9.312845,10.029999732971191,2017-06-28,-0.198253,2017-06-28,True
2017-06-30,-0.636537,-0.860002,2419.699951171875,2017-06-29,-1.444564,6144.35009765625,2017-06-29,-2.507544,1040.4200439453125,2017-06-29,-0.636375,1416.199951171875,2017-06-29,14.057825,11.4399995803833,2017-06-29,0.741853,2017-06-29,True
2017-07-03,0.223464,0.153323,2423.409912109375,2017-06-30,-0.063964,6140.419921875,2017-06-30,-0.529595,1034.9100341796875,2017-06-30,-0.059311,1415.3599853515625,2017-06-30,-2.272721,11.180000305175781,2017-06-30,-0.116038,2017-07-02,True
2017-07-04,0.031852,0.231083,2429.010009765625,2017-07-03,-0.494426,6110.06005859375,2017-07-03,-1.391428,1020.510009765625,2017-07-03,0.799801,1426.6800537109375,2017-07-03,0.357781,11.220000267028809,2017-07-03,0.416654,2017-07-03,True
2017-07-05,-0.240385,0.231083,2429.010009765625,2017-07-03,-0.494426,6110.06005859375,2017-07-03,-1.391428,1020.510009765625,2017-07-03,0.799801,1426.6800537109375,2017-07-03,,,2017-07-04,-0.033056,2017-07-04,False
2017-07-06,0.239464,0.145328,2432.5400390625,2017-07-05,0.667748,6150.85986328125,2017-07-05,2.084254,1041.780029296875,2017-07-05,-0.457708,1420.1500244140625,2017-07-05,-1.336903,11.069999694824219,2017-07-05,0.317614,2017-07-05,True
2017-07-07,-0.399042,-0.936882,2409.75,2017-07-06,-0.998233,6089.4599609375,2017-07-06,-0.454029,1037.050048828125,2017-07-06,-1.361826,1400.81005859375,2017-07-06,13.279136,12.539999961853027,2017-07-06,0.305332,2017-07-06,True
2017-07-10,0.320513,0.640313,2425.179931640625,2017-07-07,1.044758,6153.080078125,2017-07-07,1.721226,1054.9000244140625,2017-07-07,1.072944,1415.8399658203125,2017-07-07,-10.765553,11.1899995803833,2017-07-07,-0.221377,2017-07-09,True
2017-07-11,0.127775,0.092777,2427.429931640625,2017-07-10,0.378836,6176.39013671875,2017-07-10,1.156503,1067.0999755859375,2017-07-10,-0.520539,1408.469970703125,2017-07-10,-0.714923,11.109999656677246,2017-07-10,,2017-07-10,True
2017-07-12,0.0,-0.078268,2425.530029296875,2017-07-11,0.273779,6193.2998046875,2017-07-11,0.77969,1075.4200439453125,2017-07-11,0.325181,1413.050048828125,2017-07-11,-1.980192,10.890000343322754,2017-07-11,-0.506157,2017-07-11,True
2017-07-13,0.571882,0.730561,2443.25,2017-07-12,1.095864,6261.169921875,2017-07-12,1.621686,1092.8599853515625,2017-07-12,0.797558,1424.3199462890625,2017-07-12,-5.417816,10.300000190734863,2017-07-12,-0.945145,2017-07-12,True
2017-07-14,0.18859,0.187458,2447.830078125,2017-07-13,0.211942,6274.43994140625,2017-07-13,-0.249801,1090.1300048828125,2017-07-13,0.094086,1425.6600341796875,2017-07-13,-3.883501,9.899999618530273,2017-07-13,-0.04309,2017-07-13,True
2017-07-17,0.627746,0.46735,2459.27001953125,2017-07-14,0.606114,6312.47021484375,2017-07-14,1.301674,1104.3199462890625,2017-07-14,0.221646,1428.8199462890625,2017-07-14,-3.939388,9.510000228881836,2017-07-14,-0.802371,2017-07-16,True
2017-07-18,-0.046882,-0.005291,2459.139892578125,2017-07-17,0.031049,6314.43017578125,2017-07-17,-0.431931,1099.550048828125,2017-07-17,0.194568,1431.5999755859375,2017-07-17,3.259721,9.819999694824219,2017-07-17,0.013306,2017-07-17,True
2017-07-19,0.171956,0.059786,2460.610107421875,2017-07-18,0.4732,6344.31005859375,2017-07-18,0.345589,1103.3499755859375,2017-07-18,-0.278708,1427.6099853515625,2017-07-18,0.712838,9.890000343322754,2017-07-18,-0.300624,2017-07-18,True
2017-07-20,0.265418,0.537264,2473.830078125,2017-07-19,0.641992,6385.0400390625,2017-07-19,0.89093,1113.1800537109375,2017-07-19,0.99187,1441.77001953125,2017-07-19,-1.011126,9.789999961853027,2017-07-19,-0.068491,2017-07-19,True
2017-07-21,-0.108729,-0.015366,2473.449951171875,2017-07-20,0.077681,6390.0,2017-07-20,0.309019,1116.6199951171875,2017-07-20,0.040225,1442.3499755859375,2017-07-20,-2.145046,9.579999923706055,2017-07-20,-0.261677,2017-07-20,True
2017-07-24,0.0,-0.036787,2472.5400390625,2017-07-21,-0.035211,6387.75,2017-07-21,-0.813164,1107.5400390625,2017-07-21,-0.451347,1435.8399658203125,2017-07-21,-2.296454,9.359999656677246,2017-07-21,-0.397129,2017-07-23,True
2017-07-25,0.030945,-0.106373,2469.909912109375,2017-07-24,0.361004,6410.81005859375,2017-07-24,-0.409017,1103.010009765625,2017-07-24,0.153923,1438.050048828125,2017-07-24,0.74787,9.430000305175781,2017-07-24,-0.198006,2017-07-24,True
2017-07-26,0.186596,0.292317,2477.1298828125,2017-07-25,0.021212,6412.169921875,2017-07-25,-0.038082,1102.5899658203125,2017-07-25,0.858104,1450.3900146484375,2017-07-25,0.0,9.430000305175781,2017-07-25,0.479394,2017-07-25,True
2017-07-27,0.327307,0.028266,2477.830078125,2017-07-26,0.165,6422.75,2017-07-26,1.157276,1115.3499755859375,2017-07-26,-0.559159,1442.280029296875,2017-07-26,1.802758,9.600000381469727,2017-07-26,-0.660271,2017-07-26,True
2017-07-28,-0.652478,-0.097269,2475.419921875,2017-07-27,-0.631506,6382.18994140625,2017-07-27,-1.621012,1097.27001953125,2017-07-27,-0.600441,1433.6199951171875,2017-07-27,5.312492,10.109999656677246,2017-07-27,0.329184,2017-07-27,True
2017-07-31,-0.44501,-0.134112,2472.10009765625,2017-07-28,-0.117668,6374.68017578125,2017-07-28,-0.390062,1092.989990234375,2017-07-28,-0.304124,1429.260009765625,2017-07-28,1.780419,10.289999961853027,2017-07-28,0.765573,2017-07-30,True
2017-08-01,-0.206612,-0.072815,2470.300048828125,2017-07-31,-0.416649,6348.1201171875,2017-07-31,-0.717295,1085.1500244140625,2017-07-31,-0.288261,1425.1400146484375,2017-07-31,-0.291543,10.260000228881836,2017-07-31,-0.473295,2017-07-31,True
2017-08-02,0.330813,0.244911,2476.35009765625,2017-08-01,0.233452,6362.93994140625,2017-08-01,0.551074,1091.1300048828125,2017-08-01,0.223834,1428.3299560546875,2017-08-01,-1.656921,10.09000015258789,2017-08-01,0.146596,2017-08-01,True
2017-08-03,-0.314218,0.049265,2477.570068359375,2017-08-02,-0.004558,6362.64990234375,2017-08-02,-0.657121,1083.9599609375,2017-08-02,-1.080278,1412.9000244140625,2017-08-02,1.883048,10.279999732971191,2017-08-02,0.154412,2017-08-02,True
2017-08-04,0.255918,-0.218365,2472.159912109375,2017-08-03,-0.350641,6340.33984375,2017-08-03,-0.476024,1078.800048828125,2017-08-03,-0.542858,1405.22998046875,2017-08-03,1.556419,10.4399995803833,2017-08-03,0.458963,2017-08-03,True
2017-08-07,0.095465,0.18891,2476.830078125,2017-08-04,0.176966,6351.56005859375,2017-08-04,0.060243,1079.449951171875,2017-08-04,0.504541,1412.3199462890625,2017-08-04,-3.927202,10.029999732971191,2017-08-04,-0.00444,2017-08-06,True
2017-08-08,0.20671,0.16472,2480.909912109375,2017-08-07,0.507119,6383.77001953125,2017-08-07,1.741632,1098.25,2017-08-07,0.130997,1414.1700439453125,2017-08-07,-0.997003,9.930000305175781,2017-08-07,-0.164121,2017-08-07,True
2017-08-09,-0.764453,-0.241443,2474.919921875,2017-08-08,-0.208498,6370.4599609375,2017-08-08,-0.40792,1093.77001953125,2017-08-08,-0.284267,1410.1500244140625,2017-08-08,10.372605,10.960000038146973,2017-08-08,0.063977,2017-08-08,True
2017-08-10,-0.33871,-0.036361,2474.02001953125,2017-08-09,-0.284593,6352.330078125,2017-08-09,-0.299883,1090.489990234375,2017-08-09,-0.936076,1396.949951171875,2017-08-09,1.36861,11.109999656677246,2017-08-09,1.079865,2017-08-09,True
2017-08-11,-1.40982,-1.447444,2438.2099609375,2017-08-10,-2.132445,6216.8701171875,2017-08-10,-2.794154,1060.02001953125,2017-08-10,-1.747372,1372.5400390625,2017-08-10,44.37445,16.040000915527344,2017-08-10,0.46476,2017-08-10,True
2017-08-14,0.726312,0.127557,2441.320068359375,2017-08-11,0.638423,6256.56005859375,2017-08-11,0.58489,1066.219970703125,2017-08-11,0.123125,1374.22998046875,2017-08-11,-3.304243,15.510000228881836,2017-08-11,-0.180151,2017-08-13,True
2017-08-16,0.899869,-0.049881,2464.610107421875,2017-08-15,-0.113879,6333.009765625,2017-08-15,0.245951,1096.4300537109375,2017-08-15,-0.793946,1383.239990234375,2017-08-15,-2.351987,12.039999961853027,2017-08-15,-0.32838,2017-08-15,True
2017-08-17,0.195154,0.14201,2468.110107421875,2017-08-16,0.191064,6345.10986328125,2017-08-16,0.149567,1098.0699462890625,2017-08-16,0.020968,1383.530029296875,2017-08-16,-2.491696,11.739999771118164,2017-08-16,-0.033475,2017-08-16,True
2017-08-18,-0.808538,-1.543695,2430.010009765625,2017-08-17,-1.941648,6221.91015625,2017-08-17,-2.583624,1069.699951171875,2017-08-17,-1.777344,1358.93994140625,2017-08-17,32.453156,15.550000190734863,2017-08-17,0.500523,2017-08-17,True
2017-08-21,0.27517,-0.183537,2425.550048828125,2017-08-18,-0.086475,6216.52978515625,2017-08-18,0.204736,1071.8900146484375,2017-08-18,-0.084618,1357.7900390625,2017-08-18,-8.29582,14.260000228881836,2017-08-18,-0.124502,2017-08-20,True
2017-08-22,0.210663,0.116265,2428.3701171875,2017-08-21,-0.054691,6213.1298828125,2017-08-21,-0.68757,1064.52001953125,2017-08-21,-0.065549,1356.9000244140625,2017-08-21,-7.503511,13.1899995803833,2017-08-21,-0.099205,2017-08-21,True
2017-08-23,0.645995,0.994078,2452.510009765625,2017-08-22,1.35761,6297.47998046875,2017-08-22,1.608236,1081.6400146484375,2017-08-22,1.078931,1371.5400390625,2017-08-22,-13.949956,11.350000381469727,2017-08-22,-0.594942,2017-08-22,True
2017-08-24,0.096837,-0.345359,2444.0400390625,2017-08-23,-0.302817,6278.41015625,2017-08-23,0.440999,1086.4100341796875,2017-08-23,-0.131243,1369.739990234375,2017-08-23,7.929512,12.25,2017-08-23,-0.504799,2017-08-23,True
2017-08-25,0.208835,-0.207446,2438.969970703125,2017-08-24,-0.112769,6271.330078125,2017-08-24,-0.04418,1085.9300537109375,2017-08-24,0.302248,1373.8800048828125,2017-08-24,-0.163269,12.229999542236328,2017-08-24,0.162609,2017-08-24,True
2017-08-28,-0.064216,0.167287,2443.050048828125,2017-08-25,-0.090729,6265.64013671875,2017-08-25,-0.500037,1080.5,2017-08-25,0.259844,1377.449951171875,2017-08-25,-7.767783,11.279999732971191,2017-08-25,-0.574833,2017-08-27,True
2017-08-29,-0.53286,0.048707,2444.239990234375,2017-08-28,0.277384,6283.02001953125,2017-08-28,0.196205,1082.6199951171875,2017-08-28,0.34702,1382.22998046875,2017-08-28,0.35461,11.319999694824219,2017-08-28,-0.248933,2017-08-28,True
2017-08-30,0.194269,0.084282,2446.300048828125,2017-08-29,0.300335,6301.89013671875,2017-08-29,0.206905,1084.8599853515625,2017-08-29,0.104908,1383.6800537109375,2017-08-29,3.356892,11.699999809265137,2017-08-29,0.548296,2017-08-29,True
2017-08-31,0.080645,0.461515,2457.590087890625,2017-08-30,1.053968,6368.31005859375,2017-08-30,1.735704,1103.68994140625,2017-08-30,0.552143,1391.3199462890625,2017-08-30,-4.10256,11.220000267028809,2017-08-30,-0.07206,2017-08-30,True
2017-09-01,0.340798,0.572098,2471.64990234375,2017-08-31,0.947663,6428.66015625,2017-08-31,0.962237,1114.31005859375,2017-08-31,1.00337,1405.280029296875,2017-08-31,-5.614974,10.59000015258789,2017-08-31,0.018702,2017-08-31,True
2017-09-04,-1.525479,0.198254,2476.550048828125,2017-09-01,0.103753,6435.330078125,2017-09-01,0.451392,1119.3399658203125,2017-09-01,0.589912,1413.5699462890625,2017-09-01,-4.343721,10.130000114440918,2017-09-01,-0.408538,2017-09-03,True
2017-09-05,0.393895,0.198254,2476.550048828125,2017-09-01,0.103753,6435.330078125,2017-09-01,0.451392,1119.3399658203125,2017-09-01,0.589912,1413.5699462890625,2017-09-01,,,2017-09-04,1.177895,2017-09-04,False
2017-09-06,-0.180713,-0.755081,2457.85009765625,2017-09-05,-0.928628,6375.56982421875,2017-09-05,-1.403502,1103.6300048828125,2017-09-05,-0.984027,1399.6600341796875,2017-09-05,20.730498,12.229999542236328,2017-09-05,-0.042396,2017-09-05,True
2017-09-07,0.345736,0.312873,2465.5400390625,2017-09-06,0.278253,6393.31005859375,2017-09-06,0.193,1105.760009765625,2017-09-06,0.181467,1402.199951171875,2017-09-06,-4.905964,11.630000114440918,2017-09-06,-0.011488,2017-09-06,True
2017-09-08,0.162602,-0.017844,2465.10009765625,2017-09-07,0.071325,6397.8701171875,2017-09-07,0.142884,1107.3399658203125,2017-09-07,-0.251741,1398.6700439453125,2017-09-07,-0.687876,11.550000190734863,2017-09-07,-0.39681,2017-09-07,True
2017-09-11,0.454989,-0.148885,2461.429931640625,2017-09-08,-0.588949,6360.18994140625,2017-09-08,-1.250743,1093.489990234375,2017-09-08,0.054338,1399.4300537109375,2017-09-08,4.935062,12.119999885559082,2017-09-08,0.518173,2017-09-10,True
2017-09-12,0.450886,1.08393,2488.110107421875,2017-09-11,1.133139,6432.259765625,2017-09-11,2.009161,1115.4599609375,2017-09-11,1.100441,1414.8299560546875,2017-09-11,-11.46865,10.729999542236328,2017-09-11,-0.303648,2017-09-11,True
2017-09-13,0.176991,0.336395,2496.47998046875,2017-09-12,0.342337,6454.27978515625,2017-09-12,0.424936,1120.199951171875,2017-09-12,0.609968,1423.4599609375,2017-09-12,-1.397946,10.579999923706055,2017-09-12,-0.162036,2017-09-12,True
2017-09-14,0.016082,0.075712,2498.3701171875,2017-09-13,0.09157,6460.18994140625,2017-09-13,0.164264,1122.0400390625,2017-09-13,0.240966,1426.8900146484375,2017-09-13,-0.756143,10.5,2017-09-13,0.224373,2017-09-13,True
2017-09-15,-0.064082,-0.110072,2495.6201171875,2017-09-14,-0.481563,6429.080078125,2017-09-14,0.479484,1127.4200439453125,2017-09-14,-0.131054,1425.02001953125,2017-09-14,-0.571433,10.4399995803833,2017-09-14,0.269885,2017-09-14,True
2017-09-18,0.095587,0.184718,2500.22998046875,2017-09-15,0.3016,6448.47021484375,2017-09-15,1.708326,1146.6800537109375,2017-09-15,0.469463,1431.7099609375,2017-09-15,-2.586202,10.170000076293945,2017-09-15,0.010589,2017-09-17,True
2017-09-19,0.078394,0.145592,2503.8701171875,2017-09-18,0.09568,6454.64013671875,2017-09-18,1.240099,1160.9000244140625,2017-09-18,0.654462,1441.0799560546875,2017-09-18,-0.196661,10.149999618530273,2017-09-18,-0.395315,2017-09-18,True
2017-09-20,0.203922,0.11102,2506.64990234375,2017-09-19,0.103487,6461.31982421875,2017-09-19,0.351448,1164.97998046875,2017-09-19,-0.047182,1440.4000244140625,2017-09-19,0.295573,10.180000305175781,2017-09-19,0.136429,2017-09-19,True
2017-09-21,-0.094177,0.063435,2508.239990234375,2017-09-20,-0.081714,6456.0400390625,2017-09-20,-1.406033,1148.5999755859375,2017-09-20,0.348516,1445.4200439453125,2017-09-20,-3.929279,9.779999732971191,2017-09-20,0.072549,2017-09-20,True
2017-09-22,-0.094103,-0.304592,2500.60009765625,2017-09-21,-0.516572,6422.68994140625,2017-09-21,-0.411804,1143.8699951171875,2017-09-21,-0.085788,1444.1800537109375,2017-09-21,-1.124741,9.670000076293945,2017-09-21,-0.073382,2017-09-21,True
2017-09-25,0.110497,0.064779,2502.219970703125,2017-09-22,0.06586,6426.919921875,2017-09-22,0.500054,1149.5899658203125,2017-09-22,0.457005,1450.780029296875,2017-09-22,-0.8273,9.59000015258789,2017-09-22,0.155705,2017-09-24,True
2017-09-26,-0.331806,-0.222205,2496.659912109375,2017-09-25,-0.876471,6370.58984375,2017-09-25,-1.97027,1126.93994140625,2017-09-25,0.081331,1451.9599609375,2017-09-25,6.465066,10.210000038146973,2017-09-25,0.151042,2017-09-25,True
2017-09-27,0.079403,0.007217,2496.840087890625,2017-09-26,0.150226,6380.16015625,2017-09-26,-0.04791,1126.4000244140625,2017-09-26,0.337477,1456.8599853515625,2017-09-26,-0.391772,10.170000076293945,2017-09-26,0.255775,2017-09-26,True
2017-09-28,0.127307,0.408514,2507.0400390625,2017-09-27,1.145733,6453.259765625,2017-09-27,2.361503,1153.0,2017-09-27,1.918515,1484.81005859375,2017-09-27,-2.949854,9.869999885559082,2017-09-27,0.753049,2017-09-27,True
2017-09-29,0.047687,0.120462,2510.06005859375,2017-09-28,0.002951,6453.4501953125,2017-09-28,0.753681,1161.68994140625,2017-09-28,0.268046,1488.7900390625,2017-09-28,-3.242145,9.550000190734863,2017-09-28,0.05762,2017-09-28,True
2017-10-10,1.529968,-0.180443,2544.72998046875,2017-10-09,-0.158572,6579.72998046875,2017-10-09,0.705866,1199.8599853515625,2017-10-09,-0.44099,1503.56005859375,2017-10-09,7.046636,10.329999923706055,2017-10-09,-0.076944,2017-10-09,True
2017-10-11,0.402789,0.232241,2550.639892578125,2017-10-10,0.114291,6587.25,2017-10-10,0.611735,1207.199951171875,2017-10-10,0.295961,1508.010009765625,2017-10-10,-2.420136,10.079999923706055,2017-10-10,-0.784022,2017-10-10,True
2017-10-12,0.168634,0.180351,2555.239990234375,2017-10-11,0.247445,6603.5498046875,2017-10-11,0.661861,1215.18994140625,2017-10-11,-0.072278,1506.9200439453125,2017-10-11,-2.281742,9.850000381469727,2017-10-11,-0.20902,2017-10-11,True
2017-10-13,-0.045697,-0.168675,2550.929931640625,2017-10-12,-0.182327,6591.509765625,2017-10-12,-0.33657,1211.0999755859375,2017-10-12,-0.116795,1505.1600341796875,2017-10-12,0.609132,9.90999984741211,2017-10-12,0.050382,2017-10-12,True
2017-10-16,0.244014,0.087811,2553.169921875,2017-10-13,0.216795,6605.7998046875,2017-10-13,0.669638,1219.2099609375,2017-10-13,-0.166095,1502.6600341796875,2017-10-13,-3.027247,9.609999656677246,2017-10-13,-0.508808,2017-10-15,True
2017-10-17,0.045711,0.175075,2557.639892578125,2017-10-16,0.275518,6624.0,2017-10-16,0.47408,1224.989990234375,2017-10-16,0.001332,1502.6800537109375,2017-10-16,3.12175,9.90999984741211,2017-10-16,0.069245,2017-10-16,True
2017-10-18,-0.121636,0.067258,2559.360107421875,2017-10-17,-0.00513,6623.66015625,2017-10-17,-0.071021,1224.1199951171875,2017-10-17,-0.344721,1497.5,2017-10-17,4.036333,10.3100004196167,2017-10-17,0.253752,2017-10-17,True
2017-10-19,0.258634,0.074233,2561.260009765625,2017-10-18,0.008455,6624.22021484375,2017-10-18,0.330036,1228.1600341796875,2017-10-18,0.510185,1505.1400146484375,2017-10-18,-2.327844,10.069999694824219,2017-10-18,0.129218,2017-10-18,True
2017-10-20,0.030548,0.0328,2562.10009765625,2017-10-19,-0.289097,6605.06982421875,2017-10-19,-0.253223,1225.050048828125,2017-10-19,-0.205959,1502.0400390625,2017-10-19,-0.198605,10.050000190734863,2017-10-19,-0.310236,2017-10-19,True
2017-10-23,0.395017,0.511684,2575.2099609375,2017-10-20,0.363054,6629.0498046875,2017-10-20,0.513442,1231.3399658203125,2017-10-20,0.480011,1509.25,2017-10-20,-0.796019,9.970000267028809,2017-10-20,0.52044,2017-10-22,True
2017-10-24,-0.015147,-0.397248,2564.97998046875,2017-10-23,-0.63689,6586.830078125,2017-10-23,0.471036,1237.1400146484375,2017-10-23,-0.779196,1497.489990234375,2017-10-23,11.033093,11.069999694824219,2017-10-23,-0.418077,2017-10-23,True
2017-10-25,0.106222,0.161791,2569.1298828125,2017-10-24,0.17611,6598.43017578125,2017-10-24,0.666052,1245.3800048828125,2017-10-24,0.195664,1500.4200439453125,2017-10-24,0.81301,11.15999984741211,2017-10-24,0.062883,2017-10-24,True
2017-10-26,0.030326,-0.466305,2557.14990234375,2017-10-25,-0.523458,6563.89013671875,2017-10-25,-1.29358,1229.27001953125,2017-10-25,-0.462541,1493.47998046875,2017-10-25,0.627237,11.229999542236328,2017-10-25,-0.288565,2017-10-25,True
2017-10-27,0.061069,0.127095,2560.39990234375,2017-10-26,-0.108474,6556.77001953125,2017-10-26,0.63127,1237.030029296875,2017-10-26,0.26649,1497.4599609375,2017-10-26,0.623336,11.300000190734863,2017-10-26,0.179323,2017-10-26,True
2017-10-30,0.470053,0.807302,2581.070068359375,2017-10-27,2.203673,6701.259765625,2017-10-27,2.143846,1263.550048828125,2017-10-27,0.725227,1508.3199462890625,2017-10-27,-13.274336,9.800000190734863,2017-10-27,0.179323,2017-10-26,True
2017-10-31,0.015131,-0.319247,2572.830078125,2017-10-30,-0.034319,6698.9599609375,2017-10-30,0.186774,1265.9100341796875,2017-10-30,-1.154922,1490.9000244140625,2017-10-30,7.142855,10.5,2017-10-30,-0.268503,2017-10-30,True
2017-11-01,0.868914,0.094446,2575.260009765625,2017-10-31,0.428573,6727.669921875,2017-10-31,0.766243,1275.6099853515625,2017-10-31,0.780066,1502.530029296875,2017-10-31,-3.047616,10.180000305175781,2017-10-31,-0.178595,2017-10-31,True
2017-11-02,0.044215,0.159211,2579.360107421875,2017-11-01,-0.165587,6716.52978515625,2017-11-01,-0.321413,1271.510009765625,2017-11-01,-0.648906,1492.780029296875,2017-11-01,0.196459,10.199999809265137,2017-11-01,-0.509143,2017-11-01,True
2017-11-03,0.310605,0.018997,2579.85009765625,2017-11-02,-0.023671,6714.93994140625,2017-11-02,0.458507,1277.3399658203125,2017-11-02,0.25255,1496.550048828125,2017-11-02,-2.647054,9.930000305175781,2017-11-02,-0.696056,2017-11-02,True
2017-11-06,0.0,0.309708,2587.840087890625,2017-11-03,0.737162,6764.43994140625,2017-11-03,1.771651,1299.969970703125,2017-11-03,-0.109586,1494.9100341796875,2017-11-03,-7.955689,9.140000343322754,2017-11-03,0.158567,2017-11-03,True
2017-11-07,-0.044451,0.127125,2591.1298828125,2017-11-06,0.32523,6786.43994140625,2017-11-06,1.336184,1317.3399658203125,2017-11-06,0.204021,1497.9599609375,2017-11-06,2.844631,9.399999618530273,2017-11-06,0.277958,2017-11-06,True
2017-11-08,-0.430139,-0.01891,2590.639892578125,2017-11-07,-0.274962,6767.77978515625,2017-11-07,-0.059963,1316.550048828125,2017-11-07,-1.259713,1479.0899658203125,2017-11-07,5.212774,9.890000343322754,2017-11-07,-0.094192,2017-11-07,True
2017-11-09,0.207039,0.144366,2594.3798828125,2017-11-08,0.315322,6789.1201171875,2017-11-08,0.347876,1321.1300048828125,2017-11-08,0.178489,1481.72998046875,2017-11-08,-1.112241,9.779999732971191,2017-11-08,-0.110436,2017-11-08,True
2017-11-10,-0.563547,-0.376189,2584.6201171875,2017-11-09,-0.575484,6750.0498046875,2017-11-09,-2.003586,1294.6600341796875,2017-11-09,-0.452846,1475.02001953125,2017-11-09,7.361966,10.5,2017-11-09,0.05303,2017-11-09,True
2017-11-13,0.04461,-0.089764,2582.300048828125,2017-11-10,0.013187,6750.93994140625,2017-11-10,0.648821,1303.06005859375,2017-11-10,0.016949,1475.27001953125,2017-11-10,7.523809,11.289999961853027,2017-11-10,0.335995,2017-11-10,True
2017-11-14,0.074738,0.098363,2584.840087890625,2017-11-13,0.098655,6757.60009765625,2017-11-13,0.270125,1306.5799560546875,2017-11-13,-0.013562,1475.0699462890625,2017-11-13,1.860053,11.5,2017-11-13,0.130732,2017-11-13,True
2017-11-15,-0.104712,-0.230961,2578.8701171875,2017-11-14,-0.291967,6737.8701171875,2017-11-14,-0.120923,1305.0,2017-11-14,-0.258289,1471.260009765625,2017-11-14,0.78261,11.59000015258789,2017-11-14,0.102825,2017-11-14,True
2017-11-16,0.240819,-0.552568,2564.6201171875,2017-11-15,-0.469884,6706.2099609375,2017-11-15,-0.904218,1293.199951171875,2017-11-15,-0.48734,1464.0899658203125,2017-11-15,13.287316,13.130000114440918,2017-11-15,-0.329618,2017-11-15,True
2017-11-17,0.508449,0.819606,2585.639892578125,2017-11-16,1.298499,6793.2900390625,2017-11-16,1.539594,1313.1099853515625,2017-11-16,1.556601,1486.8800048828125,2017-11-16,-10.434119,11.760000228881836,2017-11-16,,2017-11-16,True
2017-11-20,0.179506,-0.262596,2578.85009765625,2017-11-17,-0.154564,6782.7900390625,2017-11-17,-0.470633,1306.9300537109375,2017-11-17,0.39949,1492.8199462890625,2017-11-17,-2.806122,11.430000305175781,2017-11-17,-1.736918,2017-11-17,True
2017-11-21,0.390625,0.127568,2582.139892578125,2017-11-20,0.116765,6790.7099609375,2017-11-20,1.215062,1322.81005859375,2017-11-20,0.708731,1503.4000244140625,2017-11-20,-6.824153,10.649999618530273,2017-11-20,-0.349324,2017-11-20,True
2017-11-22,0.734523,0.654114,2599.030029296875,2017-11-21,1.056885,6862.47998046875,2017-11-21,1.142264,1337.9200439453125,2017-11-21,1.030331,1518.8900146484375,2017-11-21,-8.638499,9.729999542236328,2017-11-21,0.314851,2017-11-21,True
2017-11-23,0.148987,-0.075026,2597.080078125,2017-11-22,0.07111,6867.35986328125,2017-11-22,-0.659237,1329.0999755859375,2017-11-22,-0.140234,1516.760009765625,2017-11-22,1.54163,9.880000114440918,2017-11-22,-0.432481,2017-11-22,True
2017-11-24,0.044776,-0.075026,2597.080078125,2017-11-22,0.07111,6867.35986328125,2017-11-22,-0.659237,1329.0999755859375,2017-11-22,-0.140234,1516.760009765625,2017-11-22,,,2017-11-23,-0.545237,2017-11-23,False
2017-11-27,0.074471,0.20561,2602.419921875,2017-11-24,0.317448,6889.16015625,2017-11-24,0.947255,1341.68994140625,2017-11-24,0.158234,1519.1600341796875,2017-11-24,-2.125506,9.670000076293945,2017-11-24,-0.250628,2017-11-24,True
2017-11-28,0.015152,-0.038426,2601.419921875,2017-11-27,-0.154448,6878.52001953125,2017-11-27,-1.3073,1324.1500244140625,2017-11-27,-0.38508,1513.31005859375,2017-11-27,2.06825,9.869999885559082,2017-11-27,0.217994,2017-11-27,True
2017-11-29,0.151103,0.984851,2627.0400390625,2017-11-28,0.491964,6912.35986328125,2017-11-28,-0.080812,1323.0799560546875,2017-11-28,1.527776,1536.4300537109375,2017-11-28,1.621072,10.029999732971191,2017-11-28,0.470999,2017-11-28,True
2017-11-30,-0.650038,-0.036923,2626.070068359375,2017-11-29,-1.272644,6824.39013671875,2017-11-29,-4.388998,1265.010009765625,2017-11-29,0.382054,1542.300048828125,2017-11-29,6.679961,10.699999809265137,2017-11-29,-0.606398,2017-11-29,True
2017-12-01,0.291993,0.819095,2647.580078125,2017-11-30,0.726513,6873.97021484375,2017-11-30,0.596046,1272.550048828125,2017-11-30,0.1193,1544.1400146484375,2017-11-30,5.42056,11.279999732971191,2017-11-30,-0.257503,2017-11-30,True
2017-12-04,0.430438,-0.202453,2642.219970703125,2017-12-01,-0.383772,6847.58984375,2017-12-01,-1.092297,1258.6500244140625,2017-12-01,-0.461098,1537.02001953125,2017-12-01,1.329792,11.430000305175781,2017-12-01,0.607957,2017-12-01,True
2017-12-05,-0.517189,-0.105216,2639.43994140625,2017-12-04,-1.054674,6775.3701171875,2017-12-04,-2.44707,1227.8499755859375,2017-12-04,-0.29993,1532.4100341796875,2017-12-04,2.187227,11.680000305175781,2017-12-04,-0.434128,2017-12-04,True
2017-12-06,0.06068,-0.373938,2629.570068359375,2017-12-05,-0.194235,6762.2099609375,2017-12-05,0.053755,1228.510009765625,2017-12-05,-1.021269,1516.760009765625,2017-12-05,-2.996579,11.329999923706055,2017-12-05,0.251265,2017-12-05,True
2017-12-07,0.261619,-0.011411,2629.27001953125,2017-12-06,0.209546,6776.3798828125,2017-12-06,0.305248,1232.260009765625,2017-12-06,-0.519529,1508.8800048828125,2017-12-06,-2.736094,11.020000457763672,2017-12-06,0.0,2017-12-06,True
2017-12-08,0.370542,0.293236,2636.97998046875,2017-12-07,0.538045,6812.83984375,2017-12-07,0.994921,1244.52001953125,2017-12-07,0.768117,1520.469970703125,2017-12-07,-7.803998,10.15999984741211,2017-12-07,0.676351,2017-12-07,True
2017-12-11,0.138525,0.550631,2651.5,2017-12-08,0.399837,6840.080078125,2017-12-08,-0.504615,1238.239990234375,2017-12-08,0.082211,1521.719970703125,2017-12-08,-5.708661,9.579999923706055,2017-12-08,-0.011899,2017-12-08,True
2017-12-12,-0.015373,0.320196,2659.989990234375,2017-12-11,0.51169,6875.080078125,2017-12-11,0.592774,1245.5799560546875,2017-12-11,-0.123545,1519.8399658203125,2017-12-11,-2.505217,9.34000015258789,2017-12-11,-0.056753,2017-12-11,True
2017-12-13,0.200524,0.154892,2664.110107421875,2017-12-12,-0.185602,6862.31982421875,2017-12-12,-0.995512,1233.1800537109375,2017-12-12,-0.244761,1516.1199951171875,2017-12-12,6.209849,9.920000076293945,2017-12-12,-0.365444,2017-12-12,True
2017-12-14,0.214264,-0.047296,2662.85009765625,2017-12-13,0.196435,6875.7998046875,2017-12-13,-0.011354,1233.0400390625,2017-12-13,0.549426,1524.449951171875,2017-12-13,2.62097,10.180000305175781,2017-12-13,0.315312,2017-12-13,True
2017-12-15,0.351628,-0.407086,2652.010009765625,2017-12-14,-0.280259,6856.52978515625,2017-12-14,-0.04947,1232.4300537109375,2017-12-14,-1.147955,1506.949951171875,2017-12-14,3.045181,10.489999771118164,2017-12-14,-0.648787,2017-12-14,True
2017-12-18,0.091884,0.897434,2675.81005859375,2017-12-15,1.167504,6936.580078125,2017-12-15,1.497851,1250.8900146484375,2017-12-15,1.557457,1530.4200439453125,2017-12-15,-10.200188,9.420000076293945,2017-12-15,0.335728,2017-12-15,True
2017-12-19,0.38238,0.536281,2690.159912109375,2017-12-18,0.838737,6994.759765625,2017-12-18,2.160064,1277.9100341796875,2017-12-18,1.208818,1548.9200439453125,2017-12-18,1.167725,9.529999732971191,2017-12-18,0.111239,2017-12-18,True
2017-12-20,-0.168196,-0.323027,2681.469970703125,2017-12-19,-0.441897,6963.85009765625,2017-12-19,-0.108772,1276.52001953125,2017-12-19,-0.785712,1536.75,2017-12-19,5.24659,10.029999732971191,2017-12-19,-0.335163,2017-12-19,True
2017-12-21,-0.245324,-0.082789,2679.25,2017-12-20,-0.041502,6960.9599609375,2017-12-20,0.698769,1285.43994140625,2017-12-20,0.216688,1540.0799560546875,2017-12-20,-3.090723,9.720000267028809,2017-12-20,-0.108723,2017-12-20,True
2017-12-22,0.28147,0.198566,2684.570068359375,2017-12-21,0.063208,6965.35986328125,2017-12-21,-1.060328,1271.81005859375,2017-12-21,0.456472,1547.1099853515625,2017-12-21,-1.02881,9.619999885559082,2017-12-21,-0.391071,2017-12-21,True
2017-12-26,0.217865,-0.045817,2683.340087890625,2017-12-22,-0.077525,6959.9599609375,2017-12-22,-0.050323,1271.1700439453125,2017-12-22,-0.270177,1542.9300537109375,2017-12-22,,,2017-12-25,-0.286979,2017-12-25,False
2017-12-27,0.34375,-0.105842,2680.5,2017-12-26,-0.340662,6936.25,2017-12-26,-0.966829,1258.8800048828125,2017-12-26,0.084251,1544.22998046875,2017-12-26,3.535358,10.25,2017-12-26,-0.069631,2017-12-26,True
2017-12-28,0.046332,0.079094,2682.6201171875,2017-12-27,0.044546,6939.33984375,2017-12-27,0.35587,1263.3599853515625,2017-12-27,-0.018782,1543.93994140625,2017-12-27,2.146344,10.470000267028809,2017-12-27,-0.122631,2017-12-27,True
2018-01-02,0.396583,-0.518315,2673.610107421875,2017-12-29,-0.672934,6903.39013671875,2017-12-29,-1.046355,1253.050048828125,2017-12-29,-0.866407,1535.510009765625,2017-12-29,,,2018-01-01,-0.319783,2018-01-01,False
2018-01-03,0.440395,0.830336,2695.81005859375,2018-01-02,1.499405,7006.89990234375,2018-01-02,2.765245,1287.699951171875,2018-01-02,0.944312,1550.010009765625,2018-01-02,-11.503619,9.770000457763672,2018-01-02,-0.07973,2018-01-02,True
2018-01-04,0.589747,0.639882,2713.06005859375,2018-01-03,0.836745,7065.52978515625,2018-01-03,1.7209,1309.8599853515625,2018-01-03,0.165802,1552.5799560546875,2018-01-03,-6.345965,9.149999618530273,2018-01-03,-0.251585,2018-01-03,True
2018-01-05,0.274348,0.402864,2723.989990234375,2018-01-04,0.175222,7077.91015625,2018-01-04,0.563419,1317.239990234375,2018-01-04,0.202245,1555.719970703125,2018-01-04,0.765034,9.220000267028809,2018-01-04,0.131751,2018-01-04,True
2018-01-08,0.421053,0.703377,2743.14990234375,2018-01-05,0.828633,7136.56005859375,2018-01-05,0.643009,1325.7099609375,2018-01-05,0.275759,1560.010009765625,2018-01-05,0.0,9.220000267028809,2018-01-05,-0.268811,2018-01-05,True
2018-01-09,-0.283794,0.166234,2747.7099609375,2018-01-08,0.291878,7157.39013671875,2018-01-08,0.741495,1335.5400390625,2018-01-08,0.115387,1561.81005859375,2018-01-08,3.253798,9.520000457763672,2018-01-08,-0.054657,2018-01-08,True
2018-01-10,0.284943,0.130293,2751.2900390625,2018-01-09,0.086483,7163.580078125,2018-01-09,-0.97115,1322.5699462890625,2018-01-09,-0.109494,1560.0999755859375,2018-01-09,5.882347,10.079999923706055,2018-01-09,0.677977,2018-01-09,True
2018-01-11,-0.045283,-0.111223,2748.22998046875,2018-01-10,-0.139738,7153.56982421875,2018-01-10,-1.236228,1306.219970703125,2018-01-10,-0.019225,1559.800048828125,2018-01-10,-2.579367,9.819999694824219,2018-01-10,0.379328,2018-01-10,True
2018-01-12,0.227583,0.703365,2767.56005859375,2018-01-11,0.813719,7211.77978515625,2018-01-11,0.621641,1314.3399658203125,2018-01-11,1.730349,1586.7900390625,2018-01-11,0.611002,9.880000114440918,2018-01-11,-0.193139,2018-01-11,True
2018-01-15,0.514917,0.67496,2786.239990234375,2018-01-12,0.68333,7261.06005859375,2018-01-12,0.590411,1322.0999755859375,2018-01-12,0.326441,1591.969970703125,2018-01-12,2.834005,10.15999984741211,2018-01-12,-0.423498,2018-01-12,True
2018-01-16,0.01511,0.67496,2786.239990234375,2018-01-12,0.68333,7261.06005859375,2018-01-12,0.590411,1322.0999755859375,2018-01-12,0.326441,1591.969970703125,2018-01-12,,,2018-01-15,-0.876877,2018-01-15,False
2018-01-17,-0.209895,-0.352449,2776.419921875,2018-01-16,-0.514665,7223.68994140625,2018-01-16,0.292716,1325.969970703125,2018-01-16,-1.19349,1572.969970703125,2018-01-16,14.76378,11.65999984741211,2018-01-16,0.570174,2018-01-16,True
2018-01-18,0.571085,0.941505,2802.56005859375,2018-01-17,1.032573,7298.27978515625,2018-01-17,2.889965,1364.2900390625,2018-01-17,0.870332,1586.6600341796875,2018-01-17,2.144082,11.90999984741211,2018-01-17,0.060275,2018-01-17,True
2018-01-19,0.105121,-0.161639,2798.030029296875,2018-01-18,-0.030555,7296.0498046875,2018-01-18,0.459581,1370.56005859375,2018-01-18,-0.625846,1576.72998046875,2018-01-18,2.602858,12.220000267028809,2018-01-18,0.385906,2018-01-18,True
2018-01-22,-0.090036,0.438524,2810.300048828125,2018-01-19,0.552766,7336.3798828125,2018-01-19,0.107253,1372.030029296875,2018-01-19,1.32553,1597.6300048828125,2018-01-19,-7.774139,11.270000457763672,2018-01-19,0.293456,2018-01-19,True
2018-01-23,0.43966,0.806673,2832.969970703125,2018-01-22,0.976638,7408.02978515625,2018-01-22,0.756544,1382.4100341796875,2018-01-22,0.471952,1605.1700439453125,2018-01-22,-2.129554,11.029999732971191,2018-01-22,-0.311301,2018-01-22,True
2018-01-24,-0.029918,0.217437,2839.1298828125,2018-01-23,0.705454,7460.2900390625,2018-01-23,0.755923,1392.8599853515625,2018-01-23,0.34513,1610.7099609375,2018-01-23,0.634639,11.100000381469727,2018-01-23,0.22976,2018-01-23,True
2018-01-25,-0.194146,-0.055998,2837.5400390625,2018-01-24,-0.606276,7415.06005859375,2018-01-24,-2.310349,1360.6800537109375,2018-01-24,-0.555031,1601.77001953125,2018-01-24,3.333332,11.470000267028809,2018-01-24,0.369565,2018-01-24,True
2018-01-26,-0.014819,0.060262,2839.25,2018-01-25,-0.052594,7411.16015625,2018-01-25,-1.694745,1337.6199951171875,2018-01-25,-0.006242,1601.6700439453125,2018-01-25,0.959021,11.579999923706055,2018-01-25,-0.779297,2018-01-25,True
2018-01-29,0.516605,1.18412,2872.8701171875,2018-01-26,1.276586,7505.77001953125,2018-01-26,3.26326,1381.27001953125,2018-01-26,0.398959,1608.06005859375,2018-01-26,-4.317789,11.079999923706055,2018-01-26,0.046034,2018-01-26,True
2018-01-30,-0.073303,-0.673197,2853.530029296875,2018-01-29,-0.523068,7466.509765625,2018-01-29,-0.20633,1378.4200439453125,2018-01-29,-0.618763,1598.1099853515625,2018-01-29,24.90975,13.84000015258789,2018-01-29,-0.165276,2018-01-29,True
2018-01-31,-0.341449,-1.089882,2822.429931640625,2018-01-30,-0.85756,7402.47998046875,2018-01-30,-2.029868,1350.43994140625,2018-01-30,-0.956758,1582.8199462890625,2018-01-30,6.86416,14.789999961853027,2018-01-30,0.626455,2018-01-30,True
2018-02-01,0.415369,0.048899,2823.81005859375,2018-01-31,0.121581,7411.47998046875,2018-01-31,0.818997,1361.5,2018-01-31,-0.495316,1574.97998046875,2018-01-31,-8.451657,13.539999961853027,2018-01-31,0.25706,2018-01-31,True
2018-02-02,-0.252113,-0.064809,2821.97998046875,2018-02-01,-0.345682,7385.85986328125,2018-02-01,-0.472277,1355.0699462890625,2018-02-01,0.310481,1579.8699951171875,2018-02-01,-0.516984,13.470000267028809,2018-02-01,-0.328195,2018-02-01,True
2018-02-05,-1.255104,-2.120855,2762.1298828125,2018-02-02,-1.961988,7240.9501953125,2018-02-02,-2.737126,1317.97998046875,2018-02-02,-2.063459,1547.27001953125,2018-02-02,28.507789,17.309999465942383,2018-02-02,0.202057,2018-02-02,True
2018-02-06,-2.04799,-4.097922,2648.93994140625,2018-02-05,-3.776029,6967.52978515625,2018-02-05,-4.717061,1255.81005859375,2018-02-05,-3.630915,1491.0899658203125,2018-02-05,115.597925,37.31999969482422,2018-02-05,1.75787,2018-02-05,True
2018-02-07,0.914729,1.744092,2695.139892578125,2018-02-06,2.129163,7115.8798828125,2018-02-06,3.651028,1301.6600341796875,2018-02-06,1.078411,1507.1700439453125,2018-02-06,-19.667739,29.979999542236328,2018-02-06,0.301836,2018-02-06,True
2018-02-08,0.031812,-0.500159,2681.659912109375,2018-02-07,-0.89799,7051.97998046875,2018-02-07,-2.240219,1272.5,2018-02-07,0.053075,1507.969970703125,2018-02-07,-7.505003,27.729999542236328,2018-02-07,-1.284189,2018-02-07,True
2018-02-09,-1.135647,-3.753642,2581.0,2018-02-08,-3.897059,6777.16015625,2018-02-08,-4.231039,1218.6600341796875,2018-02-08,-2.929762,1463.7900390625,2018-02-08,20.66354,33.459999084472656,2018-02-08,0.941389,2018-02-08,True
2018-02-12,0.469864,1.493609,2619.550048828125,2018-02-09,1.436148,6874.490234375,2018-02-09,3.048432,1255.81005859375,2018-02-09,0.959832,1477.8399658203125,2018-02-09,-13.150029,29.059999465942383,2018-02-09,0.591135,2018-02-09,True
2018-02-13,0.688992,1.391458,2656.0,2018-02-12,1.563312,6981.9599609375,2018-02-12,1.857762,1279.1400146484375,2018-02-12,0.889137,1490.97998046875,2018-02-12,-11.871985,25.610000610351562,2018-02-12,-1.157989,2018-02-12,True
2018-02-14,0.636031,0.261293,2662.93994140625,2018-02-13,0.451876,7013.509765625,2018-02-13,-0.049252,1278.510009765625,2018-02-13,0.266266,1494.949951171875,2018-02-13,-2.499029,24.969999313354492,2018-02-13,-0.051706,2018-02-13,True
2018-02-19,1.349867,0.037347,2732.219970703125,2018-02-16,-0.233723,7239.47021484375,2018-02-16,-0.349976,1318.3199462890625,2018-02-16,0.413095,1543.550048828125,2018-02-16,1.725039,19.459999084472656,2018-02-16,-0.648598,2018-02-16,True
2018-02-20,-0.312305,0.037347,2732.219970703125,2018-02-16,-0.233723,7239.47021484375,2018-02-16,-0.349976,1318.3199462890625,2018-02-16,0.413095,1543.550048828125,2018-02-16,,,2018-02-19,0.240818,2018-02-19,False
2018-02-21,0.078989,-0.584139,2716.260009765625,2018-02-20,-0.071278,7234.31005859375,2018-02-20,1.76058,1341.530029296875,2018-02-20,-0.878498,1529.989990234375,2018-02-20,5.858178,20.600000381469727,2018-02-20,0.101344,2018-02-20,True
2018-02-22,-0.628634,-0.54965,2701.330078125,2018-02-21,-0.222275,7218.22998046875,2018-02-21,-1.20609,1325.3499755859375,2018-02-21,0.120914,1531.8399658203125,2018-02-21,-2.815534,20.020000457763672,2018-02-21,0.546548,2018-02-21,True
2018-02-23,0.395507,0.097355,2703.9599609375,2018-02-22,-0.112772,7210.08984375,2018-02-22,-0.245974,1322.0899658203125,2018-02-22,-0.120768,1529.989990234375,2018-02-22,-6.493512,18.719999313354492,2018-02-22,0.216304,2018-02-22,True
2018-02-26,0.451713,1.602838,2747.300048828125,2018-02-23,1.765585,7337.39013671875,2018-02-23,2.193497,1351.0899658203125,2018-02-23,1.254907,1549.18994140625,2018-02-23,-11.912391,16.489999771118164,2018-02-23,0.485642,2018-02-23,True
2018-02-27,0.528689,1.175702,2779.60009765625,2018-02-26,1.145773,7421.4599609375,2018-02-26,2.159742,1380.27001953125,2018-02-26,0.654537,1559.3299560546875,2018-02-26,-4.184352,15.800000190734863,2018-02-26,-0.470331,2018-02-26,True
2018-02-28,-0.34316,-1.270689,2744.280029296875,2018-02-27,-1.227654,7330.35009765625,2018-02-27,-0.402099,1374.719970703125,2018-02-27,-1.466013,1536.469970703125,2018-02-27,17.658227,18.59000015258789,2018-02-27,-0.493028,2018-02-27,True
2018-03-02,-0.930893,-1.33244,2677.669921875,2018-03-01,-1.271134,7180.56005859375,2018-03-01,-1.606438,1340.1400146484375,2018-03-01,-0.334552,1507.3900146484375,2018-03-01,13.198987,22.469999313354492,2018-03-01,0.55216,2018-03-01,True
2018-03-05,-0.144023,0.50716,2691.25,2018-03-02,1.076658,7257.8701171875,2018-03-02,1.763996,1363.780029296875,2018-03-02,1.710243,1533.1700439453125,2018-03-02,-12.817086,19.59000015258789,2018-03-02,-0.313265,2018-03-02,True
2018-03-06,0.891844,1.103203,2720.93994140625,2018-03-05,1.003598,7330.7099609375,2018-03-05,0.88577,1375.8599853515625,2018-03-05,0.84009,1546.050048828125,2018-03-05,-4.389998,18.729999542236328,2018-03-05,-0.253246,2018-03-05,True
2018-03-07,0.397393,0.263886,2728.1201171875,2018-03-06,0.563381,7372.009765625,2018-03-06,1.497971,1396.469970703125,2018-03-06,1.044591,1562.199951171875,2018-03-06,-1.975435,18.360000610351562,2018-03-06,-0.236277,2018-03-06,True
2018-03-08,0.730275,-0.048387,2726.800048828125,2018-03-07,0.334239,7396.64990234375,2018-03-07,0.286437,1400.469970703125,2018-03-07,0.789277,1574.530029296875,2018-03-07,-3.267976,17.760000228881836,2018-03-07,-1.253878,2018-03-07,True
2018-03-09,0.487192,0.446308,2738.969970703125,2018-03-08,0.423169,7427.9501953125,2018-03-08,0.112825,1402.050048828125,2018-03-08,-0.162592,1571.969970703125,2018-03-08,-6.869365,16.540000915527344,2018-03-08,0.281236,2018-03-08,True
2018-03-12,0.932256,1.737883,2786.570068359375,2018-03-09,1.788648,7560.81005859375,2018-03-09,2.076244,1431.1600341796875,2018-03-09,1.601178,1597.1400146484375,2018-03-09,-11.487306,14.640000343322754,2018-03-09,0.685639,2018-03-09,True
2018-03-13,-0.015401,-0.127399,2783.02001953125,2018-03-12,0.363847,7588.31982421875,2018-03-12,1.029933,1445.9000244140625,2018-03-12,0.245441,1601.06005859375,2018-03-12,7.786881,15.779999732971191,2018-03-12,-0.876596,2018-03-12,True
2018-03-14,-0.705197,-0.636358,2765.31005859375,2018-03-13,-1.018803,7511.009765625,2018-03-13,-1.551979,1423.4599609375,2018-03-13,-0.562753,1592.050048828125,2018-03-13,3.612171,16.350000381469727,2018-03-13,-0.017862,2018-03-13,True
2018-03-15,0.092053,-0.572452,2749.47998046875,2018-03-14,-0.189052,7496.81005859375,2018-03-14,0.002813,1423.5,2018-03-14,-0.486165,1584.31005859375,2018-03-14,5.382258,17.229999542236328,2018-03-14,0.238757,2018-03-14,True
2018-03-16,-0.091729,-0.078193,2747.330078125,2018-03-15,-0.201016,7481.740234375,2018-03-15,-0.10046,1422.0699462890625,2018-03-15,-0.485389,1576.6199951171875,2018-03-15,-3.714448,16.59000015258789,2018-03-15,-0.361025,2018-03-15,True
2018-03-19,-0.168479,0.170345,2752.010009765625,2018-03-16,0.003341,7481.990234375,2018-03-16,0.033057,1422.5400390625,2018-03-16,0.598118,1586.050048828125,2018-03-16,-4.761904,15.800000190734863,2018-03-16,0.583497,2018-03-16,True
2018-03-20,-0.555384,-1.42042,2712.919921875,2018-03-19,-1.841088,7344.240234375,2018-03-19,-1.948634,1394.8199462890625,2018-03-19,-0.976639,1570.56005859375,2018-03-19,20.379748,19.020000457763672,2018-03-19,0.136605,2018-03-19,True
2018-03-21,0.0,0.148181,2716.93994140625,2018-03-20,0.273133,7364.2998046875,2018-03-20,0.765694,1405.5,2018-03-20,-0.009552,1570.4100341796875,2018-03-20,-4.31125,18.200000762939453,2018-03-20,0.182214,2018-03-20,True
2018-03-22,0.092109,-0.184399,2711.929931640625,2018-03-21,-0.258134,7345.2900390625,2018-03-21,0.176448,1407.97998046875,2018-03-21,0.566095,1579.300048828125,2018-03-21,-1.868133,17.860000610351562,2018-03-21,-0.150163,2018-03-21,True
2018-03-23,-2.049243,-2.516289,2643.68994140625,2018-03-22,-2.431624,7166.68017578125,2018-03-22,-2.769926,1368.97998046875,2018-03-22,-2.243402,1543.8699951171875,2018-03-22,30.683087,23.34000015258789,2018-03-22,-0.61558,2018-03-22,True
2018-03-26,-0.253125,-2.096688,2588.260009765625,2018-03-23,-2.428045,6992.669921875,2018-03-23,-3.291497,1323.9200439453125,2018-03-23,-2.188658,1510.0799560546875,2018-03-23,6.555273,24.8700008392334,2018-03-23,0.243542,2018-03-25,True
2018-03-27,0.721455,2.715726,2658.550048828125,2018-03-26,3.2587,7220.5400390625,2018-03-26,4.243454,1380.0999755859375,2018-03-26,2.227698,1543.719970703125,2018-03-26,-15.44029,21.030000686645508,2018-03-26,-0.760254,2018-03-26,True
2018-03-28,-1.062002,-1.727631,2612.6201171875,2018-03-27,-2.932329,7008.81005859375,2018-03-27,-3.779439,1327.93994140625,2018-03-27,-1.953076,1513.5699462890625,2018-03-27,6.990011,22.5,2018-03-27,-0.01676,2018-03-27,True
2018-03-29,0.110689,-0.291666,2605.0,2018-03-28,-0.850074,6949.22998046875,2018-03-28,-2.117565,1299.8199462890625,2018-03-28,-0.035672,1513.030029296875,2018-03-28,1.644448,22.8700008392334,2018-03-28,-0.997092,2018-03-28,True
2018-03-30,0.737139,1.376972,2640.8701171875,2018-03-29,1.643638,7063.4501953125,2018-03-29,2.237239,1328.9000244140625,2018-03-29,1.083919,1529.4300537109375,2018-03-29,-12.680374,19.969999313354492,2018-03-29,-0.132596,2018-03-29,True
2018-04-02,0.203379,1.376972,2640.8701171875,2018-03-29,1.643638,7063.4501953125,2018-03-29,2.237239,1328.9000244140625,2018-03-29,1.083919,1529.4300537109375,2018-03-29,,,2018-03-30,-0.095104,2018-04-01,False
2018-04-03,-0.940881,-2.233742,2581.8798828125,2018-04-02,-2.737049,6870.1201171875,2018-04-02,-3.904734,1277.010009765625,2018-04-02,-2.412665,1492.530029296875,2018-04-02,18.277424,23.6200008392334,2018-04-02,-0.455231,2018-04-02,True
2018-04-04,0.125707,1.261487,2614.449951171875,2018-04-03,1.035785,6941.27978515625,2018-04-03,1.963959,1302.0899658203125,2018-04-03,1.314546,1512.1500244140625,2018-04-03,-10.668926,21.100000381469727,2018-04-03,-0.230084,2018-04-03,True
2018-04-05,0.702202,1.156648,2644.68994140625,2018-04-04,1.452615,7042.10986328125,2018-04-04,1.299453,1319.010009765625,2018-04-04,1.290217,1531.6600341796875,2018-04-04,-4.928914,20.059999465942383,2018-04-04,0.351141,2018-04-04,True
2018-04-06,-0.724067,0.686286,2662.840087890625,2018-04-05,0.489057,7076.5498046875,2018-04-05,-1.043966,1305.239990234375,2018-04-05,0.735804,1542.9300537109375,2018-04-05,-5.583245,18.940000534057617,2018-04-05,0.398131,2018-04-05,True
2018-04-09,-0.094907,-2.192025,2604.469970703125,2018-04-06,-2.281337,6915.10986328125,2018-04-06,-3.063804,1265.25,2018-04-06,-1.920373,1513.300048828125,2018-04-06,13.463565,21.489999771118164,2018-04-06,0.830785,2018-04-08,True
2018-04-10,-0.377003,0.333655,2613.159912109375,2018-04-09,0.509464,6950.33984375,2018-04-09,0.67576,1273.800048828125,2018-04-09,0.076648,1514.4599609375,2018-04-09,1.302935,21.770000457763672,2018-04-09,-0.157871,2018-04-09,True
2018-04-11,0.078468,1.672695,2656.8701171875,2018-04-10,2.071265,7094.2998046875,2018-04-10,3.198303,1314.5400390625,2018-04-10,1.912899,1543.4300537109375,2018-04-10,-5.971526,20.469999313354492,2018-04-10,-0.504319,2018-04-10,True
2018-04-12,0.346348,-0.552536,2642.18994140625,2018-04-11,-0.356202,7069.02978515625,2018-04-11,0.039559,1315.06005859375,2018-04-11,0.218345,1546.800048828125,2018-04-11,-1.123593,20.239999771118164,2018-04-11,0.222874,2018-04-11,True
2018-04-13,0.362148,0.825075,2663.989990234375,2018-04-12,1.007496,7140.25,2018-04-12,1.870635,1339.6600341796875,2018-04-12,0.680754,1557.3299560546875,2018-04-12,-8.646245,18.489999771118164,2018-04-12,0.396902,2018-04-12,True
2018-04-16,0.51619,-0.288663,2656.300048828125,2018-04-13,-0.470573,7106.64990234375,2018-04-13,-0.765867,1329.4000244140625,2018-04-13,-0.502138,1549.510009765625,2018-04-13,-5.840995,17.40999984741211,2018-04-13,0.063558,2018-04-15,True
2018-04-17,0.109409,0.810904,2677.840087890625,2018-04-16,0.698358,7156.27978515625,2018-04-16,0.234692,1332.52001953125,2018-04-16,0.872535,1563.030029296875,2018-04-16,-4.882254,16.559999465942383,2018-04-16,-0.106478,2018-04-16,True
2018-04-18,0.65738,1.06615,2706.389892578125,2018-04-17,1.744207,7281.10009765625,2018-04-17,1.89115,1357.719970703125,2018-04-17,1.072917,1579.800048828125,2018-04-17,-7.910625,15.25,2018-04-17,-0.32071,2018-04-17,True
2018-04-19,0.294118,0.083137,2708.639892578125,2018-04-18,0.194203,7295.240234375,2018-04-18,-1.026717,1343.780029296875,2018-04-18,0.238005,1583.56005859375,2018-04-18,2.295084,15.600000381469727,2018-04-18,-0.189479,2018-04-18,True
2018-04-20,-0.477217,-0.572612,2693.1298828125,2018-04-19,-0.783801,7238.06005859375,2018-04-19,-4.308743,1285.8800048828125,2018-04-19,-0.615077,1573.8199462890625,2018-04-19,2.30769,15.960000038146973,2018-04-19,0.203938,2018-04-19,True
2018-04-23,-0.23245,-0.853653,2670.139892578125,2018-04-20,-1.270094,7146.1298828125,2018-04-20,-1.170408,1270.8299560546875,2018-04-20,-0.616332,1564.1199951171875,2018-04-20,5.764406,16.8799991607666,2018-04-20,0.484886,2018-04-22,True
2018-04-24,0.170569,0.005623,2670.2900390625,2018-04-23,-0.245305,7128.60009765625,2018-04-23,-1.325903,1253.97998046875,2018-04-23,-0.127867,1562.1199951171875,2018-04-23,-3.199046,16.34000015258789,2018-04-23,0.818549,2018-04-23,True
2018-04-25,-0.7017,-1.338056,2634.56005859375,2018-04-24,-1.700895,7007.35009765625,2018-04-24,-0.822177,1243.6700439453125,2018-04-24,-0.565895,1553.280029296875,2018-04-24,10.28152,18.020000457763672,2018-04-24,-0.317545,2018-04-24,True
2018-04-26,0.345261,0.183706,2639.39990234375,2018-04-25,-0.051515,7003.740234375,2018-04-25,-0.119011,1242.18994140625,2018-04-25,-0.180911,1550.469970703125,2018-04-25,-0.998892,17.84000015258789,2018-04-25,0.410499,2018-04-25,True
2018-04-27,-0.433974,1.04342,2666.93994140625,2018-04-26,1.641122,7118.68017578125,2018-04-26,2.094689,1268.2099609375,2018-04-26,0.478567,1557.8900146484375,2018-04-26,-8.968612,16.239999771118164,2018-04-26,-0.405117,2018-04-26,True
2018-04-30,0.296042,0.111362,2669.909912109375,2018-04-27,0.015728,7119.7998046875,2018-04-27,-0.796396,1258.1099853515625,2018-04-27,-0.105914,1556.239990234375,2018-04-27,-5.110837,15.40999984741211,2018-04-27,-0.853468,2018-04-29,True
2018-05-02,-0.356037,0.254905,2654.800048828125,2018-05-01,0.911799,7130.7001953125,2018-05-01,1.730948,1265.93994140625,2018-05-01,0.548029,1550.3299560546875,2018-05-01,-2.762087,15.489999771118164,2018-05-01,0.28707,2018-05-01,True
2018-05-03,-0.327409,-0.720586,2635.669921875,2018-05-02,-0.417915,7100.89990234375,2018-05-02,-0.515024,1259.4200439453125,2018-05-02,0.295426,1554.9100341796875,2018-05-02,3.098777,15.970000267028809,2018-05-02,0.586473,2018-05-02,True
2018-05-04,-0.078223,-0.225367,2629.72998046875,2018-05-03,-0.179555,7088.14990234375,2018-05-03,0.636793,1267.43994140625,2018-05-03,-0.537007,1546.56005859375,2018-05-03,-0.438326,15.899999618530273,2018-05-03,-0.434744,2018-05-03,True
2018-05-08,0.473111,0.345795,2672.6298828125,2018-05-07,0.771051,7265.2099609375,2018-05-07,0.906125,1308.47998046875,2018-05-07,0.852707,1578.949951171875,2018-05-07,-0.135413,14.75,2018-05-07,0.471436,2018-05-07,True
2018-05-09,0.015843,-0.026564,2671.919921875,2018-05-08,0.023261,7266.89990234375,2018-05-08,0.729093,1318.02001953125,2018-05-08,0.471203,1586.3900146484375,2018-05-08,-0.271186,14.710000038146973,2018-05-08,-0.076963,2018-05-08,True
2018-05-10,0.540455,0.968222,2697.7900390625,2018-05-09,1.004696,7339.91015625,2018-05-09,1.415763,1336.6800537109375,2018-05-09,0.608932,1596.050048828125,2018-05-09,-8.769544,13.420000076293945,2018-05-09,0.03897,2018-05-09,True
2018-05-11,0.442059,0.937064,2723.070068359375,2018-05-10,0.886388,7404.97021484375,2018-05-10,1.79848,1360.719970703125,2018-05-10,0.479929,1603.7099609375,2018-05-10,-1.415801,13.229999542236328,2018-05-10,-1.262545,2018-05-10,True
2018-05-14,0.251059,0.17076,2727.719970703125,2018-05-11,-0.028229,7402.8798828125,2018-05-11,-0.754013,1350.4599609375,2018-05-11,0.19206,1606.7900390625,2018-05-11,-4.383975,12.649999618530273,2018-05-11,0.14844,2018-05-13,True
2018-05-15,-0.062893,0.088349,2730.1298828125,2018-05-14,0.114009,7411.31982421875,2018-05-14,1.261795,1367.5,2018-05-14,-0.401426,1600.3399658203125,2018-05-14,2.213444,12.930000305175781,2018-05-14,0.301148,2018-05-14,True
2018-05-16,-0.333228,-0.684214,2711.449951171875,2018-05-15,-0.805389,7351.6298828125,2018-05-15,-1.199271,1351.0999755859375,2018-05-15,0.0,1600.3399658203125,2018-05-15,13.147717,14.630000114440918,2018-05-15,0.90725,2018-05-15,True
2018-05-17,0.300538,0.406056,2722.4599609375,2018-05-16,0.634824,7398.2998046875,2018-05-16,1.406262,1370.0999755859375,2018-05-16,1.001664,1616.3699951171875,2018-05-16,-8.270677,13.420000076293945,2018-05-16,-0.219676,2018-05-16,True
2018-05-18,0.190506,-0.085587,2720.1298828125,2018-05-17,-0.213963,7382.47021484375,2018-05-17,-0.381723,1364.8699951171875,2018-05-17,0.551857,1625.2900390625,2018-05-17,0.074517,13.430000305175781,2018-05-17,0.410598,2018-05-17,True
2018-05-21,0.221554,-0.263219,2712.969970703125,2018-05-18,-0.381043,7354.33984375,2018-05-18,-1.441166,1345.199951171875,2018-05-18,0.082445,1626.6300048828125,2018-05-18,-0.074462,13.420000076293945,2018-05-18,-0.037008,2018-05-20,True
2018-05-23,-0.047401,-0.313576,2724.43994140625,2018-05-22,-0.210711,7378.4599609375,2018-05-22,0.561302,1366.969970703125,2018-05-22,-0.745063,1625.239990234375,2018-05-22,1.070339,13.220000267028809,2018-05-22,-0.214588,2018-05-22,True
2018-05-24,0.204018,0.324841,2733.2900390625,2018-05-23,0.643766,7425.9599609375,2018-05-23,0.510617,1373.949951171875,2018-05-23,0.145824,1627.6099853515625,2018-05-23,-4.841152,12.579999923706055,2018-05-23,0.054933,2018-05-23,True
2018-05-25,-0.456549,-0.202321,2727.760009765625,2018-05-24,-0.020601,7424.43017578125,2018-05-24,0.347176,1378.719970703125,2018-05-24,0.037477,1628.219970703125,2018-05-24,-0.397458,12.529999732971191,2018-05-24,0.413098,2018-05-24,True
2018-05-28,0.424395,-0.235722,2721.330078125,2018-05-25,0.126877,7433.85009765625,2018-05-25,0.879076,1390.8399658203125,2018-05-25,-0.079223,1626.9300537109375,2018-05-25,5.506788,13.220000267028809,2018-05-25,-0.517031,2018-05-27,True
2018-05-29,-0.140867,-0.235722,2721.330078125,2018-05-25,0.126877,7433.85009765625,2018-05-25,0.879076,1390.8399658203125,2018-05-25,-0.079223,1626.9300537109375,2018-05-25,,,2018-05-28,-0.044705,2018-05-28,False
2018-05-30,-0.42654,-1.156419,2689.860107421875,2018-05-29,-0.501224,7396.58984375,2018-05-29,-0.713232,1380.9200439453125,2018-05-29,-0.201609,1623.6500244140625,2018-05-29,28.744328,17.020000457763672,2018-05-29,1.002638,2018-05-29,True
2018-05-31,0.468119,1.269579,2724.010009765625,2018-05-30,0.890415,7462.4501953125,2018-05-30,0.651015,1389.9100341796875,2018-05-30,1.499089,1647.989990234375,2018-05-30,-12.220921,14.9399995803833,2018-05-30,-0.821088,2018-05-30,True
2018-06-01,0.064309,-0.687956,2705.27001953125,2018-05-31,-0.272432,7442.1201171875,2018-05-31,-0.784945,1379.0,2018-05-31,-0.872578,1633.6099853515625,2018-05-31,3.279791,15.430000305175781,2018-05-31,0.457654,2018-05-31,True
2018-06-04,0.159795,1.084923,2734.6201171875,2018-06-01,1.507769,7554.330078125,2018-06-01,2.343006,1411.31005859375,2018-06-01,0.879647,1647.97998046875,2018-06-01,-12.767338,13.460000038146973,2018-06-01,-0.888001,2018-06-03,True
2018-06-05,0.047687,0.44796,2746.8701171875,2018-06-04,0.690066,7606.4599609375,2018-06-04,0.804925,1422.6700439453125,2018-06-04,0.327068,1653.3699951171875,2018-06-04,-5.349185,12.739999771118164,2018-06-04,0.015887,2018-06-04,True
2018-06-07,0.475813,0.856739,2772.35009765625,2018-06-06,0.672706,7689.240234375,2018-06-06,0.660124,1437.93994140625,2018-06-06,0.680028,1675.949951171875,2018-06-06,-6.129027,11.640000343322754,2018-06-06,-0.480245,2018-06-06,True
2018-06-08,-0.157233,-0.071419,2770.3701171875,2018-06-07,-0.704496,7635.06982421875,2018-06-07,-0.945796,1424.3399658203125,2018-06-07,-0.488077,1667.77001953125,2018-06-07,4.20962,12.130000114440918,2018-06-07,0.580194,2018-06-07,True
2018-06-11,0.174659,0.31259,2779.030029296875,2018-06-08,0.136737,7645.509765625,2018-06-08,-0.846001,1412.2900390625,2018-06-08,0.283011,1672.489990234375,2018-06-08,0.412203,12.180000305175781,2018-06-08,0.123218,2018-06-10,True
2018-06-12,0.204628,0.106871,2782.0,2018-06-11,0.188613,7659.93017578125,2018-06-11,-0.233667,1408.989990234375,2018-06-11,0.130946,1674.6800537109375,2018-06-11,1.395731,12.350000381469727,2018-06-11,0.347735,2018-06-11,True
2018-06-14,-0.661939,-0.402613,2775.6298828125,2018-06-13,-0.105011,7695.7001953125,2018-06-13,-0.133441,1414.47998046875,2018-06-13,-0.342389,1676.5400390625,2018-06-13,4.862232,12.9399995803833,2018-06-13,0.504976,2018-06-13,True
2018-06-15,0.224755,0.247155,2782.489990234375,2018-06-14,0.849044,7761.0400390625,2018-06-14,0.610826,1423.1199951171875,2018-06-14,0.487906,1684.719970703125,2018-06-14,-6.336938,12.119999885559082,2018-06-14,0.559608,2018-06-14,True
2018-06-18,-0.032268,-0.10171,2779.659912109375,2018-06-15,-0.188894,7746.3798828125,2018-06-15,-0.075887,1422.0400390625,2018-06-15,-0.048075,1683.9100341796875,2018-06-15,-1.155118,11.979999542236328,2018-06-15,1.196396,2018-06-17,True
2018-06-19,-0.21228,-0.212613,2773.75,2018-06-18,0.00839,7747.02978515625,2018-06-18,-0.993643,1407.9100341796875,2018-06-18,0.507742,1692.4599609375,2018-06-18,2.754598,12.3100004196167,2018-06-18,0.03081,2018-06-18,True
2018-06-20,0.314309,-0.40234,2762.590087890625,2018-06-19,-0.27675,7725.58984375,2018-06-19,-1.159881,1391.5799560546875,2018-06-19,0.058494,1693.449951171875,2018-06-19,8.448415,13.350000381469727,2018-06-19,0.63034,2018-06-19,True
2018-06-21,-0.082129,0.171215,2767.320068359375,2018-06-20,0.723827,7781.509765625,2018-06-20,0.504464,1398.5999755859375,2018-06-20,0.799554,1706.989990234375,2018-06-20,-4.19476,12.789999961853027,2018-06-20,-0.306,2018-06-20,True
2018-06-22,-0.927767,-0.634551,2749.760009765625,2018-06-21,-0.881057,7712.9501953125,2018-06-21,-1.257684,1381.010009765625,2018-06-21,-1.056833,1688.949951171875,2018-06-21,14.464428,14.640000343322754,2018-06-21,0.172429,2018-06-21,True
2018-06-25,-0.263071,0.186193,2754.8798828125,2018-06-22,-0.260994,7692.81982421875,2018-06-22,-0.724833,1371.0,2018-06-22,-0.199532,1685.5799560546875,2018-06-22,-5.942622,13.770000457763672,2018-06-22,0.08111,2018-06-24,True
2018-06-26,-0.904754,-1.372467,2717.070068359375,2018-06-25,-2.090392,7532.009765625,2018-06-25,-3.133476,1328.0400390625,2018-06-25,-1.665299,1657.510009765625,2018-06-25,25.8533,17.329999923706055,2018-06-25,0.315165,2018-06-25,True
2018-06-27,-0.279974,0.220458,2723.06005859375,2018-06-26,0.393256,7561.6298828125,2018-06-26,0.403601,1333.4000244140625,2018-06-26,0.664854,1668.530029296875,2018-06-26,-8.136179,15.920000076293945,2018-06-26,0.320453,2018-06-26,True
2018-06-28,-0.31405,-0.860436,2699.6298828125,2018-06-27,-1.541332,7445.080078125,2018-06-27,-2.466628,1300.510009765625,2018-06-27,-1.682923,1640.449951171875,2018-06-27,12.499999,17.90999984741211,2018-06-27,0.463498,2018-06-27,True
2018-06-29,0.116744,0.617869,2716.31005859375,2018-06-28,0.787098,7503.68017578125,2018-06-28,0.855818,1311.6400146484375,2018-06-28,0.278586,1645.02001953125,2018-06-28,-5.918478,16.850000381469727,2018-06-28,-0.199504,2018-06-28,True
2018-07-02,-0.166417,0.07584,2718.3701171875,2018-06-29,0.088218,7510.2998046875,2018-06-29,0.15705,1313.699951171875,2018-06-29,-0.118544,1643.0699462890625,2018-06-29,-4.510387,16.09000015258789,2018-06-29,-0.538136,2018-07-01,True
2018-07-03,0.561702,0.306796,2726.7099609375,2018-07-02,0.764152,7567.68994140625,2018-07-02,0.617349,1321.81005859375,2018-07-02,0.731559,1655.0899658203125,2018-07-02,-3.045368,15.600000381469727,2018-07-02,0.328399,2018-07-02,True
2018-07-04,0.050994,-0.494735,2713.219970703125,2018-07-03,-0.859179,7502.669921875,2018-07-03,-1.823265,1297.7099609375,2018-07-03,0.322042,1660.4200439453125,2018-07-03,3.461532,16.139999389648438,2018-07-03,-0.431963,2018-07-03,True
2018-07-05,0.0,-0.494735,2713.219970703125,2018-07-03,-0.859179,7502.669921875,2018-07-03,-1.823265,1297.7099609375,2018-07-03,0.322042,1660.4200439453125,2018-07-03,,,2018-07-04,0.087134,2018-07-04,False
2018-07-06,-0.034176,0.86208,2736.610107421875,2018-07-05,1.116406,7586.43017578125,2018-07-05,2.716323,1332.9599609375,2018-07-05,1.147898,1679.47998046875,2018-07-05,-7.249065,14.970000267028809,2018-07-05,0.309604,2018-07-05,True
2018-07-09,-0.033933,0.848128,2759.820068359375,2018-07-06,1.343978,7688.39013671875,2018-07-06,1.217589,1349.18994140625,2018-07-06,0.867535,1694.050048828125,2018-07-06,-10.688045,13.369999885559082,2018-07-06,-0.367698,2018-07-08,True
2018-07-10,0.404176,0.882299,2784.169921875,2018-07-09,0.88198,7756.2001953125,2018-07-09,0.655214,1358.030029296875,2018-07-09,0.622764,1704.5999755859375,2018-07-09,-5.086016,12.6899995803833,2018-07-09,-0.105064,2018-07-09,True
2018-07-11,-0.723175,0.347327,2793.840087890625,2018-07-10,0.038679,7759.2001953125,2018-07-10,1.047103,1372.25,2018-07-10,-0.526809,1695.6199951171875,2018-07-10,-0.394005,12.640000343322754,2018-07-10,0.007198,2018-07-10,True
2018-07-12,0.186062,-0.70942,2774.02001953125,2018-07-11,-0.548901,7716.60986328125,2018-07-11,-2.58991,1336.7099609375,2018-07-11,-0.705344,1683.6600341796875,2018-07-11,7.832276,13.630000114440918,2018-07-11,1.313186,2018-07-11,True
2018-07-13,0.151771,0.874904,2798.2900390625,2018-07-12,1.390637,7823.919921875,2018-07-12,0.709951,1346.199951171875,2018-07-12,0.393191,1690.280029296875,2018-07-12,-7.703596,12.579999923706055,2018-07-12,-0.401006,2018-07-12,True
2018-07-16,0.100184,0.107924,2801.31005859375,2018-07-13,0.02633,7825.97998046875,2018-07-13,-0.3989,1340.8299560546875,2018-07-13,-0.189322,1687.0799560546875,2018-07-13,-3.179647,12.180000305175781,2018-07-13,0.641335,2018-07-15,True
2018-07-17,0.016748,-0.102814,2798.429931640625,2018-07-16,-0.258878,7805.72021484375,2018-07-16,-0.118581,1339.239990234375,2018-07-16,-0.506195,1678.5400390625,2018-07-16,5.336614,12.829999923706055,2018-07-16,-0.261092,2018-07-16,True
2018-07-18,0.519785,0.39737,2809.550048828125,2018-07-17,0.632868,7855.1201171875,2018-07-17,1.474717,1358.989990234375,2018-07-17,0.519497,1687.260009765625,2018-07-17,-6.001555,12.0600004196167,2018-07-17,-0.119796,2018-07-17,True
2018-07-19,0.352941,0.216051,2815.6201171875,2018-07-18,-0.008659,7854.43994140625,2018-07-18,0.770423,1369.4599609375,2018-07-18,0.273223,1691.8699951171875,2018-07-18,0.331675,12.100000381469727,2018-07-18,0.492196,2018-07-18,True
2018-07-20,0.101112,-0.395299,2804.489990234375,2018-07-19,-0.371002,7825.2998046875,2018-07-19,-0.265799,1365.8199462890625,2018-07-19,0.557966,1701.31005859375,2018-07-19,6.363632,12.869999885559082,2018-07-19,0.299712,2018-07-19,True
2018-07-23,-0.05031,-0.094845,2801.830078125,2018-07-20,-0.065168,7820.2001953125,2018-07-20,-0.485423,1359.18994140625,2018-07-20,-0.264502,1696.81005859375,2018-07-20,-0.077702,12.859999656677246,2018-07-20,-0.645225,2018-07-22,True
2018-07-24,0.185968,0.183805,2806.97998046875,2018-07-23,0.277102,7841.8701171875,2018-07-23,0.16113,1361.3800048828125,2018-07-23,0.094293,1698.4100341796875,2018-07-23,-1.86625,12.619999885559082,2018-07-23,0.469314,2018-07-23,True
2018-07-25,0.219113,0.478091,2820.39990234375,2018-07-24,-0.014029,7840.77001953125,2018-07-24,-1.087136,1346.5799560546875,2018-07-24,-1.072184,1680.199951171875,2018-07-24,-1.664026,12.40999984741211,2018-07-24,-0.394717,2018-07-24,True
2018-07-26,0.57413,0.910161,2846.070068359375,2018-07-25,1.166597,7932.240234375,2018-07-25,0.487908,1353.1500244140625,2018-07-25,0.297584,1685.199951171875,2018-07-25,-0.966961,12.289999961853027,2018-07-25,-1.084237,2018-07-25,True
2018-07-27,0.134183,-0.30323,2837.43994140625,2018-07-26,-1.009299,7852.18017578125,2018-07-26,1.867496,1378.4200439453125,2018-07-26,0.602898,1695.3599853515625,2018-07-26,-1.220501,12.140000343322754,2018-07-26,0.663233,2018-07-26,True
2018-07-30,-0.48495,-0.656221,2818.820068359375,2018-07-27,-1.461508,7737.419921875,2018-07-27,-0.448343,1372.239990234375,2018-07-27,-1.888686,1663.3399658203125,2018-07-27,7.331132,13.029999732971191,2018-07-27,-0.761256,2018-07-29,True
2018-07-31,0.033597,-0.575417,2802.60009765625,2018-07-30,-1.388317,7630.0,2018-07-30,-0.996905,1358.56005859375,2018-07-30,-0.613823,1653.1300048828125,2018-07-30,9.439758,14.260000228881836,2018-07-30,0.185723,2018-07-30,True
2018-08-01,0.201309,0.488473,2816.2900390625,2018-07-31,0.547707,7671.7900390625,2018-07-31,0.655835,1367.469970703125,2018-07-31,1.068884,1670.800048828125,2018-07-31,-10.028052,12.829999923706055,2018-07-31,-0.400306,2018-07-31,True
2018-08-02,-0.016717,-0.104035,2813.360107421875,2018-08-01,0.462734,7707.2900390625,2018-08-01,-0.17258,1365.1099853515625,2018-08-01,-0.092174,1669.260009765625,2018-08-01,2.494152,13.149999618530273,2018-08-01,0.575438,2018-08-01,True
2018-08-03,0.306383,0.492644,2827.219970703125,2018-08-02,1.237788,7802.68994140625,2018-08-02,1.005045,1378.8299560546875,2018-08-02,0.769201,1682.0999755859375,2018-08-02,-7.300381,12.1899995803833,2018-08-02,0.85375,2018-08-02,True
2018-08-06,0.084445,0.464418,2840.35009765625,2018-08-03,0.119444,7812.009765625,2018-08-03,0.2038,1381.6400146484375,2018-08-03,-0.518993,1673.3699951171875,2018-08-03,-4.511889,11.640000343322754,2018-08-03,-0.465364,2018-08-05,True
2018-08-07,0.186062,0.353823,2850.39990234375,2018-08-06,0.61022,7859.68017578125,2018-08-06,0.54862,1389.219970703125,2018-08-06,0.653774,1684.31005859375,2018-08-06,-3.178693,11.270000457763672,2018-08-06,0.222638,2018-08-06,True
2018-08-08,0.252016,0.282418,2858.449951171875,2018-08-07,0.305101,7883.66015625,2018-08-07,0.775977,1400.0,2018-08-07,0.236892,1688.300048828125,2018-08-07,-3.01686,10.930000305175781,2018-08-07,-0.813046,2018-08-07,True
2018-08-09,0.0,-0.026238,2857.699951171875,2018-08-08,0.059235,7888.330078125,2018-08-08,0.269287,1403.77001953125,2018-08-08,-0.084111,1686.8800048828125,2018-08-08,-0.73193,10.850000381469727,2018-08-08,-0.02688,2018-08-08,True
2018-08-10,-0.201681,-0.144167,2853.580078125,2018-08-09,0.043732,7891.77978515625,2018-08-09,-1.04789,1389.06005859375,2018-08-09,0.237718,1690.8900146484375,2018-08-09,3.870968,11.270000457763672,2018-08-09,0.532288,2018-08-09,True
2018-08-13,-0.696686,-0.711389,2833.280029296875,2018-08-10,-0.667402,7839.10986328125,2018-08-10,-2.466417,1354.800048828125,2018-08-10,-0.241882,1686.800048828125,2018-08-10,16.77018,13.15999984741211,2018-08-10,0.80311,2018-08-12,True
2018-08-14,0.051662,-0.400599,2821.929931640625,2018-08-13,-0.247476,7819.7099609375,2018-08-13,0.143929,1356.75,2018-08-13,-0.680585,1675.3199462890625,2018-08-13,12.31003,14.779999732971191,2018-08-13,0.448311,2018-08-13,True
2018-08-16,-1.217212,-0.760216,2818.3701171875,2018-08-15,-1.229467,7774.1201171875,2018-08-15,-1.427418,1334.8599853515625,2018-08-15,-1.294468,1670.6700439453125,2018-08-15,9.992486,14.640000343322754,2018-08-15,0.854671,2018-08-15,True
2018-08-17,0.051939,0.791941,2840.68994140625,2018-08-16,0.416766,7806.52001953125,2018-08-16,-0.1326,1333.0899658203125,2018-08-16,0.902629,1685.75,2018-08-16,-8.128419,13.449999809265137,2018-08-16,-0.892308,2018-08-16,True
2018-08-20,0.432676,0.332312,2850.1298828125,2018-08-17,0.125665,7816.330078125,2018-08-17,-0.726127,1323.4100341796875,2018-08-17,0.427107,1692.949951171875,2018-08-17,-6.022301,12.640000343322754,2018-08-17,-0.687242,2018-08-19,True
2018-08-21,-0.017292,0.242802,2857.050048828125,2018-08-20,0.059871,7821.009765625,2018-08-20,-0.098991,1322.0999755859375,2018-08-20,0.339053,1698.68994140625,2018-08-20,-1.186713,12.489999771118164,2018-08-20,-0.144836,2018-08-20,True
2018-08-22,0.102634,0.206854,2862.9599609375,2018-08-21,0.487919,7859.169921875,2018-08-21,1.980187,1348.280029296875,2018-08-21,1.139708,1718.050048828125,2018-08-21,2.962369,12.859999656677246,2018-08-21,-0.06984,2018-08-21,True
2018-08-23,0.477246,-0.039815,2861.820068359375,2018-08-22,0.380831,7889.10009765625,2018-08-22,0.463554,1354.530029296875,2018-08-22,0.261342,1722.5400390625,2018-08-22,-4.743388,12.25,2018-08-22,0.125439,2018-08-22,True
2018-08-24,-0.16975,-0.169126,2856.97998046875,2018-08-23,-0.134871,7878.4599609375,2018-08-23,0.11812,1356.1300048828125,2018-08-23,-0.318715,1717.050048828125,2018-08-23,1.306121,12.40999984741211,2018-08-23,0.774051,2018-08-23,True
2018-08-27,0.371999,0.619884,2874.68994140625,2018-08-24,0.857021,7945.97998046875,2018-08-24,1.45635,1375.8800048828125,2018-08-24,0.502024,1725.6700439453125,2018-08-24,-3.384368,11.989999771118164,2018-08-24,-1.330194,2018-08-26,True
2018-08-28,0.471063,0.767041,2896.739990234375,2018-08-27,0.905111,8017.89990234375,2018-08-27,1.568448,1397.4599609375,2018-08-27,0.158778,1728.4100341796875,2018-08-27,1.417849,12.15999984741211,2018-08-27,-0.264592,2018-08-27,True
2018-08-29,0.134499,0.026928,2897.52001953125,2018-08-28,0.151413,8030.0400390625,2018-08-28,0.392855,1402.949951171875,2018-08-28,0.000579,1728.4200439453125,2018-08-28,2.796054,12.5,2018-08-28,-0.121814,2018-08-28,True
2018-08-30,0.15088,0.570143,2914.0400390625,2018-08-29,0.991899,8109.68994140625,2018-08-29,0.244489,1406.3800048828125,2018-08-29,0.366228,1734.75,2018-08-29,-2.0,12.25,2018-08-29,0.141835,2018-08-29,True
2018-08-31,-0.435657,-0.443033,2901.1298828125,2018-08-30,-0.26302,8088.35986328125,2018-08-30,-0.939288,1393.1700439453125,2018-08-30,-0.13835,1732.3499755859375,2018-08-30,10.448977,13.529999732971191,2018-08-30,0.631513,2018-08-30,True
2018-09-03,-0.050067,0.013448,2901.52001953125,2018-08-31,0.26186,8109.5400390625,2018-08-31,0.576377,1401.199951171875,2018-08-31,0.484892,1740.75,2018-08-31,-4.951959,12.859999656677246,2018-08-31,-0.057366,2018-09-02,True
2018-09-04,0.033574,0.013448,2901.52001953125,2018-08-31,0.26186,8109.5400390625,2018-08-31,0.576377,1401.199951171875,2018-08-31,0.484892,1740.75,2018-08-31,,,2018-09-03,-0.117514,2018-09-03,False
2018-09-05,-0.33428,-0.165432,2896.719970703125,2018-09-04,-0.225537,8091.25,2018-09-04,0.694412,1410.9300537109375,2018-09-04,-0.42338,1733.3800048828125,2018-09-04,2.332816,13.15999984741211,2018-09-04,0.700498,2018-09-04,True
2018-09-06,-0.237047,-0.280313,2888.60009765625,2018-09-05,-1.187457,7995.169921875,2018-09-05,-0.503931,1403.8199462890625,2018-09-05,-0.330567,1727.6500244140625,2018-09-05,5.699088,13.90999984741211,2018-09-05,-0.28539,2018-09-05,True
2018-09-07,-0.746142,-0.365231,2878.050048828125,2018-09-06,-0.906046,7922.72998046875,2018-09-06,-2.669144,1366.3499755859375,2018-09-06,-0.762889,1714.469970703125,2018-09-06,5.319912,14.649999618530273,2018-09-06,0.590285,2018-09-06,True
2018-09-10,-0.034106,-0.221334,2871.679931640625,2018-09-07,-0.254836,7902.5400390625,2018-09-07,-0.408384,1360.77001953125,2018-09-07,-0.075237,1713.1800537109375,2018-09-07,1.569969,14.880000114440918,2018-09-07,0.191164,2018-09-09,True
2018-09-11,-0.068062,0.189783,2877.1298828125,2018-09-10,0.273584,7924.16015625,2018-09-10,1.10011,1375.739990234375,2018-09-10,0.250407,1717.469970703125,2018-09-10,-4.838711,14.15999984741211,2018-09-10,0.880334,2018-09-10,True
2018-09-12,0.102424,0.373984,2887.889892578125,2018-09-11,0.609655,7972.47021484375,2018-09-11,-1.006729,1361.8900146484375,2018-09-11,0.054153,1718.4000244140625,2018-09-11,-6.638415,13.220000267028809,2018-09-11,-1.008997,2018-09-11,True
2018-09-13,0.068353,0.035667,2888.919921875,2018-09-12,-0.22879,7954.22998046875,2018-09-12,-1.165292,1346.02001953125,2018-09-12,-0.157127,1715.699951171875,2018-09-12,-0.605143,13.140000343322754,2018-09-12,0.039985,2018-09-12,True
2018-09-14,0.648464,0.528225,2904.179931640625,2018-09-13,0.747778,8013.7099609375,2018-09-13,1.202057,1362.199951171875,2018-09-13,-0.080434,1714.3199462890625,2018-09-13,-5.859973,12.369999885559082,2018-09-13,-0.46191,2018-09-13,True
2018-09-17,-0.302369,0.027548,2904.97998046875,2018-09-14,-0.045796,8010.0400390625,2018-09-14,1.109243,1377.31005859375,2018-09-14,0.431659,1721.719970703125,2018-09-14,-2.425224,12.069999694824219,2018-09-14,0.031232,2018-09-16,True
2018-09-18,-0.660345,-0.556972,2888.800048828125,2018-09-17,-1.426335,7895.7900390625,2018-09-17,-1.439769,1357.47998046875,2018-09-17,-1.055335,1703.550048828125,2018-09-17,13.338862,13.680000305175781,2018-09-17,0.421088,2018-09-17,True
2018-09-19,0.472016,0.536901,2904.31005859375,2018-09-18,0.763949,7956.10986328125,2018-09-18,0.839056,1368.8699951171875,2018-09-18,0.435556,1710.969970703125,2018-09-18,-6.50585,12.789999961853027,2018-09-18,-0.428204,2018-09-18,True
2018-09-20,0.33687,0.125327,2907.949951171875,2018-09-19,-0.076291,7950.0400390625,2018-09-19,0.205283,1371.6800537109375,2018-09-19,-0.469904,1702.9300537109375,2018-09-19,-8.131352,11.75,2018-09-19,0.129368,2018-09-19,True
2018-09-21,0.283664,0.784059,2930.75,2018-09-20,0.983516,8028.22998046875,2018-09-20,1.165723,1387.6700439453125,2018-09-20,1.01296,1720.1800537109375,2018-09-20,0.425534,11.800000190734863,2018-09-20,-0.521272,2018-09-20,True
2018-09-27,-0.199435,-0.328928,2905.969970703125,2018-09-26,-0.213552,7990.3701171875,2018-09-26,-0.950306,1351.8499755859375,2018-09-26,-1.006553,1691.6099853515625,2018-09-26,3.784221,12.890000343322754,2018-09-26,-0.14876,2018-09-26,True
2018-09-28,0.131948,0.276329,2914.0,2018-09-27,0.645779,8041.97021484375,2018-09-27,0.445317,1357.8699951171875,2018-09-27,-0.063842,1690.530029296875,2018-09-27,-3.723821,12.40999984741211,2018-09-27,-0.166939,2018-09-27,True
2018-10-01,0.165975,-0.000687,2913.97998046875,2018-09-28,0.054463,8046.35009765625,2018-09-28,0.653229,1366.739990234375,2018-09-28,0.357279,1696.5699462890625,2018-09-28,-2.336825,12.119999885559082,2018-09-28,-0.296684,2018-09-30,True
2018-10-02,-0.083001,0.364111,2924.590087890625,2018-10-01,-0.112477,8037.2998046875,2018-10-01,0.270714,1370.43994140625,2018-10-01,-1.389861,1672.989990234375,2018-10-01,-0.990098,12.0,2018-10-01,0.292152,2018-10-01,True
2018-10-04,0.134431,0.071152,2925.510009765625,2018-10-03,0.319268,8025.08984375,2018-10-03,0.11161,1372.4000244140625,2018-10-03,0.920871,1671.2900390625,2018-10-03,-3.651457,11.609999656677246,2018-10-03,0.708729,2018-10-03,True
2018-10-05,-0.15361,-0.816948,2901.610107421875,2018-10-04,-1.814062,7879.509765625,2018-10-04,-1.839113,1347.1600341796875,2018-10-04,-1.458754,1646.9100341796875,2018-10-04,22.480626,14.220000267028809,2018-10-04,0.664639,2018-10-04,True
2018-10-08,-0.461538,-0.552798,2885.570068359375,2018-10-05,-1.15565,7788.4501953125,2018-10-05,-2.324896,1315.8399658203125,2018-10-05,-0.898656,1632.1099853515625,2018-10-05,4.219405,14.819999694824219,2018-10-05,-0.158889,2018-10-07,True
2018-10-10,0.171792,-0.14179,2880.340087890625,2018-10-09,0.026756,7738.02001953125,2018-10-09,-0.065332,1300.1500244140625,2018-10-09,-0.469465,1621.8699951171875,2018-10-09,1.657108,15.949999809265137,2018-10-09,-0.07059,2018-10-09,True
2018-10-11,-2.490057,-3.286423,2785.679931640625,2018-10-10,-4.083347,7422.0498046875,2018-10-10,-4.464873,1242.0999755859375,2018-10-10,-2.864592,1575.4100341796875,2018-10-10,43.949839,22.959999084472656,2018-10-10,0.922814,2018-10-10,True
2018-10-12,-0.054113,-2.057301,2728.3701171875,2018-10-11,-1.252885,7329.06005859375,2018-10-11,-1.025682,1229.3599853515625,2018-10-11,-1.906172,1545.3800048828125,2018-10-11,8.797912,24.979999542236328,2018-10-11,-0.748123,2018-10-11,True
2018-10-15,-0.267953,1.42062,2767.1298828125,2018-10-12,2.289926,7496.89013671875,2018-10-12,1.970128,1253.5799560546875,2018-10-12,0.084125,1546.6800537109375,2018-10-12,-14.691754,21.309999465942383,2018-10-12,-0.274187,2018-10-14,True
2018-10-16,0.431112,-0.590498,2750.7900390625,2018-10-15,-0.882365,7430.740234375,2018-10-15,-0.938114,1241.8199462890625,2018-10-15,0.41443,1553.0899658203125,2018-10-15,-0.046927,21.299999237060547,2018-10-15,0.351851,2018-10-15,True
2018-10-17,1.224784,2.14956,2809.919921875,2018-10-16,2.890022,7645.490234375,2018-10-16,3.312075,1282.949951171875,2018-10-16,2.816965,1596.8399658203125,2018-10-16,-17.276988,17.6200008392334,2018-10-16,-1.146966,2018-10-16,True
2018-10-18,-0.355619,-0.025266,2809.2099609375,2018-10-17,-0.036493,7642.7001953125,2018-10-17,-0.439603,1277.31005859375,2018-10-17,-0.453395,1589.5999755859375,2018-10-17,-1.248588,17.399999618530273,2018-10-17,0.441113,2018-10-17,True
2018-10-19,-0.753498,-1.439192,2768.780029296875,2018-10-18,-2.061576,7485.14013671875,2018-10-18,-2.506049,1245.300048828125,2018-10-18,-1.81492,1560.75,2018-10-18,15.287356,20.059999465942383,2018-10-18,0.842871,2018-10-18,True
2018-10-22,-0.696926,-0.036117,2767.780029296875,2018-10-19,-0.482427,7449.02978515625,2018-10-19,-1.554654,1225.93994140625,2018-10-19,-1.19878,1542.0400390625,2018-10-19,-0.847458,19.889999389648438,2018-10-19,-0.439909,2018-10-21,True
2018-10-23,-0.713394,-0.429953,2755.8798828125,2018-10-22,0.263123,7468.6298828125,2018-10-22,0.67377,1234.199951171875,2018-10-22,-0.164719,1539.5,2018-10-22,-1.256913,19.639999389648438,2018-10-22,-0.030928,2018-10-22,True
2018-10-24,0.529487,-0.551183,2740.68994140625,2018-10-23,-0.416272,7437.5400390625,2018-10-23,-0.533946,1227.6099853515625,2018-10-23,-0.838586,1526.5899658203125,2018-10-23,5.448064,20.709999084472656,2018-10-23,0.476465,2018-10-23,True
2018-10-25,-2.073775,-3.086443,2656.10009765625,2018-10-24,-4.42539,7108.39990234375,2018-10-24,-6.614475,1146.4100341796875,2018-10-24,-3.792113,1468.699951171875,2018-10-24,21.825208,25.229999542236328,2018-10-24,0.080944,2018-10-24,True
2018-10-26,0.111899,1.862504,2705.570068359375,2018-10-25,2.953406,7318.33984375,2018-10-25,2.337726,1173.2099609375,2018-10-25,2.158376,1500.4000244140625,2018-10-25,-4.003172,24.219999313354492,2018-10-25,-0.204831,2018-10-25,True
2018-10-29,0.360053,-1.732726,2658.68994140625,2018-10-26,-2.065084,7167.2099609375,2018-10-26,-1.722621,1153.0,2018-10-26,-1.105044,1483.8199462890625,2018-10-26,-0.247727,24.15999984741211,2018-10-26,-0.204831,2018-10-25,True
2018-10-30,-0.420329,-0.65596,2641.25,2018-10-29,-1.631317,7050.2900390625,2018-10-29,-1.114482,1140.1500244140625,2018-10-29,-0.438725,1477.31005859375,2018-10-29,2.235103,24.700000762939453,2018-10-29,0.376137,2018-10-29,True
2018-10-31,0.285497,1.566678,2682.6298828125,2018-10-30,1.579508,7161.64990234375,2018-10-30,4.159095,1187.5699462890625,2018-10-30,1.985362,1506.6400146484375,2018-10-30,-5.465588,23.350000381469727,2018-10-30,0.226411,2018-10-30,True
2018-11-01,0.170519,1.085133,2711.739990234375,2018-10-31,2.014201,7305.89990234375,2018-10-31,1.240357,1202.300048828125,2018-10-31,0.3166,1511.4100341796875,2018-10-31,-9.079233,21.229999542236328,2018-10-31,-0.383511,2018-10-31,True
2018-11-02,1.312785,1.055784,2740.3701171875,2018-11-01,1.754201,7434.06005859375,2018-11-01,4.639433,1258.0799560546875,2018-11-01,2.221101,1544.97998046875,2018-11-01,-8.902494,19.34000015258789,2018-11-01,0.287424,2018-11-01,True
2018-11-05,-0.439963,-0.631669,2723.06005859375,2018-11-02,-1.036712,7356.990234375,2018-11-02,-1.503873,1239.1600341796875,2018-11-02,0.194177,1547.97998046875,2018-11-02,0.879008,19.510000228881836,2018-11-02,-1.044718,2018-11-02,True
2018-11-06,0.537535,0.560032,2738.31005859375,2018-11-05,-0.382495,7328.85009765625,2018-11-05,-0.852195,1228.5999755859375,2018-11-05,-0.03036,1547.510009765625,2018-11-05,2.306504,19.959999084472656,2018-11-05,-1.146988,2018-11-05,True
2018-11-07,-0.018406,0.62593,2755.449951171875,2018-11-06,0.6428,7375.9599609375,2018-11-06,1.141953,1242.6300048828125,2018-11-06,0.555083,1556.0999755859375,2018-11-06,-0.250497,19.90999984741211,2018-11-06,0.489211,2018-11-06,True
2018-11-08,1.609621,2.120886,2813.889892578125,2018-11-07,2.640877,7570.75,2018-11-07,1.194238,1257.469970703125,2018-11-07,1.674703,1582.1600341796875,2018-11-07,-17.830232,16.360000610351562,2018-11-07,-0.14356,2018-11-07,True
2018-11-09,-0.018345,-0.250892,2806.830078125,2018-11-08,-0.526634,7530.8798828125,2018-11-08,-0.416709,1252.22998046875,2018-11-08,-0.249663,1578.2099609375,2018-11-08,2.200481,16.719999313354492,2018-11-08,-0.408943,2018-11-08,True
2018-11-12,-0.73828,-0.919901,2781.010009765625,2018-11-09,-1.646288,7406.89990234375,2018-11-09,-1.851092,1229.050048828125,2018-11-09,-1.819781,1549.489990234375,2018-11-09,3.827759,17.360000610351562,2018-11-09,0.376552,2018-11-09,True
2018-11-13,-1.509573,-1.970149,2726.219970703125,2018-11-12,-2.781593,7200.8701171875,2018-11-12,-4.439206,1174.489990234375,2018-11-12,-1.981294,1518.7900390625,2018-11-12,17.799539,20.450000762939453,2018-11-12,1.016462,2018-11-12,True
2018-11-14,0.092747,-0.148192,2722.179931640625,2018-11-13,0.0,7200.8701171875,2018-11-13,1.352077,1190.3699951171875,2018-11-13,-0.262708,1514.800048828125,2018-11-13,-2.102691,20.020000457763672,2018-11-13,0.575623,2018-11-13,True
2018-11-15,-0.092989,-0.756741,2701.580078125,2018-11-14,-0.895447,7136.39013671875,2018-11-14,0.36459,1194.7099609375,2018-11-14,-0.811331,1502.510009765625,2018-11-14,6.143854,21.25,2018-11-14,-0.556499,2018-11-14,True
2018-11-16,0.423495,1.059375,2730.199951171875,2018-11-15,1.718511,7259.02978515625,2018-11-15,3.340563,1234.6199951171875,2018-11-15,1.438259,1524.1199951171875,2018-11-15,-5.976473,19.979999542236328,2018-11-15,0.006184,2018-11-15,True
2018-11-19,0.184264,0.222331,2736.27001953125,2018-11-16,-0.153735,7247.8701171875,2018-11-16,-1.172829,1220.1400146484375,2018-11-16,0.223738,1527.530029296875,2018-11-16,-9.20921,18.139999389648438,2018-11-16,-0.371283,2018-11-16,True
2018-11-20,-1.065002,-1.664311,2690.72998046875,2018-11-19,-3.02696,7028.47998046875,2018-11-19,-3.862672,1173.010009765625,2018-11-19,-2.028765,1496.5400390625,2018-11-19,10.804857,20.100000381469727,2018-11-19,-0.585623,2018-11-19,True
2018-11-21,-1.279674,-1.815124,2641.889892578125,2018-11-20,-1.702504,6908.81982421875,2018-11-20,0.154298,1174.8199462890625,2018-11-20,-1.839579,1469.010009765625,2018-11-20,11.840792,22.479999542236328,2018-11-20,0.516772,2018-11-20,True
2018-11-22,0.037272,0.304329,2649.929931640625,2018-11-21,0.918104,6972.25,2018-11-21,0.417939,1179.72998046875,2018-11-21,1.311769,1488.280029296875,2018-11-21,-7.473311,20.799999237060547,2018-11-21,0.196244,2018-11-21,True
2018-11-23,-0.037313,0.304329,2649.929931640625,2018-11-21,0.918104,6972.25,2018-11-21,0.417939,1179.72998046875,2018-11-21,1.311769,1488.280029296875,2018-11-21,,,2018-11-22,0.789617,2018-11-22,False
2018-11-26,0.262861,-0.655484,2632.56005859375,2018-11-23,-0.477178,6938.97998046875,2018-11-23,-0.041534,1179.239990234375,2018-11-23,0.026878,1488.6800537109375,2018-11-23,3.461544,21.520000457763672,2018-11-23,-0.159153,2018-11-23,True
2018-11-27,0.351982,1.553237,2673.449951171875,2018-11-26,2.05895,7081.85009765625,2018-11-26,1.906311,1201.719970703125,2018-11-26,1.160754,1505.9599609375,2018-11-26,-12.174725,18.899999618530273,2018-11-26,-0.176134,2018-11-26,True
2018-11-28,0.349265,0.326169,2682.169921875,2018-11-27,0.012004,7082.7001953125,2018-11-27,0.196384,1204.0799560546875,2018-11-27,-0.869875,1492.8599853515625,2018-11-27,0.634925,19.020000457763672,2018-11-27,-0.394351,2018-11-27,True
2018-11-29,1.370364,2.297398,2743.7900390625,2018-11-28,2.949294,7291.58984375,2018-11-28,2.273104,1231.449951171875,2018-11-28,2.513298,1530.3800048828125,2018-11-28,-2.786544,18.489999771118164,2018-11-28,0.118683,2018-11-28,True
2018-11-30,0.237096,-0.218311,2737.800048828125,2018-11-29,-0.253851,7273.080078125,2018-11-29,-0.813667,1221.4300537109375,2018-11-29,-0.326062,1525.3900146484375,2018-11-29,1.622505,18.790000915527344,2018-11-29,-0.818316,2018-11-29,True
2018-12-03,1.435935,0.817075,2760.169921875,2018-11-30,0.790036,7330.5400390625,2018-11-30,1.487594,1239.5999755859375,2018-11-30,0.51659,1533.27001953125,2018-11-30,-3.831832,18.06999969482422,2018-11-30,-0.365704,2018-11-30,True
2018-12-04,-0.398046,1.094143,2790.3701171875,2018-12-03,1.5138,7441.509765625,2018-12-03,2.673444,1272.739990234375,2018-12-03,1.023299,1548.9599609375,2018-12-03,-9.020471,16.440000534057617,2018-12-03,0.011639,2018-12-03,True
2018-12-05,-1.299177,-3.23649,2700.06005859375,2018-12-04,-3.804061,7158.43017578125,2018-12-04,-4.980594,1209.3499755859375,2018-12-04,-4.403597,1480.75,2018-12-04,26.155712,20.739999771118164,2018-12-04,-0.792192,2018-12-04,True
2018-12-06,-0.497054,-3.23649,2700.06005859375,2018-12-04,-3.804061,7158.43017578125,2018-12-04,-4.980594,1209.3499755859375,2018-12-04,-4.403597,1480.75,2018-12-04,,,2018-12-05,0.210228,2018-12-05,False
2018-12-07,0.429826,-0.152223,2695.949951171875,2018-12-06,0.416706,7188.259765625,2018-12-06,-0.539134,1202.8299560546875,2018-12-06,-0.225559,1477.4100341796875,2018-12-06,2.169724,21.190000534057617,2018-12-06,0.092743,2018-12-06,True
2018-12-10,-1.341032,-2.332012,2633.080078125,2018-12-07,-3.04677,6969.25,2018-12-07,-3.738681,1157.8599853515625,2018-12-07,-1.984559,1448.0899658203125,2018-12-07,9.627178,23.229999542236328,2018-12-07,0.714242,2018-12-07,True
2018-12-11,0.150404,0.176215,2637.719970703125,2018-12-10,0.735661,7020.52001953125,2018-12-10,1.410357,1174.18994140625,2018-12-10,-0.344591,1443.0999755859375,2018-12-10,-2.53982,22.639999389648438,2018-12-10,0.276882,2018-12-10,True
2018-12-12,0.395778,-0.035635,2636.780029296875,2018-12-11,0.1611,7031.830078125,2018-12-11,0.620857,1181.47998046875,2018-12-11,-0.205805,1440.1300048828125,2018-12-11,-3.886922,21.760000228881836,2018-12-11,0.783829,2018-12-11,True
2018-12-13,0.0,0.54195,2651.070068359375,2018-12-12,0.945415,7098.31005859375,2018-12-12,1.474426,1198.9000244140625,2018-12-12,1.054762,1455.3199462890625,2018-12-12,-1.378682,21.459999084472656,2018-12-12,-0.342908,2018-12-12,True
2018-12-14,-0.055525,-0.019993,2650.5400390625,2018-12-13,-0.394178,7070.330078125,2018-12-13,-0.359501,1194.5899658203125,2018-12-13,-1.554297,1432.699951171875,2018-12-13,-3.774462,20.649999618530273,2018-12-13,-0.334334,2018-12-13,True
2018-12-17,0.319729,-1.908671,2599.949951171875,2018-12-14,-2.258309,6910.66015625,2018-12-14,-1.424758,1177.5699462890625,2018-12-14,-1.527877,1410.81005859375,2018-12-14,4.745761,21.6299991607666,2018-12-14,0.28207,2018-12-14,True
2018-12-18,-0.525131,-2.077348,2545.93994140625,2018-12-17,-2.270842,6753.72998046875,2018-12-17,-1.28315,1162.4599609375,2018-12-17,-2.315694,1378.1400146484375,2018-12-17,13.361079,24.520000457763672,2018-12-17,0.410818,2018-12-17,True
2018-12-19,0.263505,0.00864,2546.159912109375,2018-12-18,0.446867,6783.91015625,2018-12-18,1.281767,1177.3599853515625,2018-12-18,-0.069656,1377.1800537109375,2018-12-18,4.322999,25.579999923706055,2018-12-18,-0.309283,2018-12-18,True
2018-12-20,-0.579656,-1.539571,2506.9599609375,2018-12-19,-2.168072,6636.830078125,2018-12-19,-4.239998,1127.43994140625,2018-12-19,-2.029515,1349.22998046875,2018-12-19,0.0,25.579999923706055,2018-12-19,-0.27302,2018-12-19,True
2018-12-21,-0.226372,-1.577211,2467.419921875,2018-12-20,-1.63361,6528.41015625,2018-12-20,-0.860352,1117.739990234375,2018-12-20,-1.721721,1326.0,2018-12-20,10.946049,28.3799991607666,2018-12-20,0.271988,2018-12-20,True
2018-12-24,-0.16994,-2.058823,2416.6201171875,2018-12-21,-2.993377,6332.990234375,2018-12-21,-1.471715,1101.2900390625,2018-12-21,-2.557318,1292.0899658203125,2018-12-21,6.095847,30.110000610351562,2018-12-21,-0.718,2018-12-21,True
2018-12-26,-1.189128,-2.711225,2351.10009765625,2018-12-24,-2.211756,6192.919921875,2018-12-24,-2.896605,1069.3900146484375,2018-12-24,-1.948001,1266.9200439453125,2018-12-24,,,2018-12-25,-0.378716,2018-12-25,False
2018-12-27,1.357812,4.959374,2467.699951171875,2018-12-26,5.836341,6554.35986328125,2018-12-26,5.770576,1131.0999755859375,2018-12-26,4.964008,1329.81005859375,2018-12-26,-15.69171,30.40999984741211,2018-12-26,-0.053415,2018-12-26,True
2018-12-28,0.245561,0.856268,2488.830078125,2018-12-27,0.383415,6579.490234375,2018-12-27,0.741757,1139.489990234375,2018-12-27,0.151141,1331.8199462890625,2018-12-27,-1.479779,29.959999084472656,2018-12-27,0.079279,2018-12-27,True
2019-01-02,0.752445,0.849248,2506.85009765625,2018-12-31,0.770895,6635.27978515625,2018-12-31,0.67982,1155.1700439453125,2018-12-31,0.795265,1348.56005859375,2018-12-31,,,2019-01-01,-0.340415,2019-01-01,False
2019-01-03,-0.019033,0.12685,2510.030029296875,2019-01-02,0.462078,6665.93994140625,2019-01-02,0.876928,1165.300048828125,2019-01-02,0.545024,1355.9100341796875,2019-01-02,-8.654606,23.219999313354492,2019-01-02,0.116858,2019-01-02,True
2019-01-04,-0.038439,-2.475673,2447.889892578125,2019-01-03,-3.03693,6463.5,2019-01-03,-5.944393,1096.030029296875,2019-01-03,-1.849686,1330.8299560546875,2019-01-03,9.603796,25.450000762939453,2019-01-03,0.75238,2019-01-03,True
2019-01-07,1.258821,3.433571,2531.93994140625,2019-01-04,4.260228,6738.85986328125,2019-01-04,4.373049,1143.9599609375,2019-01-04,3.751046,1380.75,2019-01-04,-15.992147,21.3799991607666,2019-01-04,0.172873,2019-01-04,True
2019-01-08,0.037608,0.701043,2549.68994140625,2019-01-07,1.255559,6823.47021484375,2019-01-07,1.947623,1166.239990234375,2019-01-07,1.783089,1405.3699951171875,2019-01-07,0.093548,21.399999618530273,2019-01-07,-0.864674,2019-01-07,True
2019-01-09,0.41643,0.969529,2574.409912109375,2019-01-08,1.077601,6897.0,2019-01-08,-0.487888,1160.550048828125,2019-01-08,1.50708,1426.550048828125,2019-01-08,-4.345796,20.469999313354492,2019-01-08,0.179469,2019-01-08,True
2019-01-10,0.09273,0.409805,2584.9599609375,2019-01-09,0.871105,6957.080078125,2019-01-09,2.523796,1189.8399658203125,2019-01-09,0.859417,1438.81005859375,2019-01-09,-2.393746,19.979999542236328,2019-01-09,0.41652,2019-01-09,True
2019-01-11,0.426716,0.451842,2596.639892578125,2019-01-10,0.416694,6986.06982421875,2019-01-10,0.971564,1201.4000244140625,2019-01-10,0.460102,1445.4300537109375,2019-01-10,-2.4024,19.5,2019-01-10,-0.212301,2019-01-10,True
2019-01-14,-0.20284,-0.01463,2596.260009765625,2019-01-11,-0.208842,6971.47998046875,2019-01-11,0.968871,1213.0400390625,2019-01-11,0.134905,1447.3800048828125,2019-01-11,-6.717946,18.190000534057617,2019-01-11,-0.18951,2019-01-11,True
2019-01-15,0.372024,-0.525753,2582.610107421875,2019-01-14,-0.940404,6905.919921875,2019-01-14,-1.546528,1194.280029296875,2019-01-14,-1.006643,1432.81005859375,2019-01-14,4.837818,19.06999969482422,2019-01-14,0.183595,2019-01-14,True
2019-01-16,-0.03647,1.072169,2610.300048828125,2019-01-15,1.707378,7023.830078125,2019-01-15,0.230264,1197.030029296875,2019-01-15,0.866124,1445.219970703125,2019-01-15,-2.464601,18.600000381469727,2019-01-15,0.303954,2019-01-15,True
2019-01-17,0.217865,0.222199,2616.10009765625,2019-01-16,0.154615,7034.68994140625,2019-01-16,-0.822042,1187.18994140625,2019-01-16,0.655954,1454.699951171875,2019-01-16,2.365594,19.040000915527344,2019-01-16,0.035653,2019-01-16,True
2019-01-18,0.561594,0.75914,2635.9599609375,2019-01-17,0.707494,7084.4599609375,2019-01-17,1.143041,1200.760009765625,2019-01-17,0.862724,1467.25,2019-01-17,-5.147066,18.059999465942383,2019-01-17,-0.323415,2019-01-17,True
2019-01-21,0.665228,1.318305,2670.7099609375,2019-01-18,1.027178,7157.22998046875,2019-01-18,2.296041,1228.3299560546875,2019-01-18,1.039359,1482.5,2019-01-18,-1.439647,17.799999237060547,2019-01-18,0.159106,2019-01-18,True
2019-01-22,0.089847,1.318305,2670.7099609375,2019-01-18,1.027178,7157.22998046875,2019-01-18,2.296041,1228.3299560546875,2019-01-18,1.039359,1482.5,2019-01-18,,,2019-01-21,0.467627,2019-01-21,False
2019-01-23,-0.379267,-1.415731,2632.89990234375,2019-01-22,-1.912334,7020.35986328125,2019-01-22,-2.846953,1193.3599853515625,2019-01-22,-1.689717,1457.449951171875,2019-01-22,16.853933,20.799999237060547,2019-01-22,0.584475,2019-01-22,True
2019-01-24,-0.05387,0.220291,2638.699951171875,2019-01-23,0.077064,7025.77001953125,2019-01-23,-0.620939,1185.949951171875,2019-01-23,-0.218871,1454.260009765625,2019-01-23,-6.153841,19.520000457763672,2019-01-23,-0.196046,2019-01-23,True
2019-01-25,0.30276,0.137573,2642.330078125,2019-01-24,0.678786,7073.4599609375,2019-01-24,5.730434,1253.9100341796875,2019-01-24,0.697951,1464.4100341796875,2019-01-24,-3.227464,18.889999389648438,2019-01-24,-0.426498,2019-01-24,True
2019-01-28,0.192409,0.848869,2664.760009765625,2019-01-25,1.292153,7164.85986328125,2019-01-25,2.173202,1281.1600341796875,2019-01-25,1.259206,1482.8499755859375,2019-01-25,-7.781892,17.420000076293945,2019-01-25,0.126189,2019-01-25,True
2019-01-29,-0.157508,-0.784683,2643.85009765625,2019-01-28,-1.105111,7085.68017578125,2019-01-28,-2.088733,1254.4000244140625,2019-01-28,-0.627841,1473.5400390625,2019-01-28,8.32377,18.8700008392334,2019-01-28,-0.775681,2019-01-28,True
2019-01-30,-0.052256,-0.145625,2640.0,2019-01-29,-0.809945,7028.2900390625,2019-01-29,-1.446909,1236.25,2019-01-29,-0.141841,1471.449951171875,2019-01-29,1.377839,19.1299991607666,2019-01-29,0.151156,2019-01-29,True
2019-01-31,0.946481,1.554926,2681.050048828125,2019-01-30,2.202385,7183.080078125,2019-01-30,2.872397,1271.760009765625,2019-01-30,1.052702,1486.93994140625,2019-01-30,-7.684262,17.65999984741211,2019-01-30,-0.163433,2019-01-30,True
2019-02-01,0.344531,0.85974,2704.10009765625,2019-01-31,1.373508,7281.740234375,2019-01-31,0.025945,1272.0899658203125,2019-01-31,0.839315,1499.4200439453125,2019-01-31,-6.172141,16.56999969482422,2019-01-31,-0.793473,2019-01-31,True
2019-02-07,0.569064,-0.222444,2731.610107421875,2019-02-06,-0.362064,7375.27978515625,2019-02-06,2.586665,1333.760009765625,2019-02-06,-0.14537,1518.02001953125,2019-02-06,-1.220293,15.380000114440918,2019-02-06,-0.214078,2019-02-06,True
2019-02-08,-0.534575,-0.935714,2706.050048828125,2019-02-07,-1.178663,7288.35009765625,2019-02-07,-2.237281,1303.9200439453125,2019-02-07,-0.816196,1505.6300048828125,2019-02-07,6.436936,16.3700008392334,2019-02-07,0.261916,2019-02-07,True
2019-02-11,0.017492,0.06762,2707.8798828125,2019-02-08,0.135149,7298.2001953125,2019-02-08,-0.115038,1302.4200439453125,2019-02-08,0.050478,1506.3900146484375,2019-02-08,-3.970681,15.720000267028809,2019-02-08,0.18901,2019-02-08,True
2019-02-12,0.017461,0.07091,2709.800048828125,2019-02-11,0.132905,7307.89990234375,2019-02-11,0.495997,1308.8800048828125,2019-02-11,0.835771,1518.97998046875,2019-02-11,1.590331,15.970000267028809,2019-02-11,-0.077419,2019-02-11,True
2019-02-13,0.451546,1.289022,2744.72998046875,2019-02-12,1.46034,7414.6201171875,2019-02-12,2.127007,1336.719970703125,2019-02-12,1.267298,1538.22998046875,2019-02-12,-3.38134,15.430000305175781,2019-02-12,0.190583,2019-02-12,True
2019-02-14,-0.311042,0.302399,2753.030029296875,2019-02-13,0.077681,7420.3798828125,2019-02-13,0.298491,1340.7099609375,2019-02-13,0.306194,1542.93994140625,2019-02-13,1.425789,15.649999618530273,2019-02-13,-0.419545,2019-02-13,True
2019-02-15,-0.427862,-0.265164,2745.72998046875,2019-02-14,0.088544,7426.9501953125,2019-02-14,0.253599,1344.1099853515625,2019-02-14,0.140643,1545.1099853515625,2019-02-14,3.642171,16.219999313354492,2019-02-14,0.305268,2019-02-14,True
2019-02-18,0.502948,1.087875,2775.60009765625,2019-02-15,0.612095,7472.41015625,2019-02-15,0.526004,1351.1800537109375,2019-02-15,1.562349,1569.25,2019-02-15,-8.076446,14.90999984741211,2019-02-15,0.407582,2019-02-15,True
2019-02-19,-0.189394,1.087875,2775.60009765625,2019-02-15,0.612095,7472.41015625,2019-02-15,0.526004,1351.1800537109375,2019-02-15,1.562349,1569.25,2019-02-15,,,2019-02-18,-0.265,2019-02-18,False
2019-02-20,0.674624,0.149874,2779.760009765625,2019-02-19,0.192172,7486.77001953125,2019-02-19,-0.19909,1348.489990234375,2019-02-19,0.332641,1574.469970703125,2019-02-19,-0.201205,14.880000114440918,2019-02-19,-0.091533,2019-02-19,True
2019-02-21,-0.341997,0.177711,2784.699951171875,2019-02-20,0.030718,7489.06982421875,2019-02-20,0.874314,1360.280029296875,2019-02-20,0.456666,1581.6600341796875,2019-02-20,-5.779568,14.020000457763672,2019-02-20,-0.254384,2019-02-20,True
2019-02-22,-0.188098,-0.352644,2774.8798828125,2019-02-21,-0.392036,7459.7099609375,2019-02-21,-0.73735,1350.25,2019-02-21,-0.386302,1575.550048828125,2019-02-21,3.138371,14.460000038146973,2019-02-21,0.026745,2019-02-21,True
2019-02-25,0.564006,0.64111,2792.669921875,2019-02-22,0.909286,7527.5400390625,2019-02-22,1.076099,1364.780029296875,2019-02-22,0.920949,1590.06005859375,2019-02-22,-6.569847,13.510000228881836,2019-02-22,0.216636,2019-02-22,True
2019-02-26,-0.051168,0.123186,2796.110107421875,2019-02-25,0.357619,7554.4599609375,2019-02-25,0.818441,1375.949951171875,2019-02-25,-0.078613,1588.81005859375,2019-02-25,9.91858,14.850000381469727,2019-02-25,-0.163676,2019-02-25,True
2019-02-27,0.342407,-0.079046,2793.89990234375,2019-02-26,-0.068306,7549.2998046875,2019-02-26,-0.680984,1366.5799560546875,2019-02-26,-0.713117,1577.47998046875,2019-02-26,2.15488,15.170000076293945,2019-02-26,-0.45532,2019-02-26,True
2019-02-28,-0.153584,-0.054405,2792.3798828125,2019-02-27,0.069013,7554.509765625,2019-02-27,-1.222758,1349.8699951171875,2019-02-27,0.226315,1581.050048828125,2019-02-27,-3.098222,14.699999809265137,2019-02-27,-0.259569,2019-02-27,True
2019-03-04,0.694324,0.689532,2803.68994140625,2019-03-01,0.833987,7595.35009765625,2019-03-01,0.95764,1363.1300048828125,2019-03-01,0.894289,1589.6400146484375,2019-03-01,-8.186739,13.569999694824219,2019-03-01,0.817863,2019-03-01,True
2019-03-05,-0.313972,-0.388056,2792.81005859375,2019-03-04,-0.234094,7577.56982421875,2019-03-04,0.008803,1363.25,2019-03-04,-0.893289,1575.43994140625,2019-03-04,7.811352,14.630000114440918,2019-03-04,0.23039,2019-03-04,True
2019-03-06,-0.070262,-0.113153,2789.64990234375,2019-03-05,-0.015968,7576.35986328125,2019-03-05,-0.465797,1356.9000244140625,2019-03-05,-0.454471,1568.280029296875,2019-03-05,0.751877,14.739999771118164,2019-03-05,0.118917,2019-03-05,True
2019-03-07,-0.07046,-0.65241,2771.449951171875,2019-03-06,-0.929733,7505.919921875,2019-03-06,-1.700942,1333.8199462890625,2019-03-06,-2.006025,1536.8199462890625,2019-03-06,6.784261,15.739999771118164,2019-03-06,-0.172856,2019-03-06,True
2019-03-08,-0.459364,-0.812572,2748.929931640625,2019-03-07,-1.125245,7421.4599609375,2019-03-07,-1.104345,1319.0899658203125,2019-03-07,-0.858262,1523.6300048828125,2019-03-07,5.400257,16.59000015258789,2019-03-07,0.07104,2019-03-07,True
2019-03-11,0.125381,-0.213169,2743.070068359375,2019-03-08,-0.179477,7408.14013671875,2019-03-08,-0.066713,1318.2099609375,2019-03-08,-0.114857,1521.8800048828125,2019-03-08,-3.254978,16.049999237060547,2019-03-08,0.538593,2019-03-08,True
2019-03-12,0.698049,1.466604,2783.300048828125,2019-03-11,2.023719,7558.06005859375,2019-03-11,2.402504,1349.8800048828125,2019-03-11,1.774121,1548.8800048828125,2019-03-11,-10.716507,14.329999923706055,2019-03-11,0.087383,2019-03-11,True
2019-03-13,-0.301205,0.295332,2791.52001953125,2019-03-12,0.436219,7591.02978515625,2019-03-12,0.388182,1355.1199951171875,2019-03-12,0.061331,1549.8299560546875,2019-03-12,-3.907882,13.770000457763672,2019-03-12,-0.290112,2019-03-12,True
2019-03-14,0.321256,0.694958,2810.919921875,2019-03-13,0.69003,7643.41015625,2019-03-13,0.416939,1360.77001953125,2019-03-13,0.390369,1555.8800048828125,2019-03-13,-2.614383,13.40999984741211,2019-03-13,-0.309524,2019-03-13,True
2019-03-15,-0.1068,-0.086802,2808.47998046875,2019-03-14,-0.16354,7630.91015625,2019-03-14,-0.566588,1353.06005859375,2019-03-14,-0.401059,1549.6400146484375,2019-03-14,0.671142,13.5,2019-03-14,0.205802,2019-03-14,True
2019-03-18,0.211156,0.49849,2822.47998046875,2019-03-15,0.755082,7688.52978515625,2019-03-15,2.904522,1392.3599853515625,2019-03-15,0.251673,1553.5400390625,2019-03-15,-4.592592,12.880000114440918,2019-03-15,0.516123,2019-03-15,True
2019-03-19,0.105485,0.370595,2832.93994140625,2019-03-18,0.337518,7714.47998046875,2019-03-18,-0.257833,1388.77001953125,2019-03-18,0.668796,1563.9300537109375,2019-03-18,1.708077,13.100000381469727,2019-03-18,-0.236922,2019-03-18,True
2019-03-20,-0.263992,-0.013056,2832.570068359375,2019-03-19,0.122759,7723.9501953125,2019-03-19,1.337871,1407.3499755859375,2019-03-19,-0.571641,1554.989990234375,2019-03-19,3.511451,13.5600004196167,2019-03-19,-0.135074,2019-03-19,True
2019-03-21,0.193356,-0.294435,2824.22998046875,2019-03-20,0.064993,7728.97021484375,2019-03-20,-1.018934,1393.010009765625,2019-03-20,-0.760774,1543.1600341796875,2019-03-20,2.581117,13.90999984741211,2019-03-20,-0.130833,2019-03-20,True
2019-03-22,0.506285,1.085248,2854.8798828125,2019-03-21,1.423084,7838.9599609375,2019-03-21,3.504637,1441.8299560546875,2019-03-21,1.24744,1562.4100341796875,2019-03-21,-2.012938,13.630000114440918,2019-03-21,-0.4178,2019-03-21,True
2019-03-25,-1.306393,-1.89745,2800.7099609375,2019-03-22,-2.504032,7642.669921875,2019-03-22,-2.87551,1400.3699951171875,2019-03-22,-3.615568,1505.9200439453125,2019-03-22,20.909754,16.479999542236328,2019-03-22,0.246224,2019-03-22,True
2019-03-26,0.213144,-0.083902,2798.360107421875,2019-03-25,-0.067122,7637.5400390625,2019-03-25,-1.258239,1382.75,2019-03-25,0.460844,1512.8599853515625,2019-03-25,-0.910192,16.329999923706055,2019-03-25,0.653502,2019-03-25,True
2019-03-27,-0.212993,0.718273,2818.4599609375,2019-03-26,0.706772,7691.52001953125,2019-03-26,1.012475,1396.75,2019-03-26,1.011994,1528.1700439453125,2019-03-26,-10.104101,14.680000305175781,2019-03-26,-0.113646,2019-03-26,True
2019-03-28,-0.585833,-0.464432,2805.3701171875,2019-03-27,-0.625886,7643.3798828125,2019-03-27,-1.451227,1376.47998046875,2019-03-27,-0.388704,1522.22998046875,2019-03-27,3.20163,15.149999618530273,2019-03-27,0.007062,2019-03-27,True
2019-03-29,0.071403,0.358948,2815.43994140625,2019-03-28,0.337417,7669.169921875,2019-03-28,-0.194695,1373.800048828125,2019-03-28,0.84547,1535.0999755859375,2019-03-28,-4.752471,14.430000305175781,2019-03-28,0.403018,2019-03-28,True
2019-04-01,0.496894,0.673428,2834.39990234375,2019-03-29,0.784308,7729.31982421875,2019-03-29,1.580285,1395.510009765625,2019-03-29,0.302261,1539.739990234375,2019-03-29,-4.989607,13.710000038146973,2019-03-29,0.209818,2019-03-31,True
2019-04-02,0.210158,1.15686,2867.18994140625,2019-04-01,1.288475,7828.91015625,2019-04-01,2.488694,1430.239990234375,2019-04-01,1.059924,1556.06005859375,2019-04-01,-2.261126,13.399999618530273,2019-04-01,-0.354527,2019-04-01,True
2019-04-03,0.104676,0.001746,2867.239990234375,2019-04-02,0.252651,7848.68994140625,2019-04-02,0.097188,1431.6300048828125,2019-04-02,-0.176093,1553.3199462890625,2019-04-02,-0.298507,13.359999656677246,2019-04-02,0.328425,2019-04-02,True
2019-04-04,-0.017194,0.214838,2873.39990234375,2019-04-03,0.597041,7895.5498046875,2019-04-03,2.274326,1464.18994140625,2019-04-03,0.488636,1560.9100341796875,2019-04-03,2.844312,13.739999771118164,2019-04-03,-0.251673,2019-04-03,True
2019-04-05,0.017176,0.208464,2879.389892578125,2019-04-04,-0.047749,7891.77978515625,2019-04-04,0.11611,1465.8900146484375,2019-04-04,0.421546,1567.489990234375,2019-04-04,-1.164482,13.579999923706055,2019-04-04,0.067931,2019-04-04,True
2019-04-08,0.360021,0.463643,2892.739990234375,2019-04-05,0.594418,7938.68994140625,2019-04-05,0.802244,1477.6500244140625,2019-04-05,0.961414,1582.56005859375,2019-04-05,-5.596467,12.819999694824219,2019-04-05,0.210693,2019-04-07,True
2019-04-09,0.120296,0.104746,2895.77001953125,2019-04-08,0.191341,7953.8798828125,2019-04-08,0.252427,1481.3800048828125,2019-04-08,-0.224956,1579.0,2019-04-08,2.808117,13.180000305175781,2019-04-08,0.388852,2019-04-08,True
2019-04-10,-0.360268,-0.606749,2878.199951171875,2019-04-09,-0.560734,7909.27978515625,2019-04-09,-1.138127,1464.52001953125,2019-04-09,-1.223556,1559.6800537109375,2019-04-09,8.345974,14.279999732971191,2019-04-09,-0.088511,2019-04-09,True
2019-04-11,0.119474,0.347787,2888.2099609375,2019-04-10,0.694886,7964.240234375,2019-04-10,0.863082,1477.1600341796875,2019-04-10,1.40221,1581.550048828125,2019-04-10,-6.862742,13.300000190734863,2019-04-10,-0.368384,2019-04-10,True
2019-04-12,-0.085529,0.003812,2888.320068359375,2019-04-11,-0.211952,7947.35986328125,2019-04-11,-0.073796,1476.0699462890625,2019-04-11,-0.152384,1579.1400146484375,2019-04-11,-2.105261,13.020000457763672,2019-04-11,0.4481,2019-04-11,True
2019-04-15,0.307167,0.660932,2907.409912109375,2019-04-12,0.463051,7984.16015625,2019-04-12,1.426087,1497.1199951171875,2019-04-12,0.358425,1584.800048828125,2019-04-12,-7.757298,12.010000228881836,2019-04-12,-0.662577,2019-04-14,True
2019-04-16,-0.152957,-0.062937,2905.580078125,2019-04-15,-0.102082,7976.009765625,2019-04-15,-0.754786,1485.8199462890625,2019-04-15,-0.35525,1579.1700439453125,2019-04-15,2.581178,12.319999694824219,2019-04-15,-0.020301,2019-04-15,True
2019-04-17,0.050787,0.050936,2907.06005859375,2019-04-16,0.303663,8000.22998046875,2019-04-16,3.190159,1533.219970703125,2019-04-16,0.229234,1582.7900390625,2019-04-16,-1.136359,12.180000305175781,2019-04-16,0.220614,2019-04-16,True
2019-04-18,0.084703,-0.227381,2900.449951171875,2019-04-17,-0.051872,7996.080078125,2019-04-17,1.556201,1557.0799560546875,2019-04-17,-0.959702,1567.5999755859375,2019-04-17,3.448276,12.600000381469727,2019-04-17,-0.484283,2019-04-17,True
2019-04-19,0.378723,0.157909,2905.030029296875,2019-04-18,0.024762,7998.06005859375,2019-04-18,0.067437,1558.1300048828125,2019-04-18,-0.118013,1565.75,2019-04-18,-4.047621,12.09000015258789,2019-04-18,0.522919,2019-04-18,True
2019-04-22,0.034423,0.157909,2905.030029296875,2019-04-18,0.024762,7998.06005859375,2019-04-18,0.067437,1558.1300048828125,2019-04-18,-0.118013,1565.75,2019-04-18,,,2019-04-19,-0.14171,2019-04-21,False
2019-04-23,-0.017209,0.101202,2907.969970703125,2019-04-22,0.215177,8015.27001953125,2019-04-22,0.010271,1558.2900390625,2019-04-22,-0.364679,1560.0400390625,2019-04-22,2.729528,12.420000076293945,2019-04-22,0.488324,2019-04-22,True
2019-04-24,0.395121,0.884121,2933.679931640625,2019-04-23,1.316859,8120.81982421875,2019-04-23,1.011366,1574.050048828125,2019-04-23,1.605723,1585.0899658203125,2019-04-23,-1.127217,12.279999732971191,2019-04-23,0.17192,2019-04-23,True
2019-04-25,-0.12157,-0.219176,2927.25,2019-04-24,-0.231628,8102.009765625,2019-04-24,0.951048,1589.02001953125,2019-04-24,0.19179,1588.1300048828125,2019-04-24,7.003262,13.140000343322754,2019-04-24,1.161122,2019-04-24,True
2019-04-26,-0.469647,-0.036897,2926.169921875,2019-04-25,0.205756,8118.68017578125,2019-04-25,-1.806149,1560.3199462890625,2019-04-25,-0.78835,1575.6099853515625,2019-04-25,0.837136,13.25,2019-04-25,0.323736,2019-04-25,True
2019-04-29,-1.242345,0.468529,2939.8798828125,2019-04-26,0.341431,8146.39990234375,2019-04-26,-0.82803,1547.4000244140625,2019-04-26,0.906953,1589.9000244140625,2019-04-26,-3.924532,12.729999542236328,2019-04-26,-0.109579,2019-04-28,True
2019-04-30,0.0,0.107152,2943.030029296875,2019-04-29,0.189657,8161.85009765625,2019-04-29,-0.191294,1544.43994140625,2019-04-29,0.532106,1598.3599853515625,2019-04-29,2.985076,13.109999656677246,2019-04-29,0.091564,2019-04-29,True
2019-05-02,-0.368486,-0.750216,2923.72998046875,2019-05-01,-0.565136,8049.64013671875,2019-05-01,-0.816106,1543.47998046875,2019-05-01,-0.931992,1576.3800048828125,2019-05-01,12.80488,14.800000190734863,2019-05-01,0.121214,2019-05-01,True
2019-05-03,-0.069881,-0.212399,2917.52001953125,2019-05-02,-0.159884,8036.77001953125,2019-05-02,1.10983,1560.6099853515625,2019-05-02,0.397748,1582.6500244140625,2019-05-02,-2.567568,14.420000076293945,2019-05-02,0.123635,2019-05-02,True
2019-05-07,-0.881368,-0.447099,2932.469970703125,2019-05-06,-0.498652,8123.2900390625,2019-05-06,-1.717067,1543.72998046875,2019-05-06,0.059476,1614.97998046875,2019-05-06,19.968918,15.4399995803833,2019-05-06,0.40574,2019-05-06,True
2019-05-08,-1.297086,-1.651165,2884.050048828125,2019-05-07,-1.963863,7963.759765625,2019-05-07,-2.423353,1506.3199462890625,2019-05-07,-2.02293,1582.31005859375,2019-05-07,25.129535,19.31999969482422,2019-05-07,0.278242,2019-05-07,True
2019-05-09,-0.428418,-0.160543,2879.419921875,2019-05-08,-0.256662,7943.31982421875,2019-05-08,-0.786019,1494.47998046875,2019-05-08,-0.463884,1574.969970703125,2019-05-08,0.414078,19.399999618530273,2019-05-08,0.075975,2019-05-08,True
2019-05-10,0.478117,-0.302142,2870.719970703125,2019-05-09,-0.412044,7910.58984375,2019-05-09,-1.183016,1476.800048828125,2019-05-09,-0.311746,1570.06005859375,2019-05-09,-1.546388,19.100000381469727,2019-05-09,0.597173,2019-05-09,True
2019-05-13,-0.770925,0.37203,2881.39990234375,2019-05-10,0.080273,7916.93994140625,2019-05-10,0.140164,1478.8699951171875,2019-05-10,0.186613,1572.989990234375,2019-05-10,-16.020939,16.040000915527344,2019-05-10,-0.404506,2019-05-12,True
2019-05-14,-1.09584,-2.413056,2811.8701171875,2019-05-13,-3.409397,7647.02001953125,2019-05-13,-4.727937,1408.949951171875,2019-05-13,-3.178023,1523.0,2019-05-13,28.117195,20.549999237060547,2019-05-13,1.086495,2019-05-13,True
2019-05-15,0.334946,0.801594,2834.409912109375,2019-05-14,1.143847,7734.490234375,2019-05-14,2.404628,1442.8299560546875,2019-05-14,1.317141,1543.06005859375,2019-05-14,-12.116788,18.059999465942383,2019-05-14,-0.021058,2019-05-14,True
2019-05-16,-0.148176,0.583898,2850.9599609375,2019-05-15,1.133361,7822.14990234375,2019-05-15,0.80883,1454.5,2019-05-15,0.337638,1548.27001953125,2019-05-15,-8.970094,16.440000534057617,2019-05-15,-0.074985,2019-05-15,True
2019-05-17,0.46966,0.889529,2876.320068359375,2019-05-16,0.97032,7898.0498046875,2019-05-16,-1.676866,1430.1099853515625,2019-05-16,0.579354,1557.239990234375,2019-05-16,-6.995137,15.289999961853027,2019-05-16,0.375194,2019-05-16,True
2019-05-20,0.340393,-0.583733,2859.530029296875,2019-05-17,-1.035319,7816.27978515625,2019-05-17,-1.964882,1402.010009765625,2019-05-17,-1.379362,1535.760009765625,2019-05-17,4.381949,15.960000038146973,2019-05-17,0.280554,2019-05-19,True
2019-05-21,0.0,-0.674938,2840.22998046875,2019-05-20,-1.457214,7702.3798828125,2019-05-20,-4.024939,1345.5799560546875,2019-05-20,-0.703238,1524.9599609375,2019-05-20,2.192979,16.309999465942383,2019-05-20,-0.041882,2019-05-20,True
2019-05-22,0.262763,0.849584,2864.360107421875,2019-05-21,1.082008,7785.72021484375,2019-05-21,2.127707,1374.2099609375,2019-05-21,1.330529,1545.25,2019-05-21,-8.338441,14.949999809265137,2019-05-21,,2019-05-21,True
2019-05-23,0.0,-0.28244,2856.27001953125,2019-05-22,-0.448004,7750.83984375,2019-05-22,-2.122668,1345.0400390625,2019-05-22,-0.88141,1531.6300048828125,2019-05-22,-1.337791,14.75,2019-05-22,-0.379602,2019-05-22,True
2019-05-24,-0.393775,-1.191415,2822.239990234375,2019-05-23,-1.581249,7628.27978515625,2019-05-23,-1.650514,1322.8399658203125,2019-05-23,-1.97502,1501.3800048828125,2019-05-23,14.711865,16.920000076293945,2019-05-23,0.0,2019-05-23,True
2019-05-27,-0.113336,0.135356,2826.06005859375,2019-05-24,0.114442,7637.009765625,2019-05-24,-0.821717,1311.969970703125,2019-05-24,0.847885,1514.1099853515625,2019-05-24,-6.323875,15.850000381469727,2019-05-24,-0.319654,2019-05-26,True
2019-05-28,-0.03775,0.135356,2826.06005859375,2019-05-24,0.114442,7637.009765625,2019-05-24,-0.821717,1311.969970703125,2019-05-24,0.847885,1514.1099853515625,2019-05-24,,,2019-05-27,-0.226999,2019-05-27,False
2019-05-29,-0.320392,-0.837568,2802.389892578125,2019-05-28,-0.388368,7607.35009765625,2019-05-28,-0.889496,1300.300048828125,2019-05-28,-0.666396,1504.02001953125,2019-05-28,10.410092,17.5,2019-05-28,0.445729,2019-05-28,True
2019-05-30,0.22927,-0.691191,2783.02001953125,2019-05-29,-0.789237,7547.31005859375,2019-05-29,0.405283,1305.5699462890625,2019-05-29,-0.935497,1489.949951171875,2019-05-29,2.285712,17.899999618530273,2019-05-29,0.389869,2019-05-29,True
2019-05-31,-0.189322,0.209847,2788.860107421875,2019-05-30,0.27043,7567.72021484375,2019-05-30,0.74451,1315.2900390625,2019-05-30,-0.296649,1485.530029296875,2019-05-30,-3.351958,17.299999237060547,2019-05-30,-0.321248,2019-05-30,True
2019-06-03,-0.170681,-1.319537,2752.06005859375,2019-05-31,-1.513934,7453.14990234375,2019-05-31,-1.45291,1296.1800537109375,2019-05-31,-1.349016,1465.489990234375,2019-05-31,8.150288,18.709999084472656,2019-05-31,-0.042916,2019-06-02,True
2019-06-04,-0.074627,-0.276524,2744.449951171875,2019-06-03,-1.6118,7333.02001953125,2019-06-03,0.334827,1300.52001953125,2019-06-03,0.306382,1469.97998046875,2019-06-03,0.801719,18.860000610351562,2019-06-03,-0.801436,2019-06-03,True
2019-06-05,0.934579,2.143237,2803.27001953125,2019-06-04,2.646933,7527.1201171875,2019-06-04,4.209085,1355.260009765625,2019-06-04,2.624531,1508.56005859375,2019-06-04,-10.021215,16.969999313354492,2019-06-04,-0.195182,2019-06-04,True
2019-06-07,0.0,0.613559,2843.489990234375,2019-06-06,0.528941,7615.5498046875,2019-06-06,1.340423,1363.1300048828125,2019-06-06,-0.497747,1499.2900390625,2019-06-06,-0.994406,15.930000305175781,2019-06-06,-0.147614,2019-06-06,True
2019-06-10,0.522583,1.04977,2873.340087890625,2019-06-07,1.661735,7742.10009765625,2019-06-07,1.150298,1378.81005859375,2019-06-07,1.007142,1514.3900146484375,2019-06-07,2.322655,16.299999237060547,2019-06-07,0.319457,2019-06-09,True
2019-06-11,-0.183959,0.466004,2886.72998046875,2019-06-10,1.04713,7823.169921875,2019-06-10,2.54422,1413.8900146484375,2019-06-10,0.605527,1523.56005859375,2019-06-10,-2.208587,15.9399995803833,2019-06-10,0.113483,2019-06-10,True
2019-06-12,-0.018292,-0.034988,2885.719970703125,2019-06-11,-0.007671,7822.56982421875,2019-06-11,0.292102,1418.02001953125,2019-06-11,-0.292084,1519.1099853515625,2019-06-11,0.313677,15.989999771118164,2019-06-11,-0.348532,2019-06-11,True
2019-06-13,-0.367107,-0.203758,2879.840087890625,2019-06-12,-0.381583,7792.72021484375,2019-06-12,-2.33213,1384.949951171875,2019-06-12,0.044767,1519.7900390625,2019-06-12,-0.500312,15.90999984741211,2019-06-12,0.462663,2019-06-12,True
2019-06-14,0.0,0.409738,2891.639892578125,2019-06-13,0.569887,7837.1298828125,2019-06-13,0.576915,1392.93994140625,2019-06-13,1.053436,1535.800048828125,2019-06-13,-0.565683,15.819999694824219,2019-06-13,-0.198584,2019-06-13,True
2019-06-17,-0.092558,-0.161151,2886.97998046875,2019-06-14,-0.516385,7796.66015625,2019-06-14,-2.612452,1356.550048828125,2019-06-14,-0.866001,1522.5,2019-06-14,-3.413401,15.279999732971191,2019-06-14,0.407259,2019-06-16,True
2019-06-18,-0.074006,0.093175,2889.669921875,2019-06-17,0.620264,7845.02001953125,2019-06-17,-0.6406,1347.8599853515625,2019-06-17,0.673235,1532.75,2019-06-17,0.458119,15.350000381469727,2019-06-17,-0.045539,2019-06-17,True
2019-06-19,1.122975,0.97174,2917.75,2019-06-18,1.38763,7953.8798828125,2019-06-18,4.325379,1406.1600341796875,2019-06-18,1.140433,1550.22998046875,2019-06-18,-1.302937,15.149999618530273,2019-06-18,-0.992957,2019-06-18,True
2019-06-20,0.036364,0.298516,2926.4599609375,2019-06-19,0.420423,7987.31982421875,2019-06-19,0.081073,1407.300048828125,2019-06-19,0.345109,1555.5799560546875,2019-06-19,-5.412539,14.329999923706055,2019-06-19,-0.279479,2019-06-19,True
2019-06-21,0.054358,0.947219,2954.179931640625,2019-06-20,0.801521,8051.33984375,2019-06-20,0.975626,1421.030029296875,2019-06-20,0.508494,1563.489990234375,2019-06-20,2.930915,14.75,2019-06-20,-1.118524,2019-06-20,True
2019-06-24,0.090843,-0.125922,2950.4599609375,2019-06-21,-0.243809,8031.7099609375,2019-06-21,-0.741014,1410.5,2019-06-21,-0.886477,1549.6300048828125,2019-06-21,4.406777,15.399999618530273,2019-06-21,0.095065,2019-06-23,True
2019-06-25,-0.090695,-0.173189,2945.35009765625,2019-06-24,-0.323838,8005.7001953125,2019-06-24,0.112014,1412.0799560546875,2019-06-24,-1.261595,1530.0799560546875,2019-06-24,-0.909087,15.260000228881836,2019-06-24,-0.50419,2019-06-24,True
2019-06-26,-0.127157,-0.94964,2917.3798828125,2019-06-25,-1.511173,7884.72021484375,2019-06-25,-1.484332,1391.1199951171875,2019-06-25,-0.590813,1521.0400390625,2019-06-25,6.684144,16.280000686645508,2019-06-25,0.281134,2019-06-25,True
2019-06-27,0.290328,-0.123393,2913.780029296875,2019-06-26,0.32024,7909.97021484375,2019-06-26,3.213954,1435.8299560546875,2019-06-26,0.055881,1521.8900146484375,2019-06-26,-0.429985,16.209999084472656,2019-06-26,-0.277748,2019-06-26,True
2019-06-28,0.0,0.382318,2924.919921875,2019-06-27,0.730591,7967.759765625,2019-06-27,1.467449,1456.9000244140625,2019-06-27,1.620356,1546.550048828125,2019-06-27,-2.405919,15.819999694824219,2019-06-27,0.261172,2019-06-27,True
2019-07-01,0.754853,0.575745,2941.760009765625,2019-06-28,0.482952,8006.240234375,2019-06-28,0.141392,1458.9599609375,2019-06-28,1.294488,1566.5699462890625,2019-06-28,-4.677622,15.079999923706055,2019-06-28,0.007786,2019-06-30,True
2019-07-02,-0.431267,0.76723,2964.330078125,2019-07-01,1.060672,8091.16015625,2019-07-01,2.645041,1497.550048828125,2019-07-01,0.0,1566.5699462890625,2019-07-01,-6.763922,14.0600004196167,2019-07-01,0.359123,2019-07-01,True
2019-07-03,-0.07228,0.292813,2973.010009765625,2019-07-02,0.221596,8109.08984375,2019-07-02,-1.383599,1476.8299560546875,2019-07-02,-0.384911,1560.5400390625,2019-07-02,-8.036985,12.930000305175781,2019-07-02,0.502691,2019-07-02,True
2019-07-04,0.10983,0.767238,2995.820068359375,2019-07-03,0.75397,8170.22998046875,2019-07-03,-0.429296,1470.489990234375,2019-07-03,0.742048,1572.1199951171875,2019-07-03,-2.784227,12.569999694824219,2019-07-03,0.282266,2019-07-03,True
2019-07-05,0.018152,0.767238,2995.820068359375,2019-07-03,0.75397,8170.22998046875,2019-07-03,-0.429296,1470.489990234375,2019-07-03,0.742048,1572.1199951171875,2019-07-03,,,2019-07-04,-0.148861,2019-07-04,False
2019-07-08,-0.727141,-0.18059,2990.409912109375,2019-07-05,-0.103301,8161.7900390625,2019-07-05,-0.597763,1461.699951171875,2019-07-05,0.222629,1575.6199951171875,2019-07-05,5.64837,13.279999732971191,2019-07-05,0.590338,2019-07-07,True
2019-07-09,0.297066,-0.483544,2975.949951171875,2019-07-08,-0.776915,8098.3798828125,2019-07-08,-0.772383,1450.4100341796875,2019-07-08,-0.903135,1561.3900146484375,2019-07-08,5.120484,13.960000038146973,2019-07-08,0.496581,2019-07-08,True
2019-07-10,0.372093,0.123656,2979.6298828125,2019-07-09,0.535293,8141.72998046875,2019-07-09,0.744612,1461.2099609375,2019-07-09,0.076851,1562.5899658203125,2019-07-09,0.931233,14.09000015258789,2019-07-09,0.138154,2019-07-09,True
2019-07-11,0.593142,0.451069,2993.070068359375,2019-07-10,0.746774,8202.5302734375,2019-07-10,0.704899,1471.510009765625,2019-07-10,0.157436,1565.050048828125,2019-07-10,-7.523069,13.029999732971191,2019-07-10,-0.503602,2019-07-10,True
2019-07-12,-0.146493,0.228523,2999.909912109375,2019-07-11,-0.079125,8196.0400390625,2019-07-11,0.324158,1476.280029296875,2019-07-11,-0.455577,1557.9200439453125,2019-07-11,-0.767455,12.930000305175781,2019-07-11,-0.123355,2019-07-11,True
2019-07-15,-0.328887,0.462017,3013.77001953125,2019-07-12,0.586864,8244.1396484375,2019-07-12,1.896659,1504.280029296875,2019-07-12,0.77539,1570.0,2019-07-12,-4.176334,12.390000343322754,2019-07-12,0.19846,2019-07-14,True
2019-07-16,0.127971,0.017587,3014.300048828125,2019-07-15,0.170434,8258.1904296875,2019-07-15,0.773793,1515.9200439453125,2019-07-15,-0.521023,1561.8199462890625,2019-07-15,2.340597,12.680000305175781,2019-07-15,0.17171,2019-07-15,True
2019-07-17,-0.582454,-0.340378,3004.0400390625,2019-07-16,-0.428552,8222.7998046875,2019-07-16,-1.073937,1499.6400146484375,2019-07-16,0.011528,1562.0,2019-07-16,1.419553,12.859999656677246,2019-07-16,-0.046676,2019-07-16,True
2019-07-18,-0.165289,-0.653124,2984.419921875,2019-07-17,-0.457142,8185.2099609375,2019-07-17,0.282066,1503.8699951171875,2019-07-17,-0.718308,1550.780029296875,2019-07-17,8.63142,13.970000267028809,2019-07-17,0.068762,2019-07-17,True
2019-07-19,0.552181,0.3582,2995.110107421875,2019-07-18,0.269147,8207.240234375,2019-07-18,1.536035,1526.969970703125,2019-07-18,0.312099,1555.6199951171875,2019-07-18,-3.14961,13.529999732971191,2019-07-18,-0.671926,2019-07-18,True
2019-07-22,-0.272282,-0.617673,2976.610107421875,2019-07-19,-0.7402,8146.490234375,2019-07-19,-0.200393,1523.9100341796875,2019-07-19,-0.496263,1547.9000244140625,2019-07-19,6.799705,14.449999809265137,2019-07-19,0.370693,2019-07-21,True
2019-07-23,0.236063,0.282869,2985.030029296875,2019-07-22,0.70766,8204.1396484375,2019-07-22,1.980427,1554.0899658203125,2019-07-22,-0.201563,1544.780029296875,2019-07-22,-6.366783,13.529999732971191,2019-07-22,-0.029782,2019-07-22,True
2019-07-24,-0.234911,0.684748,3005.469970703125,2019-07-23,0.57606,8251.400390625,2019-07-23,1.234166,1573.27001953125,2019-07-23,0.658989,1554.9599609375,2019-07-23,-6.799705,12.609999656677246,2019-07-23,0.173656,2019-07-23,True
2019-07-25,0.273673,0.468815,3019.56005859375,2019-07-24,0.849548,8321.5,2019-07-24,3.098642,1622.02001953125,2019-07-24,1.637347,1580.4200439453125,2019-07-24,-4.282315,12.069999694824219,2019-07-24,-0.021244,2019-07-24,True
2019-07-26,-0.456955,-0.52624,3003.669921875,2019-07-25,-0.996935,8238.5400390625,2019-07-25,-1.720079,1594.1199951171875,2019-07-25,-1.20032,1561.449951171875,2019-07-25,5.550954,12.739999771118164,2019-07-25,0.496364,2019-07-25,True
2019-07-29,-0.164865,0.738769,3025.860107421875,2019-07-26,1.112696,8330.2099609375,2019-07-26,-0.016311,1593.8599853515625,2019-07-26,1.122035,1578.969970703125,2019-07-26,-4.55259,12.15999984741211,2019-07-26,0.081188,2019-07-28,True
2019-07-30,0.092833,-0.161611,3020.969970703125,2019-07-29,-0.442725,8293.330078125,2019-07-29,0.261004,1598.02001953125,2019-07-29,-0.629521,1569.030029296875,2019-07-29,5.509869,12.829999923706055,2019-07-29,-0.126759,2019-07-29,True
2019-07-31,-0.334076,-0.257865,3013.179931640625,2019-07-30,-0.237778,8273.6103515625,2019-07-30,-0.26283,1593.8199462890625,2019-07-30,1.056063,1585.5999755859375,2019-07-30,8.651595,13.9399995803833,2019-07-30,-0.101532,2019-07-30,True
2019-08-01,-0.618673,-1.088553,2980.3798828125,2019-07-31,-1.186791,8175.419921875,2019-07-31,-3.223702,1542.43994140625,2019-07-31,-0.693112,1574.6099853515625,2019-07-31,15.63846,16.1200008392334,2019-07-31,0.4794,2019-07-31,True
2019-08-02,-1.06982,-0.899879,2953.56005859375,2019-08-01,-0.786502,8111.1201171875,2019-08-01,-1.974791,1511.97998046875,2019-08-01,-1.514659,1550.760009765625,2019-08-01,10.856079,17.8700008392334,2019-08-01,0.711445,2019-08-01,True
2019-08-05,-0.493546,-0.728274,2932.050048828125,2019-08-02,-1.319797,8004.06982421875,2019-08-02,-1.557555,1488.4300537109375,2019-08-02,-1.102684,1533.6600341796875,2019-08-02,-1.454954,17.610000610351562,2019-08-02,0.769194,2019-08-04,True
2019-08-06,-2.270081,-2.977782,2844.739990234375,2019-08-05,-3.473605,7726.0400390625,2019-08-05,-4.360973,1423.52001953125,2019-08-05,-3.015662,1487.4100341796875,2019-08-05,39.636566,24.59000015258789,2019-08-05,1.055707,2019-08-05,True
2019-08-07,0.0,1.301702,2881.77001953125,2019-08-06,1.387904,7833.27001953125,2019-08-06,1.282033,1441.77001953125,2019-08-06,0.986946,1502.0899658203125,2019-08-06,-17.974787,20.170000076293945,2019-08-06,-0.338634,2019-08-06,True
2019-08-08,0.831519,0.076688,2883.97998046875,2019-08-07,0.377366,7862.830078125,2019-08-07,0.717866,1452.1199951171875,2019-08-07,-0.093205,1500.68994140625,2019-08-07,-3.371345,19.489999771118164,2019-08-07,-0.024746,2019-08-07,True
2019-08-09,0.611078,1.87623,2938.090087890625,2019-08-08,2.242578,8039.16015625,2019-08-08,2.695371,1491.260009765625,2019-08-08,2.095041,1532.1300048828125,2019-08-08,-13.237557,16.90999984741211,2019-08-08,-0.428957,2019-08-08,True
2019-08-12,0.078309,-0.661661,2918.64990234375,2019-08-09,-0.995378,7959.14013671875,2019-08-09,-1.805188,1464.3399658203125,2019-08-09,-1.245976,1513.0400390625,2019-08-09,6.268477,17.969999313354492,2019-08-09,0.511166,2019-08-11,True
2019-08-13,-0.430023,-1.231732,2882.699951171875,2019-08-12,-1.202768,7863.41015625,2019-08-12,-1.185516,1446.97998046875,2019-08-12,-1.13282,1495.9000244140625,2019-08-12,17.362276,21.09000015258789,2019-08-12,0.365154,2019-08-12,True
2019-08-14,0.987362,1.513169,2926.320068359375,2019-08-13,1.945081,8016.35986328125,2019-08-13,2.949595,1489.6600341796875,2019-08-13,0.981344,1510.5799560546875,2019-08-13,-16.927452,17.520000457763672,2019-08-13,-1.059437,2019-08-13,True
2019-08-16,-0.588235,0.246427,2847.60009765625,2019-08-15,-0.094158,7766.6201171875,2019-08-15,-0.225297,1439.2900390625,2019-08-15,-0.399994,1461.6500244140625,2019-08-15,-4.162896,21.18000030517578,2019-08-15,-0.340563,2019-08-15,True
2019-08-19,0.629549,1.442612,2888.679931640625,2019-08-16,1.66572,7895.990234375,2019-08-16,2.776366,1479.25,2019-08-16,2.188622,1493.6400146484375,2019-08-16,-12.795094,18.469999313354492,2019-08-16,-0.330995,2019-08-18,True
2019-08-20,-0.058651,1.210587,2923.64990234375,2019-08-19,1.352836,8002.81005859375,2019-08-19,1.875274,1506.989990234375,2019-08-19,1.018315,1508.8499755859375,2019-08-19,-8.608556,16.8799991607666,2019-08-19,0.251765,2019-08-19,True
2019-08-21,-0.193611,-0.791473,2900.510009765625,2019-08-20,-0.677887,7948.56005859375,2019-08-20,-0.536829,1498.9000244140625,2019-08-20,-0.718426,1498.010009765625,2019-08-20,3.672991,17.5,2019-08-20,-0.433694,2019-08-20,True
2019-08-22,0.096618,0.82468,2924.429931640625,2019-08-21,0.90142,8020.2099609375,2019-08-21,0.922006,1512.719970703125,2019-08-21,0.79038,1509.8499755859375,2019-08-21,-9.714285,15.800000190734863,2019-08-21,-0.328561,2019-08-21,True
2019-08-23,-0.428516,-0.050607,2922.949951171875,2019-08-22,-0.35934,7991.39013671875,2019-08-22,-0.031068,1512.25,2019-08-22,-0.254991,1506.0,2019-08-22,5.569621,16.68000030517578,2019-08-22,0.60268,2019-08-22,True
2019-08-26,-1.754728,-2.594634,2847.110107421875,2019-08-23,-2.998479,7751.77001953125,2019-08-23,-4.355761,1446.3800048828125,2019-08-23,-3.088314,1459.489990234375,2019-08-23,19.124703,19.8700008392334,2019-08-23,0.338416,2019-08-25,True
2019-08-27,0.494658,1.098299,2878.3798828125,2019-08-26,1.315444,7853.740234375,2019-08-26,0.864227,1458.8800048828125,2019-08-26,1.131218,1476.0,2019-08-26,-2.767998,19.31999969482422,2019-08-26,-0.158335,2019-08-26,True
2019-08-28,0.35503,-0.320318,2869.159912109375,2019-08-27,-0.341112,7826.9501953125,2019-08-27,-0.326278,1454.1199951171875,2019-08-27,-1.352301,1456.0400390625,2019-08-27,5.124222,20.309999465942383,2019-08-27,0.00248,2019-08-27,True
2019-08-29,0.03907,0.654548,2887.93994140625,2019-08-28,0.382393,7856.8798828125,2019-08-28,0.600362,1462.8499755859375,2019-08-28,1.144881,1472.7099609375,2019-08-28,-4.726731,19.350000381469727,2019-08-28,0.05038,2019-08-28,True
2019-08-30,0.648203,1.268729,2924.580078125,2019-08-29,1.482907,7973.39013671875,2019-08-29,2.253818,1495.8199462890625,2019-08-29,1.630328,1496.719970703125,2019-08-29,-7.596905,17.8799991607666,2019-08-29,-0.347537,2019-08-29,True
2019-09-02,-0.135266,0.064279,2926.4599609375,2019-08-30,-0.131817,7962.8798828125,2019-08-30,0.608369,1504.9200439453125,2019-08-30,-0.125608,1494.8399658203125,2019-08-30,6.152128,18.979999542236328,2019-08-30,0.164849,2019-09-01,True
2019-09-03,-0.270062,0.064279,2926.4599609375,2019-08-30,-0.131817,7962.8798828125,2019-08-30,0.608369,1504.9200439453125,2019-08-30,-0.125608,1494.8399658203125,2019-08-30,,,2019-09-02,0.299383,2019-09-02,False
2019-09-04,-0.077459,-0.68991,2906.27001953125,2019-09-03,-1.114166,7874.16015625,2019-09-03,-1.767542,1478.3199462890625,2019-09-03,-1.509187,1472.280029296875,2019-09-03,3.58272,19.65999984741211,2019-09-03,-0.188827,2019-09-03,True
2019-09-05,0.171723,1.084208,2937.780029296875,2019-09-04,1.304517,7976.8798828125,2019-09-04,2.788984,1519.550048828125,2019-09-04,0.847664,1484.760009765625,2019-09-04,-11.851475,17.329999923706055,2019-09-04,-0.64355,2019-09-04,True
2019-09-06,0.680915,1.300981,2976.0,2019-09-05,1.754448,8116.830078125,2019-09-05,3.07064,1566.2099609375,2019-09-05,1.750451,1510.75,2019-09-05,-6.116558,16.270000457763672,2019-09-05,-0.556248,2019-09-05,True
2019-09-09,0.225946,0.091061,2978.7099609375,2019-09-06,-0.169527,8103.06982421875,2019-09-06,0.135997,1568.3399658203125,2019-09-06,-0.36935,1505.1700439453125,2019-09-06,-7.80578,15.0,2019-09-06,-0.366221,2019-09-08,True
2019-09-10,0.112066,-0.009401,2978.429931640625,2019-09-09,-0.192888,8087.43994140625,2019-09-09,0.513285,1576.3900146484375,2019-09-09,1.266298,1524.22998046875,2019-09-09,1.800003,15.270000457763672,2019-09-09,-0.06378,2019-09-09,True
2019-09-11,0.316161,0.03223,2979.389892578125,2019-09-10,-0.040554,8084.16015625,2019-09-10,0.428829,1583.1500244140625,2019-09-10,1.140248,1541.6099853515625,2019-09-10,-0.458419,15.199999809265137,2019-09-10,-0.114202,2019-09-10,True
2019-09-16,0.406129,-0.072441,3007.389892578125,2019-09-13,-0.216729,8176.7099609375,2019-09-13,-0.319099,1605.6500244140625,2019-09-13,0.194916,1578.1400146484375,2019-09-13,-3.375531,13.739999771118164,2019-09-13,-0.171927,2019-09-15,True
2019-09-17,0.0,-0.313559,2997.9599609375,2019-09-16,-0.283365,8153.5400390625,2019-09-16,-0.695048,1594.489990234375,2019-09-16,0.40934,1584.5999755859375,2019-09-16,6.768561,14.670000076293945,2019-09-16,0.387715,2019-09-16,True
2019-09-18,0.184094,0.258175,3005.699951171875,2019-09-17,0.398354,8186.02001953125,2019-09-17,0.329259,1599.739990234375,2019-09-17,-0.398204,1578.2900390625,2019-09-17,-1.567829,14.4399995803833,2019-09-17,0.199443,2019-09-17,True
2019-09-19,-0.10985,0.034269,3006.72998046875,2019-09-18,-0.105422,8177.39013671875,2019-09-18,0.075635,1600.949951171875,2019-09-18,-0.630434,1568.3399658203125,2019-09-18,-3.39335,13.949999809265137,2019-09-18,0.328936,2019-09-18,True
2019-09-20,-0.036377,0.001997,3006.7900390625,2019-09-19,0.067133,8182.8798828125,2019-09-19,-0.554671,1592.0699462890625,2019-09-19,-0.438042,1561.469970703125,2019-09-19,0.716849,14.050000190734863,2019-09-19,0.362317,2019-09-19,True
2019-09-23,-0.217077,-0.489558,2992.070068359375,2019-09-20,-0.796907,8117.669921875,2019-09-20,-1.825921,1563.0,2019-09-20,-0.10951,1559.760009765625,2019-09-20,9.039142,15.319999694824219,2019-09-20,-0.061145,2019-09-22,True
2019-09-24,0.0,-0.009694,2991.780029296875,2019-09-23,-0.06418,8112.4599609375,2019-09-23,0.965449,1578.0899658203125,2019-09-23,-0.09681,1558.25,2019-09-23,-2.676239,14.90999984741211,2019-09-23,-0.010057,2019-09-23,True
2019-09-25,-0.484914,-0.841637,2966.60009765625,2019-09-24,-1.464785,7993.6298828125,2019-09-24,-1.653897,1551.989990234375,2019-09-24,-1.582547,1533.5899658203125,2019-09-24,14.352779,17.049999237060547,2019-09-24,0.077948,2019-09-24,True
2019-09-26,0.327988,0.615857,2984.8701171875,2019-09-25,1.047709,8077.3798828125,2019-09-25,1.776433,1579.56005859375,2019-09-25,1.112426,1550.6500244140625,2019-09-25,-6.392957,15.960000038146973,2019-09-25,0.330844,2019-09-25,True
2019-09-27,-0.181884,-0.242892,2977.6201171875,2019-09-26,-0.578402,8030.66015625,2019-09-26,0.034181,1580.0999755859375,2019-09-26,-1.116955,1533.3299560546875,2019-09-26,0.689221,16.06999969482422,2019-09-26,0.061774,2019-09-26,True
2019-09-30,-0.238971,-0.531635,2961.7900390625,2019-09-27,-1.133534,7939.6298828125,2019-09-27,-2.356179,1542.8699951171875,2019-09-27,-0.838044,1520.47998046875,2019-09-27,7.156189,17.219999313354492,2019-09-27,0.273648,2019-09-29,True
2019-10-01,-0.145826,0.504761,2976.739990234375,2019-09-30,0.75205,7999.33984375,2019-09-30,1.029251,1558.75,2019-09-30,0.190073,1523.3699951171875,2019-09-30,-5.691054,16.239999771118164,2019-09-30,-0.325318,2019-09-30,True
2019-10-02,-0.70922,-1.225837,2940.25,2019-10-01,-1.133339,7908.68017578125,2019-10-01,-0.933443,1544.199951171875,2019-10-01,-1.965376,1493.4300537109375,2019-10-01,14.285713,18.559999465942383,2019-10-01,0.308008,2019-10-01,True
2019-10-04,-0.241546,0.797191,2910.6298828125,2019-10-03,1.117623,7872.259765625,2019-10-03,1.710127,1545.760009765625,2019-10-03,0.454166,1486.3499755859375,2019-10-03,-7.003885,19.1200008392334,2019-10-03,-0.28997,2019-10-03,True
2019-10-07,0.485075,1.42169,2952.010009765625,2019-10-04,1.399985,7982.47021484375,2019-10-04,1.852164,1574.3900146484375,2019-10-04,0.965451,1500.699951171875,2019-10-04,-10.87866,17.040000915527344,2019-10-04,-0.729118,2019-10-06,True
2019-10-08,0.279382,-0.447829,2938.7900390625,2019-10-07,-0.327971,7956.2900390625,2019-10-07,-0.712655,1563.1700439453125,2019-10-07,-0.193904,1497.7900390625,2019-10-07,4.812205,17.860000610351562,2019-10-07,0.371858,2019-10-07,True
2019-10-10,-1.101322,0.910449,2919.39990234375,2019-10-09,1.022018,7903.740234375,2019-10-09,1.743209,1540.8499755859375,2019-10-09,0.465842,1479.4599609375,2019-10-09,-8.086791,18.639999389648438,2019-10-09,-0.132677,2019-10-09,True
2019-10-11,0.813459,0.64157,2938.1298828125,2019-10-10,0.595156,7950.77978515625,2019-10-10,0.969599,1555.7900390625,2019-10-10,0.398796,1485.3599853515625,2019-10-10,-5.740342,17.56999969482422,2019-10-10,-0.665951,2019-10-10,True
2019-10-14,1.119883,1.093898,2970.27001953125,2019-10-11,1.336476,8057.0400390625,2019-10-11,2.271513,1591.1300048828125,2019-10-11,1.786775,1511.9000244140625,2019-10-11,-11.326123,15.579999923706055,2019-10-11,-0.53163,2019-10-13,True
2019-10-15,-0.163547,-0.138712,2966.14990234375,2019-10-14,-0.104134,8048.64990234375,2019-10-14,-0.045878,1590.4000244140625,2019-10-14,-0.427936,1505.4300537109375,2019-10-14,-6.482672,14.569999694824219,2019-10-14,-0.016063,2019-10-14,True
2019-10-16,0.580762,0.995568,2995.679931640625,2019-10-15,1.243191,8148.7099609375,2019-10-15,2.218933,1625.68994140625,2019-10-15,1.187036,1523.300048828125,2019-10-15,-7.069319,13.539999961853027,2019-10-15,0.137867,2019-10-15,True
2019-10-17,0.108284,-0.199954,2989.68994140625,2019-10-16,-0.301027,8124.18017578125,2019-10-16,-1.470139,1601.7900390625,2019-10-16,0.115539,1525.06005859375,2019-10-16,1.033976,13.680000305175781,2019-10-16,0.07601,2019-10-16,True
2019-10-18,0.235379,0.276283,2997.949951171875,2019-10-17,0.402132,8156.85009765625,2019-10-17,0.33525,1607.1600341796875,2019-10-17,1.100278,1541.8399658203125,2019-10-17,0.804091,13.789999961853027,2019-10-17,-0.638061,2019-10-17,True
2019-10-21,0.091441,-0.391934,2986.199951171875,2019-10-18,-0.825197,8089.5400390625,2019-10-18,-1.062126,1590.0899658203125,2019-10-18,-0.412493,1535.47998046875,2019-10-18,3.335751,14.25,2019-10-18,0.068798,2019-10-20,True
2019-10-22,0.400073,0.687162,3006.719970703125,2019-10-21,0.907965,8162.990234375,2019-10-21,1.883546,1620.0400390625,2019-10-21,1.10259,1552.4100341796875,2019-10-21,-1.754386,14.0,2019-10-21,-0.567019,2019-10-21,True
2019-10-23,-0.215363,-0.356867,2995.989990234375,2019-10-22,-0.718982,8104.2998046875,2019-10-22,-0.767886,1607.5999755859375,2019-10-22,-0.099203,1550.8699951171875,2019-10-22,3.285715,14.460000038146973,2019-10-22,-0.011953,2019-10-22,True
2019-10-24,0.397255,0.284715,3004.52001953125,2019-10-23,0.191136,8119.7900390625,2019-10-23,-1.929586,1576.5799560546875,2019-10-23,0.128314,1552.8599853515625,2019-10-23,-3.112032,14.010000228881836,2019-10-23,-0.133195,2019-10-23,True
2019-10-25,0.288133,0.192045,3010.2900390625,2019-10-24,0.812949,8185.7998046875,2019-10-24,2.469272,1615.510009765625,2019-10-24,-0.281416,1548.489990234375,2019-10-24,-2.141329,13.710000038146973,2019-10-24,0.388993,2019-10-24,True
2019-10-28,0.43181,0.40727,3022.550048828125,2019-10-25,0.700241,8243.1201171875,2019-10-25,2.052605,1648.6700439453125,2019-10-25,0.659996,1558.7099609375,2019-10-25,-7.731586,12.649999618530273,2019-10-25,0.388993,2019-10-24,True
2019-10-29,0.394336,0.558134,3039.419921875,2019-10-28,1.005325,8325.990234375,2019-10-28,1.752922,1677.5699462890625,2019-10-28,0.848143,1571.9300537109375,2019-10-28,3.636364,13.109999656677246,2019-10-28,-0.292106,2019-10-28,True
2019-10-30,-0.143704,-0.083241,3036.889892578125,2019-10-29,-0.590208,8276.849609375,2019-10-29,-0.900707,1662.4599609375,2019-10-29,0.32698,1577.0699462890625,2019-10-29,0.6865,13.199999809265137,2019-10-29,-0.34676,2019-10-29,True
2019-10-31,0.52622,0.325337,3046.77001953125,2019-10-30,0.327792,8303.98046875,2019-10-30,-0.060152,1661.4599609375,2019-10-30,-0.267583,1572.8499755859375,2019-10-30,-6.590908,12.329999923706055,2019-10-30,-0.086565,2019-10-30,True
2019-11-01,-0.05423,-0.302286,3037.56005859375,2019-10-31,-0.139934,8292.3603515625,2019-10-31,-0.616325,1651.219970703125,2019-10-31,-0.661222,1562.449951171875,2019-10-31,7.21817,13.220000267028809,2019-10-31,-0.175857,2019-10-31,True
2019-11-04,0.932903,0.966231,3066.909912109375,2019-11-01,1.134056,8386.400390625,2019-11-01,2.344332,1689.9300537109375,2019-11-01,1.720375,1589.3299560546875,2019-11-01,-6.959153,12.300000190734863,2019-11-01,0.416782,2019-11-01,True
2019-11-05,0.10612,0.370409,3078.27001953125,2019-11-04,0.558044,8433.2001953125,2019-11-04,2.188847,1726.9200439453125,2019-11-04,0.507765,1597.4000244140625,2019-11-04,4.308941,12.829999923706055,2019-11-04,-0.406487,2019-11-04,True
2019-11-06,0.0,-0.11857,3074.6201171875,2019-11-05,0.017544,8434.6796875,2019-11-05,0.187037,1730.1500244140625,2019-11-05,0.138347,1599.6099853515625,2019-11-05,2.104446,13.100000381469727,2019-11-05,-0.170991,2019-11-05,True
2019-11-07,-0.122915,0.07025,3076.780029296875,2019-11-06,-0.28513,8410.6298828125,2019-11-06,-0.836921,1715.6700439453125,2019-11-06,-0.629525,1589.5400390625,2019-11-06,-3.664126,12.619999885559082,2019-11-06,-0.568949,2019-11-06,True
2019-11-08,0.527426,0.27301,3085.179931640625,2019-11-07,0.284041,8434.51953125,2019-11-07,0.700019,1727.6800537109375,2019-11-07,0.279952,1593.989990234375,2019-11-07,0.87163,12.729999542236328,2019-11-07,0.422438,2019-11-07,True
2019-11-11,-0.052919,0.256068,3093.080078125,2019-11-08,0.483608,8475.3095703125,2019-11-08,0.526716,1736.780029296875,2019-11-08,0.305522,1598.8599853515625,2019-11-08,-5.184602,12.069999694824219,2019-11-08,-0.127576,2019-11-08,True
2019-11-12,0.266667,-0.196247,3087.010009765625,2019-11-11,-0.130134,8464.2802734375,2019-11-11,-0.529144,1727.5899658203125,2019-11-11,-0.255805,1594.77001953125,2019-11-11,5.136702,12.6899995803833,2019-11-11,0.0,2019-11-11,True
2019-11-13,-0.334802,0.156465,3091.840087890625,2019-11-12,0.257666,8486.08984375,2019-11-12,0.279585,1732.4200439453125,2019-11-12,0.021945,1595.1199951171875,2019-11-12,-0.078796,12.680000305175781,2019-11-12,0.457453,2019-11-12,True
2019-11-14,0.195417,0.071153,3094.0400390625,2019-11-13,-0.047021,8482.099609375,2019-11-13,0.025395,1732.8599853515625,2019-11-13,-0.372382,1589.1800537109375,2019-11-13,2.523657,13.0,2019-11-13,0.090208,2019-11-13,True
2019-11-15,0.24674,0.083704,3096.6298828125,2019-11-14,-0.036313,8479.01953125,2019-11-14,-0.304123,1727.5899658203125,2019-11-14,-0.024542,1588.7900390625,2019-11-14,0.384617,13.050000190734863,2019-11-14,0.42148,2019-11-14,True
2019-11-18,-0.086896,0.769549,3120.4599609375,2019-11-15,0.728982,8540.830078125,2019-11-15,0.887947,1742.9300537109375,2019-11-15,0.482122,1596.449951171875,2019-11-15,-7.662835,12.050000190734863,2019-11-15,-0.200021,2019-11-15,True
2019-11-19,-0.504523,0.050315,3122.030029296875,2019-11-18,0.106668,8549.9404296875,2019-11-18,-0.238106,1738.780029296875,2019-11-18,-0.257445,1592.3399658203125,2019-11-18,3.402488,12.460000038146973,2019-11-18,-0.444537,2019-11-18,True
2019-11-20,-0.506727,-0.059259,3120.179931640625,2019-11-19,0.242338,8570.66015625,2019-11-19,-0.476198,1730.5,2019-11-19,0.373669,1598.2900390625,2019-11-19,3.21027,12.859999656677246,2019-11-19,0.289073,2019-11-19,True
2019-11-21,-0.106213,-0.375618,3108.4599609375,2019-11-20,-0.512559,8526.73046875,2019-11-20,-1.176538,1710.1400146484375,2019-11-20,-0.41795,1591.6099853515625,2019-11-20,-0.622083,12.779999732971191,2019-11-20,0.011153,2019-11-20,True
2019-11-22,0.125764,-0.158275,3103.5400390625,2019-11-21,-0.240661,8506.2099609375,2019-11-21,-1.129151,1690.8299560546875,2019-11-21,-0.480647,1583.9599609375,2019-11-21,2.738657,13.130000114440918,2019-11-21,0.2093,2019-11-21,True
2019-11-25,0.607903,0.217494,3110.2900390625,2019-11-22,0.160705,8519.8798828125,2019-11-22,-0.002361,1690.7900390625,2019-11-22,0.314401,1588.93994140625,2019-11-22,-6.016755,12.34000015258789,2019-11-22,0.596611,2019-11-22,True
2019-11-26,0.212202,0.750729,3133.639892578125,2019-11-25,1.321736,8632.490234375,2019-11-25,2.43436,1731.949951171875,2019-11-25,2.074344,1621.9000244140625,2019-11-25,-3.808754,11.869999885559082,2019-11-25,0.362483,2019-11-25,True
2019-11-27,0.300566,0.219557,3140.52001953125,2019-11-26,0.178853,8647.9296875,2019-11-26,-0.501743,1723.260009765625,2019-11-26,0.143656,1624.22998046875,2019-11-26,-2.780117,11.539999961853027,2019-11-26,-0.600256,2019-11-26,True
2019-11-28,-0.44154,0.417442,3153.6298828125,2019-11-27,0.662008,8705.1796875,2019-11-27,0.734075,1735.9100341796875,2019-11-27,0.607672,1634.0999755859375,2019-11-27,1.819758,11.75,2019-11-27,0.016201,2019-11-27,True
2019-11-29,0.212879,0.417442,3153.6298828125,2019-11-27,0.662008,8705.1796875,2019-11-27,0.734075,1735.9100341796875,2019-11-27,0.607672,1634.0999755859375,2019-11-27,,,2019-11-28,0.235375,2019-11-28,False
2019-12-02,0.631769,-0.401122,3140.97998046875,2019-11-29,-0.456165,8665.4697265625,2019-11-29,-1.098563,1716.8399658203125,2019-11-29,-0.587478,1624.5,2019-11-29,7.404254,12.619999885559082,2019-11-29,0.140385,2019-11-29,True
2019-12-03,-0.86362,-0.863102,3113.8701171875,2019-12-02,-1.124919,8567.990234375,2019-12-02,-1.461404,1691.75,2019-12-02,-1.041554,1607.5799560546875,2019-12-02,18.1458,14.90999984741211,2019-12-02,0.378923,2019-12-02,True
2019-12-04,-0.669078,-0.66381,3093.199951171875,2019-12-03,-0.552645,8520.6396484375,2019-12-03,-1.539237,1665.7099609375,2019-12-03,-0.307913,1602.6300048828125,2019-12-03,7.042255,15.960000038146973,2019-12-03,0.196371,2019-12-03,True
2019-12-05,0.527945,0.632357,3112.760009765625,2019-12-04,0.540221,8566.669921875,2019-12-04,1.545286,1691.449951171875,2019-12-04,0.70322,1613.9000244140625,2019-12-04,-7.268169,14.800000190734863,2019-12-04,0.324379,2019-12-04,True
2019-12-06,0.40146,0.150025,3117.429931640625,2019-12-05,0.047046,8570.7001953125,2019-12-05,0.367146,1697.6600341796875,2019-12-05,0.05762,1614.8299560546875,2019-12-05,-1.89189,14.520000457763672,2019-12-05,0.154085,2019-12-05,True
2019-12-09,0.505051,0.913572,3145.909912109375,2019-12-06,1.001436,8656.5302734375,2019-12-06,1.563913,1724.2099609375,2019-12-06,1.177214,1633.8399658203125,2019-12-06,-6.198351,13.619999885559082,2019-12-06,-0.124425,2019-12-06,True
2019-12-10,-0.305261,-0.316282,3135.9599609375,2019-12-09,-0.400856,8621.830078125,2019-12-09,-0.535317,1714.97998046875,2019-12-09,-0.258285,1629.6199951171875,2019-12-09,16.446401,15.859999656677246,2019-12-09,-0.15741,2019-12-09,True
2019-12-11,-0.035733,-0.109693,3132.52001953125,2019-12-10,-0.065536,8616.1796875,2019-12-10,0.345196,1720.9000244140625,2019-12-10,0.128249,1631.7099609375,2019-12-10,-1.134927,15.680000305175781,2019-12-10,0.21668,2019-12-10,True
2019-12-12,0.587293,0.290816,3141.6298828125,2019-12-11,0.439523,8654.0498046875,2019-12-11,2.225575,1759.199951171875,2019-12-11,0.013488,1631.9300537109375,2019-12-11,-4.400514,14.989999771118164,2019-12-11,0.0328,2019-12-11,True
2019-12-13,1.258521,0.857523,3168.570068359375,2019-12-12,0.731109,8717.3203125,2019-12-12,2.709757,1806.8699951171875,2019-12-12,0.78925,1644.81005859375,2019-12-12,-7.004671,13.9399995803833,2019-12-12,-0.095864,2019-12-12,True
2019-12-16,0.0,0.007258,3168.800048828125,2019-12-13,0.201433,8734.8798828125,2019-12-13,-0.599377,1796.0400390625,2019-12-13,-0.41525,1637.97998046875,2019-12-13,-9.397414,12.630000114440918,2019-12-13,-1.543869,2019-12-13,True
2019-12-17,0.396006,0.714779,3191.449951171875,2019-12-16,0.908434,8814.23046875,2019-12-16,0.961561,1813.31005859375,2019-12-16,0.730165,1649.93994140625,2019-12-16,-3.87965,12.140000343322754,2019-12-16,0.251376,2019-12-16,True
2019-12-18,0.13587,0.033529,3192.52001953125,2019-12-17,0.103581,8823.3603515625,2019-12-17,0.474821,1821.9200439453125,2019-12-17,0.461842,1657.56005859375,2019-12-17,1.235582,12.289999961853027,2019-12-17,-0.432404,2019-12-17,True
2019-12-19,0.356718,-0.04323,3191.139892578125,2019-12-18,0.04964,8827.740234375,2019-12-18,-0.089466,1820.2900390625,2019-12-18,0.25157,1661.72998046875,2019-12-18,2.359642,12.579999923706055,2019-12-18,-0.400864,2019-12-18,True
2019-12-20,0.356355,0.445929,3205.3701171875,2019-12-19,0.673779,8887.2197265625,2019-12-19,0.806461,1834.969970703125,2019-12-19,0.322555,1667.0899658203125,2019-12-19,-0.635929,12.5,2019-12-19,0.135877,2019-12-19,True
2019-12-23,0.406366,0.494478,3221.219970703125,2019-12-20,0.424657,8924.9599609375,2019-12-20,1.029991,1853.8699951171875,2019-12-20,0.28853,1671.9000244140625,2019-12-20,0.080002,12.510000228881836,2019-12-20,-0.283411,2019-12-20,True
2019-12-24,0.067739,0.086614,3224.010009765625,2019-12-23,0.231827,8945.650390625,2019-12-23,0.175309,1857.1199951171875,2019-12-23,0.133979,1674.1400146484375,2019-12-23,0.799356,12.609999656677246,2019-12-23,-0.151586,2019-12-23,True
2019-12-26,-0.017044,-0.019545,3223.3798828125,2019-12-24,0.080816,8952.8798828125,2019-12-24,0.273539,1862.199951171875,2019-12-24,0.231163,1678.010009765625,2019-12-24,,,2019-12-25,0.056823,2019-12-25,False
2019-12-27,0.424376,0.512817,3239.909912109375,2019-12-26,0.776396,9022.3896484375,2019-12-26,0.122975,1864.489990234375,2019-12-26,-0.02026,1677.6700439453125,2019-12-26,-0.157857,12.649999618530273,2019-12-26,-0.213381,2019-12-26,True
2019-12-30,0.284424,0.003398,3240.02001953125,2019-12-27,-0.174782,9006.6201171875,2019-12-27,-0.316442,1858.5899658203125,2019-12-27,-0.515001,1669.030029296875,2019-12-27,6.166014,13.430000305175781,2019-12-27,0.125023,2019-12-27,True
2020-01-02,0.083949,0.294602,3230.780029296875,2019-12-31,0.297445,8972.599609375,2019-12-31,0.283562,1849.6199951171875,2019-12-31,0.259589,1668.469970703125,2019-12-31,,,2020-01-01,-0.224843,2020-01-01,False
2020-01-03,0.882403,0.83788,3257.85009765625,2020-01-02,1.332845,9092.1904296875,2020-01-02,2.070157,1887.9100341796875,2020-01-02,-0.101887,1666.77001953125,2020-01-02,-9.506528,12.470000267028809,2020-01-02,0.019066,2020-01-02,True
2020-01-06,-0.695859,-0.705987,3234.85009765625,2020-01-03,-0.785519,9020.76953125,2020-01-03,-1.797228,1853.97998046875,2020-01-03,-0.35398,1660.8699951171875,2020-01-03,12.429833,14.020000457763672,2020-01-03,0.275575,2020-01-03,True
2020-01-07,0.667009,0.353337,3246.280029296875,2020-01-06,0.562038,9071.4697265625,2020-01-06,-1.041,1834.6800537109375,2020-01-06,0.143901,1663.260009765625,2020-01-06,-1.212554,13.850000381469727,2020-01-06,0.751843,2020-01-06,True
2020-01-08,-0.761937,-0.280324,3237.179931640625,2020-01-07,-0.031854,9068.580078125,2020-01-07,1.776875,1867.280029296875,2020-01-07,-0.297605,1658.31005859375,2020-01-07,-0.433216,13.789999961853027,2020-01-07,0.134672,2020-01-07,True
2020-01-09,1.380368,0.490245,3253.050048828125,2020-01-08,0.668905,9129.240234375,2020-01-08,0.016598,1867.5899658203125,2020-01-08,0.318391,1663.5899658203125,2020-01-08,-2.465556,13.449999809265137,2020-01-08,-0.08224,2020-01-08,True
2020-01-10,0.0,0.665526,3274.699951171875,2020-01-09,0.812657,9203.4296875,2020-01-09,0.596491,1878.72998046875,2020-01-09,0.084157,1664.989990234375,2020-01-09,-6.765798,12.539999961853027,2020-01-09,-0.445789,2020-01-09,True
2020-01-13,0.0,-0.285518,3265.35009765625,2020-01-10,-0.266958,9178.8603515625,2020-01-10,-0.658956,1866.3499755859375,2020-01-10,-0.441443,1657.6400146484375,2020-01-10,0.159493,12.5600004196167,2020-01-10,-0.297087,2020-01-10,True
2020-01-14,0.526576,0.697622,3288.1298828125,2020-01-13,1.035742,9273.9296875,2020-01-13,1.309511,1890.7900390625,2020-01-13,0.722109,1669.6099853515625,2020-01-13,-1.910834,12.319999694824219,2020-01-13,-0.076006,2020-01-13,True
2020-01-15,-0.229283,-0.151453,3283.14990234375,2020-01-14,-0.24369,9251.330078125,2020-01-14,0.203617,1894.6400146484375,2020-01-14,0.367152,1675.739990234375,2020-01-14,0.568187,12.390000343322754,2020-01-14,-0.258452,2020-01-14,True
2020-01-16,0.0,0.18702,3289.2900390625,2020-01-15,0.079665,9258.7001953125,2020-01-15,-1.186504,1872.1600341796875,2020-01-15,0.397438,1682.4000244140625,2020-01-15,0.242129,12.420000076293945,2020-01-15,0.269521,2020-01-15,True
2020-01-17,0.505545,0.836655,3316.81005859375,2020-01-16,1.063105,9357.1298828125,2020-01-16,1.696971,1903.9300537109375,2020-01-16,1.356392,1705.219970703125,2020-01-16,-0.805156,12.319999694824219,2020-01-16,-0.023337,2020-01-16,True
2020-01-20,0.43931,0.386216,3329.6201171875,2020-01-17,0.339961,9388.9404296875,2020-01-17,0.666513,1916.6199951171875,2020-01-17,-0.327228,1699.6400146484375,2020-01-17,-1.785709,12.100000381469727,2020-01-17,0.172028,2020-01-17,True
2020-01-21,-0.080749,0.386216,3329.6201171875,2020-01-17,0.339961,9388.9404296875,2020-01-17,0.666513,1916.6199951171875,2020-01-17,-0.327228,1699.6400146484375,2020-01-17,,,2020-01-20,0.137212,2020-01-20,False
2020-01-22,-0.212314,-0.265198,3320.7900390625,2020-01-21,-0.193109,9370.8095703125,2020-01-21,-0.084524,1915.0,2020-01-21,-0.808406,1685.9000244140625,2020-01-21,6.198347,12.850000381469727,2020-01-21,-0.240446,2020-01-21,True
2020-01-23,-0.644745,0.028908,3321.75,2020-01-22,0.138301,9383.76953125,2020-01-22,0.795299,1930.22998046875,2020-01-22,-0.085418,1684.4599609375,2020-01-22,0.466922,12.90999984741211,2020-01-22,0.964956,2020-01-22,True
2020-01-28,-2.335456,-1.573071,3243.6298828125,2020-01-27,-1.885156,9139.3095703125,2020-01-27,-3.906906,1848.8599853515625,2020-01-27,-1.088295,1644.1400146484375,2020-01-27,25.206037,18.229999542236328,2020-01-27,0.132755,2020-01-27,True
2020-01-29,0.437932,1.005358,3276.239990234375,2020-01-28,1.426477,9269.6796875,2020-01-28,2.402023,1893.27001953125,2020-01-28,0.861851,1658.31005859375,2020-01-28,-10.696648,16.280000686645508,2020-01-28,0.64833,2020-01-28,True
2020-01-30,-0.302166,-0.086687,3273.39990234375,2020-01-29,0.059123,9275.16015625,2020-01-29,-1.825945,1858.699951171875,2020-01-29,-0.548154,1649.219970703125,2020-01-29,0.675668,16.389999389648438,2020-01-29,-0.2082,2020-01-29,True
2020-01-31,0.66838,0.313436,3283.659912109375,2020-01-30,0.256271,9298.9296875,2020-01-30,-0.156018,1855.800048828125,2020-01-30,-0.060635,1648.219970703125,2020-01-30,-5.491151,15.489999771118164,2020-01-30,0.323596,2020-01-30,True
2020-02-03,-1.125931,-1.770582,3225.52001953125,2020-01-31,-1.591465,9150.9404296875,2020-01-31,-3.549412,1789.9300537109375,2020-01-31,-2.072534,1614.06005859375,2020-01-31,21.626859,18.84000015258789,2020-01-31,0.767354,2020-01-31,True
2020-02-04,0.017304,0.725461,3248.919921875,2020-02-03,1.338223,9273.400390625,2020-02-03,1.243065,1812.1800537109375,2020-02-03,1.124487,1632.2099609375,2020-02-03,-4.617839,17.969999313354492,2020-02-03,0.65284,2020-02-03,True
2020-02-05,1.020755,1.498041,3297.590087890625,2020-02-04,2.098144,9467.9697265625,2020-02-04,3.116135,1868.6500244140625,2020-02-04,1.504712,1656.77001953125,2020-02-04,-10.684475,16.049999237060547,2020-02-04,-0.461139,2020-02-04,True
2020-02-06,1.08346,1.12506,3334.68994140625,2020-02-05,0.429976,9508.6796875,2020-02-05,2.18714,1909.52001953125,2020-02-05,1.518015,1681.9200439453125,2020-02-05,-5.607475,15.149999618530273,2020-02-05,-0.578463,2020-02-05,True
2020-02-07,-0.21371,0.332567,3345.780029296875,2020-02-06,0.667503,9572.150390625,2020-02-06,0.006284,1909.6400146484375,2020-02-06,-0.265178,1677.4599609375,2020-02-06,-1.254123,14.960000038146973,2020-02-06,0.082875,2020-02-06,True
2020-02-10,-1.143899,-0.540085,3327.7099609375,2020-02-07,-0.539488,9520.509765625,2020-02-07,-2.371129,1864.3599853515625,2020-02-07,-1.232812,1656.780029296875,2020-02-07,3.409092,15.470000267028809,2020-02-07,0.066757,2020-02-07,True
2020-02-11,0.316667,0.73264,3352.090087890625,2020-02-10,1.133131,9628.3896484375,2020-02-10,1.52546,1892.800048828125,2020-02-10,0.6573,1667.6700439453125,2020-02-10,-2.779575,15.039999961853027,2020-02-10,0.577578,2020-02-10,True
2020-02-12,-0.11555,0.168847,3357.75,2020-02-11,0.10958,9638.9404296875,2020-02-11,2.022396,1931.0799560546875,2020-02-11,0.590043,1677.510009765625,2020-02-11,0.930853,15.180000305175781,2020-02-11,-0.4584,2020-02-11,True
2020-02-13,0.229208,0.646265,3379.449951171875,2020-02-12,0.902791,9725.9599609375,2020-02-12,1.436501,1958.8199462890625,2020-02-12,0.707596,1689.3800048828125,2020-02-12,-9.486169,13.739999771118164,2020-02-12,-0.414129,2020-02-12,True
2020-02-14,-0.180535,-0.163045,3373.93994140625,2020-02-13,-0.143844,9711.9697265625,2020-02-13,0.077599,1960.3399658203125,2020-02-13,0.258082,1693.739990234375,2020-02-13,2.983987,14.149999618530273,2020-02-13,-0.233757,2020-02-13,True
2020-02-17,-0.163132,0.184353,3380.159912109375,2020-02-14,0.197797,9731.1796875,2020-02-14,-0.192819,1956.56005859375,2020-02-14,-0.363694,1687.5799560546875,2020-02-14,-3.32155,13.680000305175781,2020-02-14,0.467759,2020-02-14,True
2020-02-18,-0.734694,0.184353,3380.159912109375,2020-02-14,0.197797,9731.1796875,2020-02-14,-0.192819,1956.56005859375,2020-02-14,-0.363694,1687.5799560546875,2020-02-14,,,2020-02-17,-0.108994,2020-02-17,False
2020-02-19,0.530856,-0.291994,3370.2900390625,2020-02-18,0.016037,9732.740234375,2020-02-18,-1.402465,1929.1199951171875,2020-02-18,-0.240577,1683.52001953125,2020-02-18,8.40643,14.829999923706055,2020-02-18,0.137881,2020-02-18,True
2020-02-20,0.645802,0.470579,3386.14990234375,2020-02-19,0.867581,9817.1796875,2020-02-19,2.611554,1979.5,2020-02-19,0.53756,1692.5699462890625,2020-02-19,-3.034388,14.380000114440918,2020-02-19,0.516974,2020-02-19,True
2020-02-21,-1.398136,-0.381552,3373.22998046875,2020-02-20,-0.67443,9750.9697265625,2020-02-20,-1.528164,1949.25,2020-02-20,0.206786,1696.0699462890625,2020-02-20,8.205844,15.5600004196167,2020-02-20,0.121011,2020-02-20,True
2020-02-24,-1.688619,-1.05181,3337.75,2020-02-21,-1.788334,9576.58984375,2020-02-21,-2.985761,1891.050048828125,2020-02-21,-1.029436,1678.6099853515625,2020-02-21,9.768634,17.079999923706055,2020-02-21,1.093701,2020-02-21,True
2020-02-25,-0.052641,-3.351363,3225.889892578125,2020-02-24,-3.710189,9221.2802734375,2020-02-24,-4.749746,1801.22998046875,2020-02-24,-3.009038,1628.0999755859375,2020-02-24,46.545672,25.030000686645508,2020-02-24,0.113749,2020-02-24,True
2020-02-26,-1.457827,-3.028,3128.2099609375,2020-02-25,-2.772608,8965.6103515625,2020-02-25,-3.060131,1746.1099853515625,2020-02-25,-3.451873,1571.9000244140625,2020-02-25,11.266479,27.850000381469727,2020-02-25,0.985263,2020-02-25,True
2020-02-27,-0.035224,-0.377854,3116.389892578125,2020-02-26,0.169201,8980.7802734375,2020-02-26,0.219915,1749.949951171875,2020-02-26,-1.217636,1552.760009765625,2020-02-26,-1.041296,27.559999465942383,2020-02-26,-0.254587,2020-02-26,True
2020-02-28,-1.459334,-4.416324,2978.760009765625,2020-02-27,-4.613183,8566.48046875,2020-02-27,-4.645843,1668.6500244140625,2020-02-27,-3.534997,1497.8699951171875,2020-02-27,42.089988,39.15999984741211,2020-02-27,-0.262654,2020-02-27,True
2020-03-02,0.496506,-0.823834,2954.219970703125,2020-02-28,0.010385,8567.3701171875,2020-02-28,2.21077,1705.5400390625,2020-02-28,-1.431362,1476.4300537109375,2020-02-28,2.425947,40.11000061035156,2020-02-28,-0.004122,2020-02-28,True
2020-03-03,2.240437,4.603923,3090.22998046875,2020-03-02,4.491458,8952.169921875,2020-03-02,3.508564,1765.3800048828125,2020-03-02,2.848759,1518.489990234375,2020-03-02,-16.679138,33.41999816894531,2020-03-02,-0.925451,2020-03-02,True
2020-03-04,-0.779692,-2.81079,3003.3701171875,2020-03-03,-2.994582,8684.08984375,2020-03-03,-3.405499,1705.260009765625,2020-03-03,-2.134359,1486.0799560546875,2020-03-03,10.173554,36.81999969482422,2020-03-03,-0.984913,2020-03-03,True
2020-03-05,0.602837,4.220259,3130.1201171875,2020-03-04,3.846114,9018.08984375,2020-03-04,4.94411,1789.5699462890625,2020-03-04,3.036175,1531.199951171875,2020-03-04,-13.117871,31.989999771118164,2020-03-04,-0.163267,2020-03-04,True
2020-03-06,-1.318102,-3.392208,3023.93994140625,2020-03-05,-3.099326,8738.58984375,2020-03-05,-3.103534,1734.030029296875,2020-03-05,-3.420847,1478.8199462890625,2020-03-05,23.851201,39.619998931884766,2020-03-05,-0.224212,2020-03-05,True
2020-03-09,-3.156385,-1.705385,2972.3701171875,2020-03-06,-1.864943,8575.6201171875,2020-03-06,-1.968825,1699.8900146484375,2020-03-06,-2.001594,1449.219970703125,2020-03-06,5.855628,41.939998626708984,2020-03-06,0.320181,2020-03-06,True
2020-03-10,-0.168508,-7.59697,2746.56005859375,2020-03-09,-7.287402,7950.68017578125,2020-03-09,-8.337597,1558.1600341796875,2020-03-09,-9.36918,1313.43994140625,2020-03-09,29.852172,54.459999084472656,2020-03-09,0.019367,2020-03-09,True
2020-03-11,-0.167567,4.939631,2882.22998046875,2020-03-10,4.95014,8344.25,2020-03-10,6.311288,1656.5,2020-03-10,2.852059,1350.9000244140625,2020-03-10,-13.147264,47.29999923706055,2020-03-10,1.032248,2020-03-10,True
2020-03-12,-0.748417,-4.886845,2741.3798828125,2020-03-11,-4.700245,7952.0498046875,2020-03-11,-5.672198,1562.5400390625,2020-03-11,-6.410539,1264.300048828125,2020-03-11,13.953493,53.900001525878906,2020-03-11,-1.27171,2020-03-11,True
2020-03-13,-7.764098,-9.511268,2480.639892578125,2020-03-12,-9.434674,7201.7998046875,2020-03-12,-10.907244,1392.1099853515625,2020-03-12,-11.181681,1122.9300537109375,2020-03-12,40.018551,75.47000122070312,2020-03-12,0.395886,2020-03-12,True
2020-03-16,0.693029,9.287125,2711.02001953125,2020-03-13,9.345998,7874.8798828125,2020-03-13,10.929454,1544.260009765625,2020-03-13,7.765395,1210.1300048828125,2020-03-13,-23.373525,57.83000183105469,2020-03-13,1.730295,2020-03-13,True
2020-03-17,-3.659052,-11.984055,2386.1298828125,2020-03-16,-12.321331,6904.58984375,2020-03-16,-15.896286,1298.780029296875,2020-03-16,-14.272017,1037.4200439453125,2020-03-16,42.988068,82.69000244140625,2020-03-16,0.068603,2020-03-16,True
2020-03-18,0.043271,5.995485,2529.18994140625,2020-03-17,6.230492,7334.77978515625,2020-03-17,9.835383,1426.52001953125,2020-03-17,6.659787,1106.510009765625,2020-03-17,-8.199297,75.91000366210938,2020-03-17,1.754211,2020-03-17,True
2020-03-19,2.266484,-5.183076,2398.10009765625,2020-03-18,-4.702799,6989.83984375,2020-03-18,-9.791664,1286.8399658203125,2020-03-18,-10.424672,991.1599731445312,2020-03-18,0.71136,76.44999694824219,2020-03-18,0.482935,2020-03-18,True
2020-03-20,2.890316,0.470781,2409.389892578125,2020-03-19,2.299627,7150.580078125,2020-03-19,4.225856,1341.219970703125,2020-03-19,6.819285,1058.75,2020-03-19,-5.820794,72.0,2020-03-19,1.402272,2020-03-19,True
2020-03-23,-7.180546,-4.335951,2304.919921875,2020-03-20,-3.790742,6879.52001953125,2020-03-20,-3.182172,1298.5400390625,2020-03-20,-4.237071,1013.8900146484375,2020-03-20,-8.277777,66.04000091552734,2020-03-20,0.121881,2020-03-20,True
2020-03-24,2.851572,-2.929387,2237.39990234375,2020-03-23,-0.274003,6860.669921875,2020-03-23,3.356073,1342.1199951171875,2020-03-23,-1.133258,1002.4000244140625,2020-03-23,-6.738341,61.59000015258789,2020-03-23,-0.233121,2020-03-23,True
2020-03-25,2.988403,9.382774,2447.330078125,2020-03-24,8.121509,7417.85986328125,2020-03-24,11.154737,1491.8299560546875,2020-03-24,9.391462,1096.5400390625,2020-03-24,0.129888,61.66999816894531,2020-03-24,0.716145,2020-03-24,True
2020-03-26,-0.042185,1.153501,2475.56005859375,2020-03-25,-0.452422,7384.2998046875,2020-03-25,-1.291033,1472.5699462890625,2020-03-25,1.261236,1110.3699951171875,2020-03-25,3.697102,63.95000076293945,2020-03-25,-2.718288,2020-03-25,True
2020-03-27,4.23747,6.241416,2630.070068359375,2020-03-26,5.596201,7797.5400390625,2020-03-26,6.793568,1572.6099853515625,2020-03-26,6.299698,1180.3199462890625,2020-03-26,-4.61298,61.0,2020-03-26,0.201854,2020-03-26,True
2020-03-30,-3.129595,-3.368735,2541.469970703125,2020-03-27,-3.785298,7502.3798828125,2020-03-27,-5.332535,1488.75,2020-03-27,-4.094649,1131.989990234375,2020-03-27,7.442624,65.54000091552734,2020-03-27,-0.046192,2020-03-29,True
2020-03-31,0.633847,3.351601,2626.64990234375,2020-03-30,3.622451,7774.14990234375,2020-03-30,3.799164,1545.31005859375,2020-03-30,2.325988,1158.3199462890625,2020-03-30,-12.908146,57.08000183105469,2020-03-30,0.913641,2020-03-30,True
2020-04-01,-0.892672,-1.601272,2584.590087890625,2020-03-31,-0.952513,7700.10009765625,2020-03-31,-2.246804,1510.5899658203125,2020-03-31,-0.45065,1153.0999755859375,2020-03-31,-6.201823,53.540000915527344,2020-03-31,-0.493982,2020-03-31,True
2020-04-02,0.522762,-4.414243,2470.5,2020-04-01,-4.409294,7360.580078125,2020-04-01,-5.485273,1427.72998046875,2020-04-01,-7.034081,1071.989990234375,2020-04-01,6.574524,57.060001373291016,2020-04-01,1.485209,2020-04-01,True
2020-04-03,0.211327,2.282935,2526.89990234375,2020-04-02,1.721739,7487.31005859375,2020-04-02,3.283534,1474.6099853515625,2020-04-02,1.289198,1085.81005859375,2020-04-02,-10.778131,50.90999984741211,2020-04-02,-0.638197,2020-04-02,True
2020-04-06,0.995763,-1.513713,2488.64990234375,2020-04-03,-1.525648,7373.080078125,2020-04-03,-2.140901,1443.0400390625,2020-04-03,-3.1092,1052.050048828125,2020-04-03,-8.073071,46.79999923706055,2020-04-03,0.729517,2020-04-05,True
2020-04-07,1.507742,7.033132,2663.679931640625,2020-04-06,7.326113,7913.240234375,2020-04-06,10.383632,1592.8800048828125,2020-04-06,8.243903,1138.780029296875,2020-04-06,-3.333328,45.2400016784668,2020-04-06,-1.02768,2020-04-06,True
2020-04-08,-0.521565,-0.160305,2659.409912109375,2020-04-07,-0.328316,7887.259765625,2020-04-07,-0.470845,1585.3800048828125,2020-04-07,0.034248,1139.1700439453125,2020-04-07,3.22723,46.70000076293945,2020-04-07,-0.636899,2020-04-07,True
2020-04-09,1.750814,3.405645,2749.97998046875,2020-04-08,2.581887,8090.89990234375,2020-04-08,3.438293,1639.8900146484375,2020-04-08,4.60774,1191.6600341796875,2020-04-08,-7.173452,43.349998474121094,2020-04-08,-0.046084,2020-04-08,True
2020-04-10,-0.200401,1.448741,2789.820068359375,2020-04-09,0.7747,8153.580078125,2020-04-09,-2.326987,1601.72998046875,2020-04-09,4.62128,1246.72998046875,2020-04-09,-3.875433,41.66999816894531,2020-04-09,-0.431364,2020-04-09,True
2020-04-13,-0.298092,1.448741,2789.820068359375,2020-04-09,0.7747,8153.580078125,2020-04-09,-2.326987,1601.72998046875,2020-04-09,4.62128,1246.72998046875,2020-04-09,,,2020-04-10,0.1265,2020-04-12,False
2020-04-14,0.849171,-1.010466,2761.6298828125,2020-04-13,0.476353,8192.419921875,2020-04-13,1.370398,1623.6800537109375,2020-04-13,-2.782474,1212.0400390625,2020-04-13,-1.199904,41.16999816894531,2020-04-13,0.236159,2020-04-13,True
2020-04-16,-1.053259,-2.203044,2783.360107421875,2020-04-15,-1.439224,8393.1796875,2020-04-15,-2.821742,1647.9100341796875,2020-04-15,-4.311702,1183.97998046875,2020-04-15,8.156785,40.84000015258789,2020-04-15,0.83885,2020-04-15,True
2020-04-17,2.0469,0.581669,2799.550048828125,2020-04-16,1.658259,8532.3603515625,2020-04-16,2.606936,1690.8699951171875,2020-04-16,-0.497476,1178.0899658203125,2020-04-16,-1.787462,40.11000061035156,2020-04-16,0.334544,2020-04-16,True
2020-04-20,-0.135005,2.679359,2874.56005859375,2020-04-17,1.380384,8650.1396484375,2020-04-17,0.873516,1705.6400146484375,2020-04-17,4.329891,1229.0999755859375,2020-04-17,-4.88656,38.150001525878906,2020-04-17,-0.927738,2020-04-19,True
2020-04-21,-0.487995,-1.788105,2823.159912109375,2020-04-20,-1.033615,8560.73046875,2020-04-20,-2.232011,1667.5699462890625,2020-04-20,-1.281425,1213.3499755859375,2020-04-20,14.888598,43.83000183105469,2020-04-20,0.233692,2020-04-20,True
2020-04-22,-1.342282,-3.06748,2736.56005859375,2020-04-21,-3.475171,8263.23046875,2020-04-21,-4.729636,1588.699951171875,2020-04-21,-2.32909,1185.0899658203125,2020-04-21,3.604832,45.40999984741211,2020-04-21,1.046712,2020-04-21,True
2020-04-23,0.626223,2.293025,2799.31005859375,2020-04-22,2.809427,8495.3798828125,2020-04-22,5.880282,1682.1199951171875,2020-04-22,1.386397,1201.52001953125,2020-04-22,-7.553403,41.97999954223633,2020-04-22,0.043062,2020-04-22,True
2020-04-24,-0.581395,-0.053942,2797.800048828125,2020-04-23,-0.007414,8494.75,2020-04-23,-1.037378,1664.6700439453125,2020-04-23,1.043681,1214.06005859375,2020-04-23,-1.429248,41.380001068115234,2020-04-23,0.08689,2020-04-23,True
2020-04-27,0.354122,1.391806,2836.739990234375,2020-04-24,1.645364,8634.51953125,2020-04-24,2.276128,1702.56005859375,2020-04-24,1.564172,1233.050048828125,2020-04-24,-13.170615,35.93000030517578,2020-04-24,-0.239357,2020-04-26,True
2020-04-28,-1.273148,1.471407,2878.47998046875,2020-04-27,1.107654,8730.16015625,2020-04-27,1.320363,1725.0400390625,2020-04-27,3.960095,1281.8800048828125,2020-04-27,-7.347619,33.290000915527344,2020-04-27,-0.701912,2020-04-27,True
2020-04-29,0.116959,-0.524238,2863.389892578125,2020-04-28,-1.402376,8607.73046875,2020-04-28,-0.685786,1713.2099609375,2020-04-28,1.263765,1298.0799560546875,2020-04-28,0.84109,33.56999969482422,2020-04-28,-0.038495,2020-04-28,True
2020-05-04,-1.936483,-2.805903,2830.7099609375,2020-05-01,-3.201508,8604.9501953125,2020-05-01,-5.016056,1644.4000244140625,2020-05-01,-3.828609,1260.47998046875,2020-05-01,8.901894,37.189998626708984,2020-05-01,0.892038,2020-05-03,True
2020-05-06,1.8574,0.904056,2868.43994140625,2020-05-05,1.12976,8809.1201171875,2020-05-05,1.697463,1689.5,2020-05-05,0.754768,1273.510009765625,2020-05-05,-6.561025,33.61000061035156,2020-05-05,-0.09816,2020-05-05,True
2020-05-07,-0.372549,-0.697941,2848.419921875,2020-05-06,0.513894,8854.3896484375,2020-05-06,1.080201,1707.75,2020-05-06,-0.824493,1263.010009765625,2020-05-06,1.517401,34.119998931884766,2020-05-06,0.596113,2020-05-06,True
2020-05-08,0.668239,1.150463,2881.18994140625,2020-05-07,1.414784,8979.66015625,2020-05-07,1.006005,1724.9300537109375,2020-05-07,1.577188,1282.9300537109375,2020-05-07,-7.854626,31.440000534057617,2020-05-07,-0.805843,2020-05-07,True
2020-05-11,0.233827,1.687154,2929.800048828125,2020-05-08,1.577567,9121.3203125,2020-05-08,2.938086,1775.6099853515625,2020-05-08,3.640881,1329.6400146484375,2020-05-08,-11.005092,27.979999542236328,2020-05-08,0.00574,2020-05-10,True
2020-05-12,0.117763,0.013308,2930.18994140625,2020-05-11,0.77861,9192.33984375,2020-05-11,-0.07321,1774.31005859375,2020-05-11,-0.631752,1321.239990234375,2020-05-11,-1.465332,27.56999969482422,2020-05-11,0.303608,2020-05-11,True
2020-05-13,-1.166238,-2.050032,2870.1201171875,2020-05-12,-2.064654,9002.5498046875,2020-05-12,-2.765586,1725.239990234375,2020-05-12,-3.458868,1275.5400390625,2020-05-12,19.840411,33.040000915527344,2020-05-12,0.26587,2020-05-12,True
2020-05-14,-0.918507,-1.746272,2820.0,2020-05-13,-1.548227,8863.169921875,2020-05-13,-1.951615,1691.5699462890625,2020-05-13,-3.315462,1233.25,2020-05-13,6.779654,35.279998779296875,2020-05-13,0.073432,2020-05-13,True
2020-05-15,0.829548,1.152482,2852.5,2020-05-14,0.908815,8943.7197265625,2020-05-14,2.806866,1739.050048828125,2020-05-14,0.348676,1237.550048828125,2020-05-14,-7.568022,32.61000061035156,2020-05-14,-0.088874,2020-05-14,True
2020-05-18,0.512315,0.392636,2863.699951171875,2020-05-15,0.792062,9014.5595703125,2020-05-15,-2.194303,1700.8900146484375,2020-05-15,1.570841,1256.989990234375,2020-05-15,-2.207915,31.889999389648438,2020-05-15,0.541022,2020-05-17,True
2020-05-19,2.231793,3.150119,2953.909912109375,2020-05-18,2.443497,9234.830078125,2020-05-18,4.800429,1782.5400390625,2020-05-18,6.101874,1333.68994140625,2020-05-18,-8.121669,29.299999237060547,2020-05-18,-0.640377,2020-05-18,True
2020-05-20,-0.400763,-1.04844,2922.93994140625,2020-05-19,-0.53851,9185.099609375,2020-05-19,-0.388774,1775.6099853515625,2020-05-19,-1.947227,1307.719970703125,2020-05-19,4.197957,30.530000686645508,2020-05-19,0.009802,2020-05-19,True
2020-05-21,0.609292,1.66511,2971.610107421875,2020-05-20,2.075978,9375.7802734375,2020-05-20,3.670854,1840.7900390625,2020-05-20,2.998355,1346.9300537109375,2020-05-20,-8.319688,27.989999771118164,2020-05-20,0.18215,2020-05-20,True
2020-05-22,0.0,-0.77736,2948.510009765625,2020-05-21,-0.969523,9284.8798828125,2020-05-21,-2.706994,1790.9599609375,2020-05-21,0.046773,1347.56005859375,2020-05-21,5.501968,29.530000686645508,2020-05-21,0.557659,2020-05-21,True
2020-05-25,0.539915,0.235371,2955.449951171875,2020-05-22,0.427684,9324.58984375,2020-05-22,0.633744,1802.31005859375,2020-05-22,0.591437,1355.530029296875,2020-05-22,-4.639353,28.15999984741211,2020-05-22,0.499439,2020-05-24,True
2020-05-26,0.152352,0.235371,2955.449951171875,2020-05-22,0.427684,9324.58984375,2020-05-22,0.633744,1802.31005859375,2020-05-22,0.591437,1355.530029296875,2020-05-22,,,2020-05-25,0.037915,2020-05-25,False
2020-05-27,-0.467639,1.228918,2991.77001953125,2020-05-26,0.16762,9340.2197265625,2020-05-26,1.009812,1820.510009765625,2020-05-26,2.76939,1393.0699462890625,2020-05-26,-0.532669,28.010000228881836,2020-05-26,-0.737893,2020-05-26,True
2020-05-28,0.729108,1.48273,3036.1298828125,2020-05-27,0.772365,9412.3603515625,2020-05-27,1.472118,1847.31005859375,2020-05-27,3.107528,1436.3599853515625,2020-05-27,-1.392358,27.6200008392334,2020-05-27,0.603642,2020-05-27,True
2020-05-29,-0.652377,-0.210791,3029.72998046875,2020-05-28,-0.460778,9368.990234375,2020-05-28,-2.308764,1804.6600341796875,2020-05-28,-2.484749,1400.6700439453125,2020-05-28,3.511945,28.59000015258789,2020-05-28,-0.025847,2020-05-28,True
2020-06-01,0.242764,0.481234,3044.31005859375,2020-05-29,1.290212,9489.8701171875,2020-05-29,2.650358,1852.489990234375,2020-05-29,-0.473345,1394.0400390625,2020-05-29,-3.777544,27.510000228881836,2020-05-29,-0.606634,2020-05-31,True
2020-06-02,0.0,0.375123,3055.72998046875,2020-06-01,0.655222,9552.0498046875,2020-06-01,-0.499328,1843.239990234375,2020-06-01,0.812743,1405.3699951171875,2020-06-01,2.617228,28.229999542236328,2020-06-01,-0.607896,2020-06-01,True
2020-06-03,0.86988,0.821083,3080.820068359375,2020-06-02,0.589717,9608.3798828125,2020-06-02,2.179317,1883.4100341796875,2020-06-02,0.913636,1418.2099609375,2020-06-02,-4.923838,26.84000015258789,2020-06-02,-0.3148,2020-06-02,True
2020-06-04,1.276224,1.364898,3122.8701171875,2020-06-03,0.77568,9682.91015625,2020-06-03,2.870322,1937.469970703125,2020-06-03,2.388927,1452.0899658203125,2020-06-03,-4.396424,25.65999984741211,2020-06-03,-0.272329,2020-06-03,True
2020-06-05,-0.244456,-0.33687,3112.35009765625,2020-06-04,-0.69298,9615.8095703125,2020-06-04,0.825819,1953.469970703125,2020-06-04,-0.00206,1452.06005859375,2020-06-04,0.584566,25.809999465942383,2020-06-04,-0.036185,2020-06-04,True
2020-06-08,1.322342,2.621165,3193.929931640625,2020-06-05,2.061922,9814.080078125,2020-06-05,2.574395,2003.760009765625,2020-06-05,3.793918,1507.1500244140625,2020-06-05,-4.998059,24.520000457763672,2020-06-05,-1.17412,2020-06-07,True
2020-06-09,0.739467,1.204158,3232.389892578125,2020-06-08,1.127665,9924.75,2020-06-08,-0.256518,1998.6199951171875,2020-06-08,1.97326,1536.8900146484375,2020-06-08,5.261007,25.809999465942383,2020-06-08,-0.447919,2020-06-08,True
2020-06-10,-0.034376,-0.779917,3207.179931640625,2020-06-09,0.292199,9953.75,2020-06-09,-0.02652,1998.0899658203125,2020-06-09,-1.941581,1507.050048828125,2020-06-09,6.819063,27.56999969482422,2020-06-09,0.131306,2020-06-09,True
2020-06-11,-0.788211,-0.531309,3190.139892578125,2020-06-10,0.669091,10020.349609375,2020-06-10,0.328817,2004.6600341796875,2020-06-10,-2.631634,1467.3900146484375,2020-06-10,0.0,27.56999969482422,2020-06-10,-0.631426,2020-06-10,True
2020-06-12,-3.58885,-5.894406,3002.10009765625,2020-06-11,-5.265476,9492.73046875,2020-06-11,-6.385123,1876.6600341796875,2020-06-11,-7.576039,1356.219970703125,2020-06-11,47.950676,40.790000915527344,2020-06-11,1.262462,2020-06-11,True
2020-06-15,-1.120398,1.306084,3041.31005859375,2020-06-12,1.012133,9588.8095703125,2020-06-12,1.448847,1903.8499755859375,2020-06-12,2.319689,1387.6800537109375,2020-06-12,-11.522434,36.09000015258789,2020-06-12,-0.178461,2020-06-14,True
2020-06-16,2.58427,0.831222,3066.590087890625,2020-06-15,1.430938,9726.01953125,2020-06-15,1.426585,1931.010009765625,2020-06-15,2.300958,1419.6099853515625,2020-06-15,-4.682734,34.400001525878906,2020-06-15,0.356727,2020-06-15,True
2020-06-17,-0.229358,1.89624,3124.739990234375,2020-06-16,1.746353,9895.8701171875,2020-06-16,1.795948,1965.68994140625,2020-06-16,2.299929,1452.260009765625,2020-06-16,-2.122103,33.66999816894531,2020-06-16,0.352142,2020-06-16,True
2020-06-18,-0.442321,-0.36003,3113.489990234375,2020-06-17,0.148144,9910.5302734375,2020-06-17,0.93555,1984.0799560546875,2020-06-17,-1.77172,1426.530029296875,2020-06-17,-0.593992,33.470001220703125,2020-06-17,0.264208,2020-06-17,True
2020-06-19,0.958126,0.059422,3115.340087890625,2020-06-18,0.328131,9943.0498046875,2020-06-18,-0.198578,1980.1400146484375,2020-06-18,0.056075,1427.3299560546875,2020-06-18,-1.583515,32.939998626708984,2020-06-18,-0.246221,2020-06-18,True
2020-06-22,-0.901697,-0.564949,3097.739990234375,2020-06-19,0.030879,9946.1201171875,2020-06-19,-0.674194,1966.7900390625,2020-06-19,-0.609526,1418.6300048828125,2020-06-19,6.618095,35.119998931884766,2020-06-19,-0.038797,2020-06-21,True
2020-06-23,0.819088,0.64951,3117.860107421875,2020-06-22,1.109582,10056.48046875,2020-06-22,0.842487,1983.3599853515625,2020-06-22,1.050311,1433.530029296875,2020-06-22,-9.53872,31.770000457763672,2020-06-22,-0.238669,2020-06-22,True
2020-06-24,0.479489,0.430742,3131.2900390625,2020-06-23,0.74469,10131.3701171875,2020-06-23,0.220333,1987.72998046875,2020-06-23,0.405289,1439.3399658203125,2020-06-23,-1.259048,31.3700008392334,2020-06-23,-0.004143,2020-06-23,True
2020-06-25,-1.485235,-2.585515,3050.330078125,2020-06-24,-2.19319,9909.169921875,2020-06-24,-2.184901,1944.300048828125,2020-06-24,-3.446022,1389.739990234375,2020-06-24,7.873762,33.84000015258789,2020-06-24,-0.223515,2020-06-24,True
2020-06-26,0.967915,1.095945,3083.760009765625,2020-06-25,1.088185,10017.0,2020-06-25,0.861493,1961.050048828125,2020-06-25,1.696006,1413.31005859375,2020-06-25,-4.787231,32.220001220703125,2020-06-25,-0.309478,2020-06-25,True
2020-06-29,-1.237405,-2.422691,3009.050048828125,2020-06-26,-2.593394,9757.2197265625,2020-06-26,-1.99536,1921.9200439453125,2020-06-26,-2.443203,1378.780029296875,2020-06-26,7.790187,34.72999954223633,2020-06-26,0.092382,2020-06-28,True
2020-06-30,1.437298,1.468568,3053.239990234375,2020-06-29,1.198401,9874.150390625,2020-06-29,1.143647,1943.9000244140625,2020-06-29,3.077353,1421.2099609375,2020-06-29,-8.494094,31.780000686645508,2020-06-29,-0.344247,2020-06-29,True
2020-07-01,1.122195,1.540988,3100.2900390625,2020-06-30,1.869722,10058.76953125,2020-06-30,2.70281,1996.43994140625,2020-06-30,1.418512,1441.3699951171875,2020-06-30,-4.247956,30.43000030517578,2020-06-30,-0.008342,2020-06-30,True
2020-07-02,0.28485,0.502213,3115.860107421875,2020-07-01,0.953003,10154.6298828125,2020-07-01,-1.475625,1966.97998046875,2020-07-01,-0.975456,1427.31005859375,2020-07-01,-5.948076,28.6200008392334,2020-07-01,0.192753,2020-07-01,True
2020-07-03,0.386779,0.454125,3130.010009765625,2020-07-02,0.521929,10207.6298828125,2020-07-02,1.353852,1993.6099853515625,2020-07-02,0.318776,1431.8599853515625,2020-07-02,-3.284418,27.68000030517578,2020-07-02,-0.210703,2020-07-02,True
2020-07-06,0.209241,0.454125,3130.010009765625,2020-07-02,0.521929,10207.6298828125,2020-07-02,1.353852,1993.6099853515625,2020-07-02,0.318776,1431.8599853515625,2020-07-02,,,2020-07-03,0.027538,2020-07-05,False
2020-07-07,0.566718,1.588173,3179.719970703125,2020-07-06,2.214231,10433.650390625,2020-07-06,2.66853,2046.81005859375,2020-07-06,0.76963,1442.8800048828125,2020-07-06,0.939307,27.940000534057617,2020-07-06,-0.631618,2020-07-06,True
2020-07-08,0.0,-1.081853,3145.320068359375,2020-07-07,-0.8603,10343.8896484375,2020-07-07,-1.321082,2019.77001953125,2020-07-07,-1.862941,1416.0,2020-07-07,5.332855,29.43000030517578,2020-07-07,0.400519,2020-07-07,True
2020-07-09,0.505579,0.782746,3169.93994140625,2020-07-08,1.436697,10492.5,2020-07-08,1.484822,2049.760009765625,2020-07-08,0.805086,1427.4000244140625,2020-07-08,-4.587157,28.079999923706055,2020-07-08,-0.307764,2020-07-08,True
2020-07-10,0.190873,-0.564361,3152.050048828125,2020-07-09,0.526567,10547.75,2020-07-09,1.315274,2076.719970703125,2020-07-09,-1.995235,1398.9200439453125,2020-07-09,4.20228,29.260000228881836,2020-07-09,0.314592,2020-07-09,True
2020-07-13,1.033818,1.04662,3185.0400390625,2020-07-10,0.660714,10617.4404296875,2020-07-10,-0.333696,2069.7900390625,2020-07-10,1.698454,1422.6800537109375,2020-07-10,-6.732739,27.290000915527344,2020-07-10,0.313605,2020-07-12,True
2020-07-14,-0.704952,-0.936254,3155.219970703125,2020-07-13,-2.13423,10390.83984375,2020-07-13,-1.722398,2034.1400146484375,2020-07-13,-1.343247,1403.5699462890625,2020-07-13,17.955286,32.189998626708984,2020-07-13,0.355143,2020-07-13,True
2020-07-15,1.084898,1.340637,3197.52001953125,2020-07-14,0.940638,10488.580078125,2020-07-14,1.752585,2069.7900390625,2020-07-14,1.75909,1428.260009765625,2020-07-14,-8.294496,29.520000457763672,2020-07-14,0.01661,2020-07-14,True
2020-07-16,0.0,0.908205,3226.56005859375,2020-07-15,0.590263,10550.490234375,2020-07-15,-0.271531,2064.169921875,2020-07-15,3.501464,1478.27001953125,2020-07-15,-5.96206,27.760000228881836,2020-07-15,-0.291534,2020-07-15,True
2020-07-17,0.137907,-0.34061,3215.570068359375,2020-07-16,-0.726603,10473.830078125,2020-07-16,-0.399676,2055.919921875,2020-07-16,-0.724493,1467.56005859375,2020-07-16,0.864552,28.0,2020-07-16,0.313211,2020-07-16,True
2020-07-20,0.290847,0.284861,3224.72998046875,2020-07-17,0.280321,10503.1904296875,2020-07-17,0.635728,2068.989990234375,2020-07-17,0.392481,1473.3199462890625,2020-07-17,-8.285713,25.68000030517578,2020-07-17,-0.141165,2020-07-19,True
2020-07-21,0.908935,0.840694,3251.840087890625,2020-07-20,2.512564,10767.08984375,2020-07-20,2.004842,2110.469970703125,2020-07-20,-0.364483,1467.949951171875,2020-07-20,-4.750784,24.459999084472656,2020-07-20,-0.207895,2020-07-20,True
2020-07-22,-0.033807,0.167904,3257.300048828125,2020-07-21,-0.805505,10680.3603515625,2020-07-21,-0.657668,2096.590087890625,2020-07-21,1.332474,1487.510009765625,2020-07-21,1.553561,24.84000015258789,2020-07-21,-0.607488,2020-07-21,True
2020-07-23,0.033933,0.574708,3276.02001953125,2020-07-22,0.24128,10706.1298828125,2020-07-22,0.42163,2105.429931640625,2020-07-22,0.176806,1490.1400146484375,2020-07-22,-2.0934,24.31999969482422,2020-07-22,0.376443,2020-07-22,True
2020-07-24,-0.83632,-1.231986,3235.659912109375,2020-07-23,-2.2857,10461.419921875,2020-07-23,-1.636718,2070.969970703125,2020-07-23,0.004022,1490.199951171875,2020-07-23,7.236843,26.079999923706055,2020-07-23,0.309879,2020-07-23,True
2020-07-27,-0.171615,-0.61904,3215.6298828125,2020-07-24,-0.939072,10363.1796875,2020-07-24,-1.557725,2038.7099609375,2020-07-24,-1.519924,1467.550048828125,2020-07-24,-0.920245,25.84000015258789,2020-07-24,-0.037467,2020-07-26,True
2020-07-28,0.713921,0.739514,3239.409912109375,2020-07-27,1.670239,10536.26953125,2020-07-27,3.232934,2104.6201171875,2020-07-27,1.165206,1484.6500244140625,2020-07-27,-4.256967,24.739999771118164,2020-07-27,-0.380673,2020-07-27,True
2020-07-29,0.0,-0.647339,3218.43994140625,2020-07-28,-1.273503,10402.08984375,2020-07-28,-2.101102,2060.39990234375,2020-07-28,-1.002931,1469.760009765625,2020-07-28,2.829429,25.440000534057617,2020-07-28,0.288477,2020-07-28,True
2020-07-30,0.215339,1.242838,3258.43994140625,2020-07-29,1.35406,10542.9404296875,2020-07-29,2.22773,2106.300048828125,2020-07-29,2.100343,1500.6300048828125,2020-07-29,-5.267296,24.100000381469727,2020-07-29,-0.720379,2020-07-29,True
2020-07-31,0.414319,-0.375025,3246.219970703125,2020-07-30,0.425585,10587.8095703125,2020-07-30,1.95841,2147.550048828125,2020-07-30,-0.368514,1495.0999755859375,2020-07-30,2.738589,24.760000228881836,2020-07-30,-0.098252,2020-07-30,True
2020-08-03,0.016706,0.76705,3271.1201171875,2020-07-31,1.487182,10745.26953125,2020-07-31,-0.518737,2136.409912109375,2020-07-31,-0.9812,1480.4300537109375,2020-07-31,-1.211636,24.459999084472656,2020-07-31,0.321964,2020-08-02,True
2020-08-04,0.601403,0.718102,3294.610107421875,2020-08-03,1.466043,10902.7998046875,2020-08-03,1.912559,2177.27001953125,2020-08-03,1.781239,1506.800048828125,2020-08-03,-0.735889,24.280000686645508,2020-08-03,-0.136586,2020-08-03,True
2020-08-05,0.280621,0.361193,3306.510009765625,2020-08-04,0.351929,10941.169921875,2020-08-04,1.494534,2209.81005859375,2020-08-04,0.690862,1517.2099609375,2020-08-04,-2.141682,23.760000228881836,2020-08-04,0.041115,2020-08-04,True
2020-08-06,0.326584,0.642974,3327.77001953125,2020-08-05,0.523074,10998.400390625,2020-08-05,-0.101819,2207.56005859375,2020-08-05,1.913382,1546.239990234375,2020-08-05,-3.240743,22.989999771118164,2020-08-05,-0.592992,2020-08-05,True
2020-08-07,0.305417,0.64277,3349.159912109375,2020-08-06,0.997144,11108.0703125,2020-08-06,-0.118688,2204.93994140625,2020-08-06,-0.10477,1544.6199951171875,2020-08-06,-1.478905,22.649999618530273,2020-08-06,-0.169595,2020-08-06,True
2020-08-10,-0.176085,0.063303,3351.280029296875,2020-08-07,-0.874048,11010.98046875,2020-08-07,-1.182791,2178.860107421875,2020-08-07,1.590039,1569.1800537109375,2020-08-07,-1.942607,22.209999084472656,2020-08-07,0.420902,2020-08-09,True
2020-08-11,0.236593,0.274222,3360.469970703125,2020-08-10,-0.387069,10968.3603515625,2020-08-10,0.033962,2179.60009765625,2020-08-10,0.987139,1584.6700439453125,2020-08-10,-0.360198,22.1299991607666,2020-08-10,-0.249134,2020-08-10,True
2020-08-12,-0.358255,-0.796913,3333.68994140625,2020-08-11,-1.691593,10782.8203125,2020-08-11,-1.138285,2154.7900390625,2020-08-11,-0.603916,1575.0999755859375,2020-08-11,8.585638,24.030000686645508,2020-08-11,-0.017715,2020-08-11,True
2020-08-13,1.022463,1.399655,3380.35009765625,2020-08-12,2.127643,11012.240234375,2020-08-12,3.361345,2227.219970703125,2020-08-12,0.517429,1583.25,2020-08-12,-7.282563,22.280000686645508,2020-08-12,-0.188187,2020-08-12,True
2020-08-14,-0.139492,-0.204717,3373.429931640625,2020-08-13,0.274783,11042.5,2020-08-13,-1.113947,2202.409912109375,2020-08-13,-0.218535,1579.7900390625,2020-08-13,-0.673256,22.1299991607666,2020-08-13,0.115831,2020-08-13,True
2020-08-18,0.360276,0.270984,3381.989990234375,2020-08-17,1.002157,11129.73046875,2020-08-17,1.217736,2227.610107421875,2020-08-17,0.481023,1585.469970703125,2020-08-17,-3.174598,21.350000381469727,2020-08-17,-0.247889,2020-08-17,True
2020-08-19,0.703775,0.230339,3389.780029296875,2020-08-18,0.728763,11210.83984375,2020-08-18,-0.581349,2214.659912109375,2020-08-18,-0.99024,1569.77001953125,2020-08-18,0.749414,21.510000228881836,2020-08-18,0.045646,2020-08-18,True
2020-08-20,-0.828817,-0.44044,3374.85009765625,2020-08-19,-0.574265,11146.4599609375,2020-08-19,-0.627179,2200.77001953125,2020-08-19,0.146514,1572.0699462890625,2020-08-19,4.788474,22.540000915527344,2020-08-19,-0.205303,2020-08-19,True
2020-08-21,1.160477,0.315863,3385.510009765625,2020-08-20,1.06303,11264.9501953125,2020-08-20,-0.896504,2181.0400390625,2020-08-20,-0.494246,1564.300048828125,2020-08-20,0.798573,22.719999313354492,2020-08-20,0.260756,2020-08-20,True
2020-08-24,0.244978,0.344111,3397.159912109375,2020-08-21,0.415888,11311.7998046875,2020-08-21,0.792743,2198.330078125,2020-08-21,-0.755614,1552.47998046875,2020-08-21,-0.792246,22.540000915527344,2020-08-21,0.583465,2020-08-23,True
2020-08-25,0.726862,1.004372,3431.280029296875,2020-08-24,0.600434,11379.7197265625,2020-08-24,0.957092,2219.3701171875,2020-08-24,1.029964,1568.469970703125,2020-08-24,-0.754215,22.3700008392334,2020-08-24,-0.247645,2020-08-24,True
2020-08-26,-0.095663,0.359635,3443.6201171875,2020-08-25,0.762321,11466.4697265625,2020-08-25,1.067417,2243.06005859375,2020-08-25,0.174692,1571.2099609375,2020-08-25,-1.519893,22.030000686645508,2020-08-25,-0.150645,2020-08-25,True
2020-08-27,0.223179,1.019563,3478.72998046875,2020-08-26,1.731918,11665.0595703125,2020-08-26,0.319649,2250.22998046875,2020-08-26,-0.701372,1560.18994140625,2020-08-26,5.628687,23.270000457763672,2020-08-26,-0.219981,2020-08-26,True
2020-08-28,0.707737,0.167304,3484.550048828125,2020-08-27,-0.340502,11625.33984375,2020-08-27,-1.336756,2220.14990234375,2020-08-27,0.280102,1564.56005859375,2020-08-27,5.156849,24.469999313354492,2020-08-27,0.230602,2020-08-27,True
2020-08-31,0.736,0.673257,3508.010009765625,2020-08-28,0.604628,11695.6298828125,2020-08-28,1.981397,2264.139892578125,2020-08-28,0.880753,1578.3399658203125,2020-08-28,-6.170823,22.959999084472656,2020-08-28,-0.589087,2020-08-30,True
2020-09-01,0.195154,-0.219496,3500.31005859375,2020-08-31,0.682563,11775.4599609375,2020-08-31,-0.163857,2260.429931640625,2020-08-31,-1.042865,1561.8800048828125,2020-08-31,15.026136,26.40999984741211,2020-08-31,0.631582,2020-08-31,True
2020-09-02,0.677747,0.7525,3526.64990234375,2020-09-01,1.39451,11939.669921875,2020-09-01,1.957592,2304.679931640625,2020-09-01,1.069221,1578.5799560546875,2020-09-01,-1.098065,26.1200008392334,2020-09-01,-0.178595,2020-09-01,True
2020-09-03,0.947183,1.536591,3580.840087890625,2020-09-02,0.978004,12056.4404296875,2020-09-02,2.842043,2370.179931640625,2020-09-02,0.868507,1592.2900390625,2020-09-02,1.722813,26.56999969482422,2020-09-02,0.314788,2020-09-02,True
2020-09-04,-2.54626,-3.512584,3455.06005859375,2020-09-03,-4.962831,11458.099609375,2020-09-03,-5.735849,2234.22998046875,2020-09-03,-2.990032,1544.6800537109375,2020-09-03,26.458407,33.599998474121094,2020-09-03,0.179195,2020-09-03,True
2020-09-07,0.0,-0.813303,3426.9599609375,2020-09-04,-1.265216,11313.1298828125,2020-09-04,-0.9623,2212.72998046875,2020-09-04,-0.607246,1535.300048828125,2020-09-04,-8.482139,30.75,2020-09-04,-0.366145,2020-09-06,True
2020-09-08,0.84624,-0.813303,3426.9599609375,2020-09-04,-1.265216,11313.1298828125,2020-09-04,-0.9623,2212.72998046875,2020-09-04,-0.607246,1535.300048828125,2020-09-04,,,2020-09-07,0.032873,2020-09-07,False
2020-09-09,-1.198171,-2.775634,3331.840087890625,2020-09-08,-4.114153,10847.6904296875,2020-09-08,-4.705494,2108.610107421875,2020-09-08,-2.000266,1504.5899658203125,2020-09-08,2.30894,31.459999084472656,2020-09-08,0.204745,2020-09-08,True
2020-09-10,0.957702,2.014499,3398.9599609375,2020-09-09,2.709048,11141.5595703125,2020-09-09,2.892901,2169.610107421875,2020-09-09,1.454882,1526.47998046875,2020-09-09,-8.423394,28.809999465942383,2020-09-09,-0.408663,2020-09-09,True
2020-09-11,-0.474308,-1.75848,3339.18994140625,2020-09-10,-1.992268,10919.58984375,2020-09-10,-1.467087,2137.780029296875,2020-09-10,-1.227005,1507.75,2020-09-10,3.123914,29.709999084472656,2020-09-10,0.24063,2020-09-10,True
2020-09-14,0.885936,0.053307,3340.969970703125,2020-09-11,-0.604785,10853.5498046875,2020-09-11,-0.065952,2136.3701171875,2020-09-11,-0.695074,1497.27001953125,2020-09-11,-9.559065,26.8700008392334,2020-09-11,-0.021901,2020-09-13,True
2020-09-15,0.327818,1.274183,3383.5400390625,2020-09-14,1.871283,11056.650390625,2020-09-14,2.124158,2181.75,2020-09-14,2.651489,1536.969970703125,2020-09-14,-3.796057,25.850000381469727,2020-09-14,-0.516441,2020-09-14,True
2020-09-16,-0.077447,0.521936,3401.199951171875,2020-09-15,1.208955,11190.3203125,2020-09-15,1.716051,2219.18994140625,2020-09-15,0.076778,1538.1500244140625,2020-09-15,-1.005804,25.59000015258789,2020-09-15,-0.134647,2020-09-15,True
2020-09-17,-0.217459,-0.461895,3385.489990234375,2020-09-16,-1.249746,11050.4697265625,2020-09-16,-1.0657,2195.5400390625,2020-09-16,0.921882,1552.3299560546875,2020-09-16,1.758502,26.040000915527344,2020-09-16,-0.608866,2020-09-16,True
2020-09-18,0.425666,-0.841237,3357.010009765625,2020-09-17,-1.268629,10910.2802734375,2020-09-17,-0.063316,2194.14990234375,2020-09-17,-0.626798,1542.5999755859375,2020-09-17,1.612896,26.459999084472656,2020-09-17,-0.291785,2020-09-17,True
2020-09-21,-0.125707,-1.118258,3319.469970703125,2020-09-18,-1.072383,10793.2802734375,2020-09-18,-1.5122,2160.969970703125,2020-09-18,-0.377282,1536.780029296875,2020-09-18,-2.380949,25.829999923706055,2020-09-18,-0.398754,2020-09-20,True
2020-09-22,-0.174326,-1.15711,3281.06005859375,2020-09-21,-0.134162,10778.7998046875,2020-09-21,-0.30958,2154.280029296875,2020-09-21,-3.353117,1485.25,2020-09-21,7.549364,27.780000686645508,2020-09-21,-0.012029,2020-09-21,True
2020-09-23,0.616583,1.051795,3315.570068359375,2020-09-22,1.714846,10963.6396484375,2020-09-22,1.20597,2180.260009765625,2020-09-22,0.788417,1496.9599609375,2020-09-22,-3.311735,26.860000610351562,2020-09-22,-0.115992,2020-09-22,True
2020-09-24,-1.277077,-2.372146,3236.919921875,2020-09-23,-3.015873,10632.990234375,2020-09-23,-2.45705,2126.68994140625,2020-09-23,-3.039493,1451.4599609375,2020-09-23,6.403571,28.579999923706055,2020-09-23,0.621934,2020-09-23,True
2020-09-25,0.695019,0.298746,3246.590087890625,2020-09-24,0.36941,10672.26953125,2020-09-24,0.974753,2147.419921875,2020-09-24,0.024802,1451.8199462890625,2020-09-24,-0.244925,28.510000228881836,2020-09-24,-0.105151,2020-09-24,True
2020-09-28,0.971993,1.597672,3298.4599609375,2020-09-25,2.260907,10913.5595703125,2020-09-25,1.416591,2177.840087890625,2020-09-25,1.590424,1474.9100341796875,2020-09-25,-7.471066,26.3799991607666,2020-09-25,0.422759,2020-09-27,True
2020-09-29,1.006657,1.611059,3351.60009765625,2020-09-28,1.868966,11117.5302734375,2020-09-28,2.745831,2237.639892578125,2020-09-28,2.402176,1510.3399658203125,2020-09-28,-0.720237,26.190000534057617,2020-09-28,-0.599085,2020-09-28,True
2020-10-05,-0.048255,-0.957765,3348.419921875,2020-10-02,-2.220368,11075.01953125,2020-10-02,-3.082766,2221.1201171875,2020-10-02,0.529003,1539.300048828125,2020-10-02,3.48314,27.6299991607666,2020-10-02,0.290883,2020-10-04,True
2020-10-06,0.397772,1.797271,3408.60009765625,2020-10-05,2.324788,11332.490234375,2020-10-05,3.35146,2295.56005859375,2020-10-05,2.771384,1581.9599609375,2020-10-05,1.194354,27.959999084472656,2020-10-05,-0.795464,2020-10-05,True
2020-10-07,-0.619146,-1.397352,3360.969970703125,2020-10-06,-1.56974,11154.599609375,2020-10-06,-0.630346,2281.090087890625,2020-10-06,-0.295198,1577.2900390625,2020-10-06,5.436339,29.479999542236328,2020-10-06,0.674692,2020-10-06,True
2020-10-08,0.691824,1.739675,3419.43994140625,2020-10-07,1.882631,11364.599609375,2020-10-07,2.093297,2328.840087890625,2020-10-07,2.139746,1611.0400390625,2020-10-07,-4.816825,28.059999465942383,2020-10-07,-0.634941,2020-10-07,True
2020-10-12,0.644451,0.879353,3477.139892578125,2020-10-09,1.391824,11579.9404296875,2020-10-09,1.777474,2398.0400390625,2020-10-09,0.552639,1637.550048828125,2020-10-09,-5.159335,25.0,2020-10-09,-0.670222,2020-10-11,True
2020-10-13,0.594865,1.641581,3534.219970703125,2020-10-12,2.558902,11876.259765625,2020-10-12,1.477871,2433.47998046875,2020-10-12,0.702269,1649.050048828125,2020-10-12,0.279999,25.06999969482422,2020-10-12,0.328184,2020-10-12,True
2020-10-14,0.109495,-0.630692,3511.929931640625,2020-10-13,-0.104068,11863.900390625,2020-10-13,-0.137667,2430.1298828125,2020-10-13,-0.739824,1636.8499755859375,2020-10-13,3.988831,26.06999969482422,2020-10-13,0.129971,2020-10-13,True
2020-10-15,-0.173776,-0.662314,3488.669921875,2020-10-14,-0.802181,11768.73046875,2020-10-14,-0.532068,2417.199951171875,2020-10-14,-0.92861,1621.6500244140625,2020-10-14,1.265823,26.399999618530273,2020-10-14,-0.13764,2020-10-14,True
2020-10-16,0.238739,-0.152776,3483.340087890625,2020-10-15,-0.466154,11713.8701171875,2020-10-15,-0.25112,2411.1298828125,2020-10-15,1.062497,1638.8800048828125,2020-10-15,2.15909,26.969999313354492,2020-10-15,-0.19018,2020-10-15,True
2020-10-19,0.320205,0.013492,3483.81005859375,2020-10-16,-0.3612,11671.5595703125,2020-10-16,-0.471558,2399.760009765625,2020-10-16,-0.309354,1633.81005859375,2020-10-16,1.631444,27.40999984741211,2020-10-16,-0.257834,2020-10-18,True
2020-10-20,-0.43131,-1.632986,3426.919921875,2020-10-19,-1.650848,11478.8798828125,2020-10-19,-0.579638,2385.85009765625,2020-10-19,-1.235153,1613.6300048828125,2020-10-19,6.457499,29.18000030517578,2020-10-19,-0.366292,2020-10-19,True
2020-10-21,0.174492,0.472733,3443.1201171875,2020-10-20,0.327648,11516.490234375,2020-10-20,-0.001259,2385.820068359375,2020-10-20,0.252843,1617.7099609375,2020-10-20,0.582591,29.350000381469727,2020-10-20,-0.087951,2020-10-20,True
2020-10-22,-0.553447,-0.21957,3435.56005859375,2020-10-21,-0.276124,11484.6904296875,2020-10-21,-0.777932,2367.260009765625,2020-10-21,-0.86109,1603.780029296875,2020-10-21,-2.385011,28.649999618530273,2020-10-21,-0.349469,2020-10-21,True
2020-10-23,0.413947,0.521893,3453.489990234375,2020-10-22,0.185633,11506.009765625,2020-10-22,0.134752,2370.449951171875,2020-10-22,1.650474,1630.25,2020-10-22,-1.884813,28.110000610351562,2020-10-22,0.187274,2020-10-22,True
2020-10-26,0.301396,0.344576,3465.389892578125,2020-10-23,0.367378,11548.2802734375,2020-10-23,-0.431141,2360.22998046875,2020-10-23,0.628738,1640.5,2020-10-23,-1.992178,27.549999237060547,2020-10-23,0.187274,2020-10-22,True
2020-10-27,-0.715194,-1.858952,3400.969970703125,2020-10-26,-1.63955,11358.9404296875,2020-10-26,-2.193855,2308.449951171875,2020-10-26,-2.151176,1605.2099609375,2020-10-26,17.822142,32.459999084472656,2020-10-26,-0.563419,2020-10-26,True
2020-10-28,-0.368708,-0.302562,3390.679931640625,2020-10-27,0.637464,11431.349609375,2020-10-27,-0.326628,2300.909912109375,2020-10-27,-0.903309,1590.7099609375,2020-10-27,2.741834,33.349998474121094,2020-10-27,0.344045,2020-10-27,True
2020-10-29,-1.403285,-3.528788,3271.030029296875,2020-10-28,-3.730789,11004.8701171875,2020-10-28,-3.386918,2222.97998046875,2020-10-28,-2.981683,1543.280029296875,2020-10-28,20.779612,40.279998779296875,2020-10-28,-0.301336,2020-10-28,True
2020-10-30,-0.387347,1.194733,3310.110107421875,2020-10-29,1.64218,11185.58984375,2020-10-29,2.729216,2283.64990234375,2020-10-29,1.185781,1561.5799560546875,2020-10-29,-6.678249,37.59000015258789,2020-10-29,0.527381,2020-10-29,True
2020-11-02,0.23225,-1.212955,3269.9599609375,2020-10-30,-2.44958,10911.58984375,2020-10-30,-1.642108,2246.14990234375,2020-10-30,-1.479269,1538.47998046875,2020-10-30,1.143922,38.02000045776367,2020-10-30,-0.410873,2020-10-30,True
2020-11-03,0.408497,1.23182,3310.239990234375,2020-11-02,0.421758,10957.6103515625,2020-11-02,0.619735,2260.070068359375,2020-11-02,1.957126,1568.5899658203125,2020-11-02,-2.340872,37.130001068115234,2020-11-02,0.539164,2020-11-02,True
2020-11-04,0.672861,1.779929,3369.159912109375,2020-11-03,1.852228,11160.5703125,2020-11-03,1.887548,2302.72998046875,2020-11-03,2.914087,1614.300048828125,2020-11-03,-4.255324,35.54999923706055,2020-11-03,-0.30556,2020-11-03,True
2020-11-05,0.62092,2.204705,3443.43994140625,2020-11-04,3.854731,11590.7802734375,2020-11-04,3.538843,2384.219970703125,2020-11-04,0.048312,1615.0799560546875,2020-11-04,-16.821377,29.56999969482422,2020-11-04,-0.159879,2020-11-04,True
2020-11-06,0.389469,1.946019,3510.449951171875,2020-11-05,2.589553,11890.9296875,2020-11-05,4.401437,2489.159912109375,2020-11-05,2.784388,1660.050048828125,2020-11-05,-6.729793,27.579999923706055,2020-11-05,-0.052194,2020-11-05,True
2020-11-09,0.963481,-0.028772,3509.43994140625,2020-11-06,0.036169,11895.23046875,2020-11-06,1.611391,2529.27001953125,2020-11-06,-0.710222,1648.260009765625,2020-11-06,-9.862217,24.860000610351562,2020-11-06,-0.629347,2020-11-06,True
2020-11-10,0.475752,1.169989,3550.5,2020-11-09,-1.525403,11713.7802734375,2020-11-09,-1.252533,2497.590087890625,2020-11-09,3.444847,1705.0400390625,2020-11-09,3.580046,25.75,2020-11-09,-0.131832,2020-11-09,True
2020-11-11,0.368381,-0.139979,3545.530029296875,2020-11-10,-1.365229,11553.8603515625,2020-11-10,-3.013305,2422.330078125,2020-11-10,1.875028,1737.010009765625,2020-11-10,-3.689323,24.799999237060547,2020-11-10,-0.219425,2020-11-10,True
2020-11-12,-0.045317,0.765186,3572.659912109375,2020-11-11,2.012915,11786.4296875,2020-11-11,3.670429,2511.239990234375,2020-11-11,-0.004034,1736.93994140625,2020-11-11,-5.443542,23.450000762939453,2020-11-11,-0.233307,2020-11-11,True
2020-11-13,-0.379478,-0.997853,3537.010009765625,2020-11-12,-0.651935,11709.58984375,2020-11-12,-1.306528,2478.429931640625,2020-11-12,-1.639088,1708.469970703125,2020-11-12,8.102344,25.350000381469727,2020-11-12,-0.414845,2020-11-12,True
2020-11-16,0.660958,1.361034,3585.14990234375,2020-11-13,1.022241,11829.2900390625,2020-11-13,1.226185,2508.820068359375,2020-11-13,2.081984,1744.0400390625,2020-11-13,-8.87574,23.100000381469727,2020-11-13,0.311313,2020-11-13,True
2020-11-17,0.250037,1.164805,3626.909912109375,2020-11-16,0.801737,11924.1298828125,2020-11-16,2.477655,2570.97998046875,2020-11-16,2.368061,1785.3399658203125,2020-11-16,-2.813851,22.450000762939453,2020-11-16,-0.64131,2020-11-16,True
2020-11-18,0.044137,-0.479193,3609.530029296875,2020-11-17,-0.207898,11899.33984375,2020-11-17,-0.856484,2548.9599609375,2020-11-17,0.368001,1791.9100341796875,2020-11-17,1.158122,22.709999084472656,2020-11-17,-0.150759,2020-11-17,True
2020-11-19,-0.397644,-1.156383,3567.7900390625,2020-11-18,-0.821392,11801.599609375,2020-11-18,-0.720681,2530.590087890625,2020-11-18,-1.260671,1769.3199462890625,2020-11-18,4.975786,23.84000015258789,2020-11-18,-0.103067,2020-11-18,True
2020-11-20,-0.205913,0.394644,3581.8701171875,2020-11-19,0.873698,11904.7099609375,2020-11-19,1.566033,2570.219970703125,2020-11-19,0.837048,1784.1300048828125,2020-11-19,-3.062079,23.110000610351562,2020-11-19,0.085983,2020-11-19,True
2020-11-23,0.35263,-0.679256,3557.5400390625,2020-11-20,-0.41782,11854.9697265625,2020-11-20,-0.572712,2555.5,2020-11-20,0.067818,1785.3399658203125,2020-11-20,2.553008,23.700000762939453,2020-11-20,0.745094,2020-11-20,True
2020-11-24,0.359092,0.563593,3577.590087890625,2020-11-23,0.216451,11880.6298828125,2020-11-23,1.555469,2595.25,2020-11-23,1.846152,1818.300048828125,2020-11-23,-4.388189,22.65999984741211,2020-11-23,-0.027829,2020-11-23,True
2020-11-25,0.642857,1.616167,3635.409912109375,2020-11-24,1.31441,12036.7900390625,2020-11-24,0.5302,2609.010009765625,2020-11-24,1.937523,1853.530029296875,2020-11-24,-4.501326,21.639999389648438,2020-11-24,-0.067335,2020-11-24,True
2020-11-26,-0.04311,-0.158442,3629.64990234375,2020-11-25,0.478619,12094.400390625,2020-11-25,-0.336144,2600.239990234375,2020-11-25,-0.459124,1845.02001953125,2020-11-25,-1.802215,21.25,2020-11-25,-0.302763,2020-11-25,True
2020-11-27,0.0,-0.158442,3629.64990234375,2020-11-25,0.478619,12094.400390625,2020-11-25,-0.336144,2600.239990234375,2020-11-25,-0.459124,1845.02001953125,2020-11-25,,,2020-11-26,-0.470391,2020-11-26,False
2020-11-30,0.312323,0.239698,3638.35009765625,2020-11-27,0.921494,12205.849609375,2020-11-27,1.204507,2631.56005859375,2020-11-27,0.55555,1855.27001953125,2020-11-27,-1.929411,20.84000015258789,2020-11-27,0.096883,2020-11-27,True
2020-12-01,0.619864,-0.459555,3621.6298828125,2020-11-30,-0.058246,12198.740234375,2020-11-30,1.213346,2663.489990234375,2020-11-30,-1.910777,1819.8199462890625,2020-11-30,-1.295588,20.56999969482422,2020-11-30,-0.111265,2020-11-30,True
2020-12-02,0.482475,1.127119,3662.449951171875,2020-12-01,1.281855,12355.1103515625,2020-12-01,1.736068,2709.72998046875,2020-12-01,0.891852,1836.050048828125,2020-12-01,0.972293,20.770000457763672,2020-12-01,0.378515,2020-12-01,True
2020-12-03,0.334728,0.179117,3669.010009765625,2020-12-02,-0.04646,12349.3701171875,2020-12-02,0.244309,2716.35009765625,2020-12-02,0.107839,1838.030029296875,2020-12-02,1.925853,21.170000076293945,2020-12-02,-0.201169,2020-12-02,True
2020-12-04,0.387758,-0.062416,3666.719970703125,2020-12-03,0.22519,12377.1796875,2020-12-03,-0.00737,2716.14990234375,2020-12-03,0.580509,1848.699951171875,2020-12-03,0.519606,21.280000686645508,2020-12-03,-0.623714,2020-12-03,True
2020-12-07,0.843537,0.883628,3699.1201171875,2020-12-04,0.703317,12464.23046875,2020-12-04,2.830482,2793.030029296875,2020-12-04,2.366528,1892.449951171875,2020-12-04,-2.30263,20.790000915527344,2020-12-04,-0.733146,2020-12-04,True
2020-12-08,-0.094723,-0.193564,3691.9599609375,2020-12-07,0.447037,12519.9501953125,2020-12-07,0.486213,2806.610107421875,2020-12-07,-0.063407,1891.25,2020-12-07,2.453094,21.299999237060547,2020-12-07,-0.690899,2020-12-07,True
2020-12-09,0.605061,0.278715,3702.25,2020-12-08,0.501754,12582.76953125,2020-12-08,0.344184,2816.27001953125,2020-12-08,1.402777,1917.780029296875,2020-12-08,-2.910793,20.68000030517578,2020-12-08,-0.009225,2020-12-08,True
2020-12-10,-1.129032,-0.79492,3672.820068359375,2020-12-09,-1.937724,12338.9501953125,2020-12-09,-2.893899,2734.77001953125,2020-12-09,-0.815005,1902.1500244140625,2020-12-09,7.688589,22.270000457763672,2020-12-09,0.108882,2020-12-09,True
2020-12-11,0.650318,-0.128511,3668.10009765625,2020-12-10,0.541856,12405.8095703125,2020-12-10,-0.040226,2733.669921875,2020-12-10,1.080353,1922.699951171875,2020-12-10,1.122586,22.520000457763672,2020-12-10,0.138267,2020-12-10,True
2020-12-14,0.067159,-0.1265,3663.4599609375,2020-12-11,-0.225213,12377.8701171875,2020-12-11,-1.082422,2704.080078125,2020-12-11,-0.572112,1911.699951171875,2020-12-11,3.507988,23.309999465942383,2020-12-11,0.000921,2020-12-11,True
2020-12-15,0.053937,-0.435926,3647.489990234375,2020-12-14,0.502267,12440.0400390625,2020-12-14,1.189681,2736.25,2020-12-14,0.11299,1913.8599853515625,2020-12-14,6.048906,24.719999313354492,2020-12-14,0.479575,2020-12-14,True
2020-12-16,0.782093,1.292125,3694.6201171875,2020-12-15,1.246134,12595.0595703125,2020-12-15,1.408498,2774.7900390625,2020-12-15,2.398296,1959.760009765625,2020-12-15,-7.402913,22.889999389648438,2020-12-15,0.043982,2020-12-15,True
2020-12-17,0.067141,0.17728,3701.169921875,2020-12-16,0.501235,12658.1904296875,2020-12-16,-0.049377,2773.419921875,2020-12-16,-0.35923,1952.719970703125,2020-12-16,-1.703798,22.5,2020-12-16,-0.352554,2020-12-16,True
2020-12-18,0.241935,0.575765,3722.47998046875,2020-12-17,0.841823,12764.75,2020-12-17,0.170186,2778.139892578125,2020-12-17,1.297169,1978.050048828125,2020-12-17,-2.533332,21.93000030517578,2020-12-17,0.316121,2020-12-17,True
2020-12-21,0.148048,-0.351112,3709.409912109375,2020-12-18,-0.071371,12755.6396484375,2020-12-18,-0.482334,2764.739990234375,2020-12-18,-0.407475,1969.989990234375,2020-12-18,-1.64159,21.56999969482422,2020-12-18,0.046719,2020-12-18,True
2020-12-22,-0.376395,-0.390628,3694.919921875,2020-12-21,-0.102857,12742.51953125,2020-12-21,-0.631161,2747.2900390625,2020-12-21,0.017257,1970.3299560546875,2020-12-21,16.643487,25.15999984741211,2020-12-21,0.624446,2020-12-21,True
2020-12-23,0.519268,-0.207309,3687.260009765625,2020-12-22,0.513245,12807.919921875,2020-12-22,-0.120849,2743.969970703125,2020-12-22,0.992222,1989.8800048828125,2020-12-22,-3.696345,24.229999542236328,2020-12-22,0.262062,2020-12-22,True
2020-12-24,0.188628,0.074581,3690.010009765625,2020-12-23,-0.287397,12771.1103515625,2020-12-23,-0.744904,2723.530029296875,2020-12-23,0.865377,2007.0999755859375,2020-12-23,-3.796946,23.309999465942383,2020-12-23,0.555424,2020-12-23,True
2020-12-28,0.634082,0.353659,3703.06005859375,2020-12-24,0.263251,12804.73046875,2020-12-24,0.980711,2750.239990234375,2020-12-24,-0.156944,2003.949951171875,2020-12-24,,,2020-12-25,-0.442615,2020-12-25,False
2020-12-29,0.933228,0.872253,3735.360107421875,2020-12-28,0.739488,12899.419921875,2020-12-28,-0.215979,2744.300048828125,2020-12-28,-0.384239,1996.25,2020-12-28,0.789596,21.700000762939453,2020-12-28,-0.074558,2020-12-28,True
2020-12-30,-0.426522,-0.222738,3727.0400390625,2020-12-29,-0.381414,12850.2197265625,2020-12-29,-0.227745,2738.050048828125,2020-12-29,-1.847966,1959.3599853515625,2020-12-29,6.359443,23.079999923706055,2020-12-29,-0.372123,2020-12-29,True
2021-01-04,0.21519,0.643885,3756.070068359375,2020-12-31,0.142038,12888.2802734375,2020-12-31,0.42137,2795.5,2020-12-31,-0.259092,1974.8599853515625,2020-12-31,,,2021-01-01,-0.162922,2021-01-01,False
2021-01-05,-0.53034,-1.475483,3700.64990234375,2021-01-04,-1.472889,12698.4501953125,2021-01-04,-0.439637,2783.2099609375,2021-01-04,-1.465924,1945.9100341796875,2021-01-04,18.549448,26.969999313354492,2021-01-04,0.007372,2021-01-04,True
2021-01-06,0.291616,0.70826,3726.860107421875,2021-01-05,0.949012,12818.9599609375,2021-01-05,1.938767,2837.169921875,2021-01-05,1.70614,1979.1099853515625,2021-01-05,-6.043749,25.34000015258789,2021-01-05,0.174238,2021-01-05,True
2021-01-07,1.128834,0.570984,3748.139892578125,2021-01-06,-0.609799,12740.7900390625,2021-01-06,-0.324618,2827.9599609375,2021-01-06,3.98209,2057.919921875,2021-01-06,-1.065511,25.06999969482422,2021-01-06,-0.015649,2021-01-06,True
2021-01-08,1.306954,1.48474,3803.7900390625,2021-01-07,2.56413,13067.48046875,2021-01-07,3.855784,2937.0,2021-01-07,1.893658,2096.889892578125,2021-01-07,-10.76984,22.3700008392334,2021-01-07,0.046021,2021-01-07,True
2021-01-11,1.044896,0.549186,3824.679931640625,2021-01-08,1.029273,13201.98046875,2021-01-08,-0.018047,2936.469970703125,2021-01-08,-0.249416,2091.659912109375,2021-01-08,-3.620927,21.559999465942383,2021-01-08,0.563043,2021-01-08,True
2021-01-12,-0.515405,-0.655475,3799.610107421875,2021-01-11,-1.253984,13036.4296875,2021-01-11,1.139121,2969.919921875,2021-01-11,-0.031071,2091.010009765625,2021-01-11,11.688314,24.079999923706055,2021-01-11,-0.022871,2021-01-11,True
2021-01-13,0.10389,0.041579,3801.18994140625,2021-01-12,0.276149,13072.4296875,2021-01-12,0.609447,2988.02001953125,2021-01-12,1.767086,2127.9599609375,2021-01-12,-3.114618,23.329999923706055,2021-01-12,0.332169,2021-01-12,True
2021-01-14,-0.505051,0.227564,3809.840087890625,2021-01-13,0.432364,13128.9501953125,2021-01-13,0.131523,2991.949951171875,2021-01-13,-0.751423,2111.969970703125,2021-01-13,-4.800689,22.209999084472656,2021-01-13,-0.265394,2021-01-13,True
2021-01-15,0.528675,-0.375345,3795.5400390625,2021-01-14,-0.124233,13112.6396484375,2021-01-14,2.12871,3055.639892578125,2021-01-14,2.054012,2155.35009765625,2021-01-14,4.68258,23.25,2021-01-14,0.326458,2021-01-14,True
2021-01-18,-1.06933,-0.719003,3768.25,2021-01-15,-0.870455,12998.5,2021-01-15,-2.057503,2992.77001953125,2021-01-15,-1.491644,2123.199951171875,2021-01-15,4.688173,24.34000015258789,2021-01-15,-0.201435,2021-01-15,True
2021-01-19,0.541386,-0.719003,3768.25,2021-01-15,-0.870455,12998.5,2021-01-15,-2.057503,2992.77001953125,2021-01-15,-1.491644,2123.199951171875,2021-01-15,,,2021-01-18,0.736134,2021-01-18,False
2021-01-20,1.770015,0.813638,3798.909912109375,2021-01-19,1.528482,13197.1796875,2021-01-19,3.359765,3093.320068359375,2021-01-19,1.315935,2151.139892578125,2021-01-19,-4.519311,23.239999771118164,2021-01-19,0.012694,2021-01-19,True
2021-01-21,0.932401,1.393563,3851.85009765625,2021-01-20,1.970651,13457.25,2021-01-20,-0.267675,3085.0400390625,2021-01-20,0.440707,2160.6201171875,2021-01-20,-7.142857,21.579999923706055,2021-01-20,-0.191278,2021-01-20,True
2021-01-22,0.333104,0.031672,3853.070068359375,2021-01-21,0.547364,13530.91015625,2021-01-21,1.527691,3132.169921875,2021-01-21,-0.888643,2141.419921875,2021-01-21,-1.20482,21.31999969482422,2021-01-21,-0.430521,2021-01-21,True
2021-01-25,0.416426,-0.301061,3841.469970703125,2021-01-22,0.08979,13543.0595703125,2021-01-22,-1.844409,3074.39990234375,2021-01-22,1.276727,2168.760009765625,2021-01-22,2.767355,21.90999984741211,2021-01-22,0.332955,2021-01-22,True
2021-01-26,-0.225938,0.361584,3855.360107421875,2021-01-25,0.686187,13635.990234375,2021-01-25,0.156455,3079.2099609375,2021-01-25,-0.25314,2163.27001953125,2021-01-25,5.842084,23.190000534057617,2021-01-25,0.430947,2021-01-25,True
2021-01-27,0.731622,-0.148883,3849.6201171875,2021-01-26,-0.072827,13626.0595703125,2021-01-26,-1.540653,3031.77001953125,2021-01-26,-0.619891,2149.860107421875,2021-01-26,-0.733075,23.020000457763672,2021-01-26,-0.263437,2021-01-26,True
2021-01-28,-1.759497,-2.567788,3750.77001953125,2021-01-27,-2.608678,13270.599609375,2021-01-27,-5.166623,2875.1298828125,2021-01-27,-1.91455,2108.699951171875,2021-01-27,61.642043,37.209999084472656,2021-01-27,-0.066258,2021-01-27,True
2021-01-29,1.152841,0.976063,3787.3798828125,2021-01-28,0.501564,13337.16015625,2021-01-28,2.086523,2935.1201171875,2021-01-28,-0.099106,2106.610107421875,2021-01-28,-18.812148,30.209999084472656,2021-01-28,0.590372,2021-01-28,True
2021-02-01,-0.303951,-1.931148,3714.239990234375,2021-01-29,-1.99795,13070.6904296875,2021-01-29,-1.636732,2887.080078125,2021-01-29,-1.565084,2073.639892578125,2021-01-29,9.533271,33.09000015258789,2021-01-29,0.432509,2021-01-29,True
2021-02-02,1.067616,1.605177,3773.860107421875,2021-02-01,2.545384,13403.3896484375,2021-02-01,3.910869,2999.989990234375,2021-02-01,2.532745,2126.159912109375,2021-02-01,-8.612875,30.239999771118164,2021-02-01,0.462111,2021-02-01,True
2021-02-03,0.818235,1.389822,3826.31005859375,2021-02-02,1.562221,13612.7802734375,2021-02-02,1.578008,3047.330078125,2021-02-02,1.188999,2151.43994140625,2021-02-02,-15.476192,25.559999465942383,2021-02-02,-0.049224,2021-02-02,True
2021-02-04,-0.231857,0.100877,3830.169921875,2021-02-03,-0.016457,13610.5400390625,2021-02-03,-2.115293,2982.8701171875,2021-02-03,0.383929,2159.699951171875,2021-02-03,-10.367761,22.90999984741211,2021-02-03,-0.292782,2021-02-03,True
2021-02-05,0.589484,1.085332,3871.739990234375,2021-02-04,1.228461,13777.740234375,2021-02-04,0.856551,3008.419921875,2021-02-04,1.978051,2202.419921875,2021-02-04,-4.97599,21.770000457763672,2021-02-04,-0.041304,2021-02-04,True
2021-02-08,-0.104773,0.38975,3886.830078125,2021-02-05,0.570192,13856.2998046875,2021-02-05,-0.778146,2985.010009765625,2021-02-05,1.403463,2233.330078125,2021-02-05,-4.134128,20.8700008392334,2021-02-05,0.537212,2021-02-05,True
2021-02-09,0.717141,0.739935,3915.590087890625,2021-02-08,0.947871,13987.6396484375,2021-02-08,3.131312,3078.47998046875,2021-02-08,2.526717,2289.760009765625,2021-02-08,1.772875,21.239999771118164,2021-02-08,-0.203732,2021-02-08,True
2021-02-10,0.330306,-0.111352,3911.22998046875,2021-02-09,0.143416,14007.7001953125,2021-02-09,-0.439504,3064.949951171875,2021-02-09,0.403535,2299.0,2021-02-09,1.836155,21.6299991607666,2021-02-09,-0.046561,2021-02-09,True
2021-02-15,1.464386,0.471103,3934.830078125,2021-02-12,0.496944,14095.4697265625,2021-02-12,1.227035,3219.8701171875,2021-02-12,0.176782,2289.360107421875,2021-02-12,-6.023533,19.969999313354492,2021-02-12,-0.159424,2021-02-12,True
2021-02-16,0.392564,0.471103,3934.830078125,2021-02-12,0.496944,14095.4697265625,2021-02-12,1.227035,3219.8701171875,2021-02-12,0.176782,2289.360107421875,2021-02-12,,,2021-02-15,0.104337,2021-02-15,False
2021-02-17,-0.551788,-0.056927,3932.590087890625,2021-02-16,-0.34032,14047.5,2021-02-16,0.591633,3238.919921875,2021-02-16,-0.719424,2272.889892578125,2021-02-16,7.461191,21.459999084472656,2021-02-16,-0.102414,2021-02-16,True
2021-02-18,-0.174317,-0.03204,3931.330078125,2021-02-17,-0.583803,13965.490234375,2021-02-17,-1.873462,3178.239990234375,2021-02-17,-0.738258,2256.110107421875,2021-02-17,0.186398,21.5,2021-02-17,0.382854,2021-02-17,True
2021-02-19,0.070738,-0.441584,3913.969970703125,2021-02-18,-0.716981,13865.3603515625,2021-02-18,-0.98954,3146.7900390625,2021-02-18,-1.671914,2218.389892578125,2021-02-18,4.60465,22.489999771118164,2021-02-18,-0.172615,2021-02-18,True
2021-02-22,0.642824,-0.18549,3906.7099609375,2021-02-19,0.065628,13874.4599609375,2021-02-19,2.436449,3223.4599609375,2021-02-19,2.177257,2266.68994140625,2021-02-19,-1.956427,22.049999237060547,2021-02-19,0.151186,2021-02-19,True
2021-02-23,-0.661469,-0.773284,3876.5,2021-02-22,-2.46071,13533.0498046875,2021-02-22,-3.767689,3102.010009765625,2021-02-22,-0.689105,2251.070068359375,2021-02-22,6.349213,23.450000762939453,2021-02-22,-0.20611,2021-02-22,True
2021-02-24,-0.082772,0.125632,3881.3701171875,2021-02-23,-0.501362,13465.2001953125,2021-02-23,-0.584464,3083.8798828125,2021-02-23,-0.877805,2231.31005859375,2021-02-23,-1.449894,23.110000610351562,2021-02-23,0.609644,2021-02-23,True
2021-02-25,1.510209,1.135161,3925.429931640625,2021-02-24,0.98602,13597.9697265625,2021-02-24,3.238132,3183.739990234375,2021-02-24,2.378415,2284.3798828125,2021-02-24,-7.659024,21.34000015258789,2021-02-24,-0.122447,2021-02-24,True
2021-02-26,-2.168338,-2.447881,3829.340087890625,2021-02-25,-3.519202,13119.4296875,2021-02-25,-5.797586,2999.159912109375,2021-02-25,-3.686338,2200.169921875,2021-02-25,35.379565,28.889999389648438,2021-02-25,-0.189316,2021-02-25,True
2021-03-02,2.397794,2.379076,3901.820068359375,2021-03-01,3.005382,13588.830078125,2021-03-01,3.308428,3169.110107421875,2021-03-01,3.374299,2275.320068359375,2021-03-01,-16.457962,23.350000381469727,2021-03-01,0.378865,2021-03-01,True
2021-03-03,-0.237135,-0.808085,3870.2900390625,2021-03-02,-1.692861,13358.7900390625,2021-03-02,-3.09772,3070.93994140625,2021-03-02,-1.925446,2231.510009765625,2021-03-02,3.211991,24.100000381469727,2021-03-02,-1.917448,2021-03-02,True
2021-03-04,-1.278143,-1.306622,3819.719970703125,2021-03-03,-2.70264,12997.75,2021-03-03,-3.105234,2975.580078125,2021-03-03,-1.062956,2207.7900390625,2021-03-03,10.663899,26.670000076293945,2021-03-03,2.042057,2021-03-03,True
2021-03-05,-1.484737,-1.341721,3768.469970703125,2021-03-04,-2.110213,12723.4697265625,2021-03-04,-4.837719,2831.6298828125,2021-03-04,-2.757061,2146.919921875,2021-03-04,7.124108,28.56999969482422,2021-03-04,0.459833,2021-03-04,True
2021-03-08,0.907571,1.949597,3841.93994140625,2021-03-05,1.54581,12920.150390625,2021-03-05,3.147308,2920.75,2021-03-05,2.109536,2192.2099609375,2021-03-05,-13.685684,24.65999984741211,2021-03-05,0.340857,2021-03-05,True
2021-03-09,0.024111,-0.535923,3821.35009765625,2021-03-08,-2.407017,12609.16015625,2021-03-08,-5.409569,2762.75,2021-03-08,0.491286,2202.97998046875,2021-03-08,3.284669,25.469999313354492,2021-03-08,-0.51705,2021-03-08,True
2021-03-10,1.322334,1.415464,3875.43994140625,2021-03-09,3.6851,13073.8203125,2021-03-09,6.133742,2932.2099609375,2021-03-09,1.910143,2245.06005859375,2021-03-09,-5.653705,24.030000686645508,2021-03-09,1.129943,2021-03-09,True
2021-03-11,0.402635,0.603031,3898.81005859375,2021-03-10,-0.03817,13068.830078125,2021-03-10,-1.803755,2879.320068359375,2021-03-10,1.8093,2285.679931640625,2021-03-10,-6.117358,22.559999465942383,2021-03-10,-0.466568,2021-03-10,True
2021-03-12,1.052254,1.039549,3939.340087890625,2021-03-11,2.523867,13398.669921875,2021-03-11,4.091585,2997.1298828125,2021-03-11,2.312664,2338.5400390625,2021-03-11,-2.881204,21.90999984741211,2021-03-11,0.096922,2021-03-11,True
2021-03-15,0.106673,0.10154,3943.340087890625,2021-03-12,-0.58819,13319.8603515625,2021-03-12,-1.069016,2965.090087890625,2021-03-12,0.609355,2352.7900390625,2021-03-12,-5.568231,20.690000534057617,2021-03-12,-0.560734,2021-03-12,True
2021-03-16,0.476417,0.649192,3968.93994140625,2021-03-15,1.049933,13459.7099609375,2021-03-15,2.258277,3032.050048828125,2021-03-15,0.313665,2360.169921875,2021-03-15,-3.189946,20.030000686645508,2021-03-15,0.430224,2021-03-15,True
2021-03-17,0.023624,-0.156968,3962.7099609375,2021-03-16,0.088117,13471.5703125,2021-03-16,1.262183,3070.320068359375,2021-03-16,-1.722329,2319.52001953125,2021-03-16,-1.198202,19.790000915527344,2021-03-16,-0.274128,2021-03-16,True
2021-03-18,0.773902,0.287938,3974.1201171875,2021-03-17,0.398097,13525.2001953125,2021-03-17,1.224623,3107.919921875,2021-03-17,0.7273,2336.389892578125,2021-03-17,-2.829719,19.229999542236328,2021-03-17,-0.137004,2021-03-17,True
2021-03-19,-1.382979,-1.476054,3915.4599609375,2021-03-18,-3.024209,13116.169921875,2021-03-18,-4.237559,2976.219970703125,2021-03-18,-2.944706,2267.590087890625,2021-03-18,12.220491,21.579999923706055,2021-03-18,-0.770902,2021-03-18,True
2021-03-22,0.406164,-0.06027,3913.10009765625,2021-03-19,0.75533,13215.240234375,2021-03-19,1.181033,3011.3701171875,2021-03-19,0.880228,2287.550048828125,2021-03-19,-2.919366,20.950000762939453,2021-03-19,0.444193,2021-03-19,True
2021-03-23,0.608229,0.702512,3940.590087890625,2021-03-22,1.228126,13377.5400390625,2021-03-22,2.197668,3077.550048828125,2021-03-22,-0.905334,2266.840087890625,2021-03-22,-9.880676,18.8799991607666,2021-03-22,0.121657,2021-03-22,True
2021-03-24,-0.638093,-0.763085,3910.52001953125,2021-03-23,-1.120085,13227.7001953125,2021-03-23,-2.708001,2994.2099609375,2021-03-23,-3.57988,2185.68994140625,2021-03-23,7.521187,20.299999237060547,2021-03-23,-0.209315,2021-03-23,True
2021-03-25,-0.266086,-0.546734,3889.139892578125,2021-03-24,-2.009499,12961.8896484375,2021-03-24,-1.343927,2953.969970703125,2021-03-24,-2.352572,2134.27001953125,2021-03-24,4.433505,21.200000762939453,2021-03-24,0.718142,2021-03-24,True
2021-03-26,0.397399,0.524027,3909.52001953125,2021-03-25,0.121819,12977.6796875,2021-03-25,0.200067,2959.8798828125,2021-03-25,2.288843,2183.1201171875,2021-03-25,-6.55661,19.809999465942383,2021-03-25,0.112957,2021-03-25,True
2021-03-29,0.346021,1.66312,3974.5400390625,2021-03-26,1.240983,13138.73046875,2021-03-26,4.946152,3106.280029296875,2021-03-26,1.757112,2221.47998046875,2021-03-26,-4.795552,18.860000610351562,2021-03-26,-0.551044,2021-03-28,True
2021-03-30,0.262969,-0.086801,3971.090087890625,2021-03-29,-0.601885,13059.650390625,2021-03-29,-1.662765,3054.6298828125,2021-03-29,-2.826946,2158.679931640625,2021-03-29,9.968182,20.739999771118164,2021-03-29,0.327145,2021-03-29,True
2021-03-31,0.260047,-0.315783,3958.550048828125,2021-03-30,-0.109197,13045.3896484375,2021-03-30,-0.329985,3044.550048828125,2021-03-30,1.719575,2195.800048828125,2021-03-30,-5.448405,19.610000610351562,2021-03-30,0.059199,2021-03-30,True
2021-04-01,0.711153,0.36225,3972.889892578125,2021-03-31,1.544457,13246.8701171875,2021-03-31,2.640452,3124.93994140625,2021-03-31,1.125784,2220.52001953125,2021-03-31,-1.070887,19.399999618530273,2021-03-31,-0.452169,2021-03-31,True
2021-04-02,0.822175,1.18252,4019.8701171875,2021-04-01,1.76072,13480.1103515625,2021-04-01,3.68743,3240.169921875,2021-04-01,1.503246,2253.89990234375,2021-04-01,-10.670102,17.329999923706055,2021-04-01,0.076305,2021-04-01,True
2021-04-05,0.360088,1.18252,4019.8701171875,2021-04-01,1.76072,13480.1103515625,2021-04-01,3.68743,3240.169921875,2021-04-01,1.503246,2253.89990234375,2021-04-01,,,2021-04-02,0.064711,2021-04-04,False
2021-04-06,0.579643,1.443823,4077.909912109375,2021-04-05,1.672683,13705.58984375,2021-04-05,2.014092,3305.429931640625,2021-04-05,0.487599,2264.889892578125,2021-04-05,3.346797,17.90999984741211,2021-04-05,-0.414608,2021-04-05,True
2021-04-07,0.185228,-0.097353,4073.93994140625,2021-04-06,-0.052606,13698.3798828125,2021-04-06,-1.189855,3266.10009765625,2021-04-06,-0.253434,2259.14990234375,2021-04-06,1.172535,18.1200008392334,2021-04-06,-0.588019,2021-04-06,True
2021-04-08,-0.150133,0.147523,4079.949951171875,2021-04-07,-0.069644,13688.83984375,2021-04-07,0.011018,3266.4599609375,2021-04-07,-1.59794,2223.050048828125,2021-04-07,-5.298018,17.15999984741211,2021-04-07,0.032213,2021-04-07,True
2021-04-09,0.080916,0.422063,4097.169921875,2021-04-08,1.026162,13829.3095703125,2021-04-08,1.065375,3301.260009765625,2021-04-08,0.879425,2242.60009765625,2021-04-08,-1.223771,16.950000762939453,2021-04-08,-0.180704,2021-04-08,True
2021-04-12,0.348432,0.771993,4128.7998046875,2021-04-09,0.512541,13900.1904296875,2021-04-09,-0.203861,3294.530029296875,2021-04-09,0.038789,2243.469970703125,2021-04-09,-1.533925,16.690000534057617,2021-04-09,0.557436,2021-04-11,True
2021-04-13,0.023229,-0.019608,4127.990234375,2021-04-12,-0.361077,13850.0,2021-04-12,-1.09879,3258.330078125,2021-04-12,-0.431918,2233.780029296875,2021-04-12,1.31815,16.90999984741211,2021-04-12,0.212992,2021-04-12,True
2021-04-14,0.275609,0.329449,4141.58984375,2021-04-13,1.054871,13996.099609375,2021-04-13,-0.172792,3252.699951171875,2021-04-13,-0.217573,2228.919921875,2021-04-13,-1.537553,16.649999618530273,2021-04-13,-0.334387,2021-04-13,True
2021-04-15,-0.171077,-0.408773,4124.66015625,2021-04-14,-0.987845,13857.83984375,2021-04-14,-1.193472,3213.8798828125,2021-04-14,0.84346,2247.719970703125,2021-04-14,2.042043,16.989999771118164,2021-04-14,-0.408673,2021-04-14,True
2021-04-16,0.330447,1.109419,4170.419921875,2021-04-15,1.305542,14038.759765625,2021-04-15,1.787565,3271.330078125,2021-04-15,0.415981,2257.070068359375,2021-04-15,-2.472043,16.56999969482422,2021-04-15,-0.039417,2021-04-15,True
2021-04-19,0.0,0.360882,4185.47021484375,2021-04-16,0.096733,14052.33984375,2021-04-16,-0.557877,3253.080078125,2021-04-16,0.248103,2262.669921875,2021-04-16,-1.931199,16.25,2021-04-16,-0.001794,2021-04-18,True
2021-04-20,-0.205245,-0.530656,4163.259765625,2021-04-19,-0.978985,13914.76953125,2021-04-19,-2.52315,3171.0,2021-04-19,-1.355475,2232.0,2021-04-19,6.400006,17.290000915527344,2021-04-19,-0.105773,2021-04-19,True
2021-04-21,-0.645892,-0.680232,4134.93994140625,2021-04-20,-0.923479,13786.26953125,2021-04-20,-1.563231,3121.429931640625,2021-04-20,-1.961919,2188.2099609375,2021-04-20,8.039325,18.68000030517578,2021-04-20,0.147156,2021-04-20,True
2021-04-22,0.426907,0.930606,4173.419921875,2021-04-21,1.189228,13950.2197265625,2021-04-21,2.749383,3207.25,2021-04-21,2.349862,2239.6298828125,2021-04-21,-6.316918,17.5,2021-04-21,-0.040314,2021-04-21,True
2021-04-23,-0.529954,-0.921066,4134.97998046875,2021-04-22,-0.944857,13818.41015625,2021-04-22,-2.309769,3133.169921875,2021-04-22,-0.313435,2232.610107421875,2021-04-22,6.91428,18.709999084472656,2021-04-22,0.262619,2021-04-22,True
2021-04-26,0.264824,1.09287,4180.169921875,2021-04-23,1.435762,14016.8095703125,2021-04-23,2.036597,3196.97998046875,2021-04-23,1.758032,2271.860107421875,2021-04-23,-7.375731,17.329999923706055,2021-04-23,-0.398713,2021-04-25,True
2021-04-27,0.091283,0.178227,4187.6201171875,2021-04-26,0.870175,14138.7802734375,2021-04-26,1.666574,3250.260009765625,2021-04-26,1.151035,2298.010009765625,2021-04-26,1.788802,17.639999389648438,2021-04-26,-0.439807,2021-04-26,True
2021-04-28,-0.113973,-0.02149,4186.72021484375,2021-04-27,-0.343456,14090.2197265625,2021-04-27,-0.758398,3225.610107421875,2021-04-27,0.141862,2301.27001953125,2021-04-27,-0.453514,17.559999465942383,2021-04-27,0.26325,2021-04-27,True
2021-04-29,-1.198019,-0.084554,4183.18017578125,2021-04-28,-0.278132,14051.0302734375,2021-04-28,-1.460813,3178.489990234375,2021-04-28,0.125578,2304.159912109375,2021-04-28,-1.594526,17.280000686645508,2021-04-28,-0.313806,2021-04-28,True
2021-04-30,-0.152618,0.676281,4211.47021484375,2021-04-29,0.224322,14082.5498046875,2021-04-29,0.75539,3202.5,2021-04-29,-0.377576,2295.4599609375,2021-04-29,1.909722,17.610000610351562,2021-04-29,-0.183107,2021-04-29,True
2021-05-03,-0.106396,-0.719471,4181.169921875,2021-04-30,-0.851196,13962.6796875,2021-04-30,-2.919907,3108.989990234375,2021-04-30,-1.263799,2266.449951171875,2021-04-30,5.678592,18.610000610351562,2021-04-30,0.915392,2021-05-02,True
2021-05-04,0.107079,0.274809,4192.66015625,2021-05-03,-0.483858,13895.1201171875,2021-05-03,-1.145392,3073.3798828125,2021-05-03,0.485341,2277.449951171875,2021-05-03,-1.612043,18.309999465942383,2021-05-03,0.325944,2021-05-03,True
2021-05-06,-0.412931,0.070346,4167.58984375,2021-05-05,-0.374666,13582.419921875,2021-05-05,0.614019,3042.8798828125,2021-05-05,-0.307786,2241.3701171875,2021-05-05,-1.694045,19.149999618530273,2021-05-05,-0.081788,2021-05-05,True
2021-05-07,0.152475,0.816546,4201.6201171875,2021-05-06,0.371215,13632.83984375,2021-05-06,0.767039,3066.219970703125,2021-05-06,0.002222,2241.419921875,2021-05-06,-3.96867,18.389999389648438,2021-05-06,-0.409254,2021-05-06,True
2021-05-10,0.547722,0.737334,4232.60009765625,2021-05-07,0.875829,13752.240234375,2021-05-07,1.494024,3112.030029296875,2021-05-07,1.347805,2271.6298828125,2021-05-07,-9.244149,16.690000534057617,2021-05-07,-0.662865,2021-05-09,True
2021-05-11,-0.722063,-1.043565,4188.43017578125,2021-05-10,-2.547802,13401.8603515625,2021-05-10,-4.656765,2967.110107421875,2021-05-10,-2.59417,2212.699951171875,2021-05-10,17.795082,19.65999984741211,2021-05-10,0.321058,2021-05-10,True
2021-05-12,0.046664,-0.867391,4152.10009765625,2021-05-11,-0.092753,13389.4296875,2021-05-11,0.299952,2976.010009765625,2021-05-11,-0.258054,2206.989990234375,2021-05-11,11.088506,21.84000015258789,2021-05-11,0.241134,2021-05-11,True
2021-05-13,-1.328588,-2.14494,4063.0400390625,2021-05-12,-2.671884,13031.6796875,2021-05-12,-4.195554,2851.14990234375,2021-05-12,-3.25557,2135.139892578125,2021-05-12,26.327839,27.59000015258789,2021-05-12,1.195639,2021-05-12,True
2021-05-14,0.384015,1.217314,4112.5,2021-05-13,0.716029,13124.990234375,2021-05-13,1.500799,2893.93994140625,2021-05-13,1.677176,2170.949951171875,2021-05-13,-16.165281,23.1299991607666,2021-05-13,-0.521388,2021-05-13,True
2021-05-17,0.570681,1.491796,4173.85009765625,2021-05-14,2.323737,13429.98046875,2021-05-14,3.022868,2981.419921875,2021-05-14,2.472647,2224.6298828125,2021-05-14,-18.677042,18.809999465942383,2021-05-14,-0.015095,2021-05-16,True
2021-05-18,0.310448,-0.253005,4163.2900390625,2021-05-17,-0.379231,13379.0498046875,2021-05-17,-0.898566,2954.6298828125,2021-05-17,0.111939,2227.1201171875,2021-05-17,4.837852,19.719999313354492,2021-05-17,0.886692,2021-05-17,True
2021-05-20,-0.767052,-0.294341,4115.68017578125,2021-05-19,-0.029311,13299.740234375,2021-05-19,1.984539,2987.280029296875,2021-05-19,-0.77978,2193.639892578125,2021-05-19,3.936271,22.18000030517578,2021-05-19,0.286564,2021-05-19,True
2021-05-21,0.556411,1.055474,4159.1201171875,2021-05-20,1.774471,13535.740234375,2021-05-20,2.638858,3066.110107421875,2021-05-20,0.643684,2207.760009765625,2021-05-20,-6.807936,20.670000076293945,2021-05-20,-0.293704,2021-05-20,True
2021-05-24,-0.106597,-0.078388,4155.85986328125,2021-05-21,-0.478363,13470.990234375,2021-05-21,-0.456931,3052.10009765625,2021-05-21,0.340164,2215.27001953125,2021-05-21,-2.515725,20.149999618530273,2021-05-21,-0.02307,2021-05-23,True
2021-05-25,0.510749,0.991129,4197.0498046875,2021-05-24,1.411772,13661.169921875,2021-05-24,2.322332,3122.97998046875,2021-05-24,0.544858,2227.340087890625,2021-05-24,-8.684864,18.399999618530273,2021-05-24,-0.408248,2021-05-24,True
2021-05-26,0.129427,-0.212528,4188.1298828125,2021-05-25,-0.02928,13657.169921875,2021-05-25,0.37432,3134.669921875,2021-05-25,-0.969322,2205.75,2021-05-25,2.391307,18.84000015258789,2021-05-25,-0.072175,2021-05-25,True
2021-05-27,0.070738,0.187682,4195.990234375,2021-05-26,0.591851,13738.0,2021-05-26,0.201299,3140.97998046875,2021-05-26,1.973026,2249.27001953125,2021-05-26,-7.855624,17.360000610351562,2021-05-26,-0.522569,2021-05-26,True
2021-05-28,0.295264,0.116531,4200.8798828125,2021-05-27,-0.012518,13736.2802734375,2021-05-27,0.582304,3159.27001953125,2021-05-27,1.058123,2273.070068359375,2021-05-27,-3.571433,16.739999771118164,2021-05-27,0.159569,2021-05-27,True
2021-05-31,0.316939,0.076888,4204.10986328125,2021-05-28,0.090708,13748.740234375,2021-05-28,0.863808,3186.56005859375,2021-05-28,-0.180377,2268.969970703125,2021-05-28,0.119477,16.760000228881836,2021-05-28,-0.398288,2021-05-30,True
2021-06-01,0.0,0.076888,4204.10986328125,2021-05-28,0.090708,13748.740234375,2021-05-28,0.863808,3186.56005859375,2021-05-28,-0.180377,2268.969970703125,2021-05-28,,,2021-05-31,-0.527474,2021-05-31,False
2021-06-02,0.023253,-0.049233,4202.0400390625,2021-06-01,-0.08917,13736.48046875,2021-06-01,-0.384113,3174.320068359375,2021-06-01,1.135759,2294.739990234375,2021-06-01,6.801906,17.899999618530273,2021-06-01,0.020775,2021-06-01,True
2021-06-03,0.186176,0.144693,4208.1201171875,2021-06-02,0.144503,13756.330078125,2021-06-02,0.713851,3196.97998046875,2021-06-02,0.13466,2297.830078125,2021-06-02,-2.346369,17.479999542236328,2021-06-02,0.241151,2021-06-02,True
2021-06-04,-0.391976,-0.36287,4192.85009765625,2021-06-03,-1.030946,13614.509765625,2021-06-03,-1.807645,3139.18994140625,2021-06-03,-0.808592,2279.25,2021-06-03,3.203669,18.040000915527344,2021-06-03,0.500949,2021-06-03,True
2021-06-07,0.578637,0.88341,4229.89013671875,2021-06-04,1.468877,13814.490234375,2021-06-04,2.387557,3214.139892578125,2021-06-04,0.314135,2286.409912109375,2021-06-04,-8.980049,16.420000076293945,2021-06-04,-0.516378,2021-06-06,True
2021-06-08,0.0,-0.079674,4226.52001953125,2021-06-07,0.486659,13881.7197265625,2021-06-07,-0.699409,3191.659912109375,2021-06-07,1.433252,2319.179931640625,2021-06-07,0.0,16.420000076293945,2021-06-07,-0.032451,2021-06-07,True
2021-06-09,-0.219526,0.017502,4227.259765625,2021-06-08,0.311132,13924.91015625,2021-06-08,-0.640417,3171.219970703125,2021-06-08,1.059861,2343.760009765625,2021-06-08,3.958585,17.06999969482422,2021-06-08,0.682406,2021-06-08,True
2021-06-10,0.070118,-0.182387,4219.5498046875,2021-06-09,-0.094508,13911.75,2021-06-09,-0.401738,3158.47998046875,2021-06-09,-0.709549,2327.1298828125,2021-06-09,4.803748,17.889999389648438,2021-06-09,-0.042975,2021-06-09,True
2021-06-11,0.279525,0.465224,4239.18017578125,2021-06-10,0.780492,14020.330078125,2021-06-10,1.194561,3196.2099609375,2021-06-10,-0.675509,2311.409912109375,2021-06-10,-10.005585,16.100000381469727,2021-06-10,-0.461302,2021-06-10,True
2021-06-14,0.092496,0.194843,4247.43994140625,2021-06-11,0.350133,14069.419921875,2021-06-11,0.433329,3210.06005859375,2021-06-11,1.055639,2335.81005859375,2021-06-11,-2.795036,15.649999618530273,2021-06-11,0.386052,2021-06-13,True
2021-06-15,0.069404,0.18152,4255.14990234375,2021-06-14,0.744307,14174.1396484375,2021-06-14,1.410566,3255.340087890625,2021-06-14,-0.413568,2326.14990234375,2021-06-14,4.728433,16.389999389648438,2021-06-14,0.069015,2021-06-14,True
2021-06-16,-0.126947,-0.201169,4246.58984375,2021-06-15,-0.714536,14072.8603515625,2021-06-15,-0.901906,3225.97998046875,2021-06-15,-0.261369,2320.070068359375,2021-06-15,3.843814,17.020000457763672,2021-06-15,-0.025971,2021-06-15,True
2021-06-17,-0.550585,-0.539012,4223.7001953125,2021-06-16,-0.235778,14039.6796875,2021-06-16,-0.774027,3201.010009765625,2021-06-16,-0.231895,2314.68994140625,2021-06-16,6.639243,18.149999618530273,2021-06-16,1.426478,2021-06-16,True
2021-06-18,0.230734,-0.043572,4221.85986328125,2021-06-17,0.866615,14161.349609375,2021-06-17,0.959071,3231.7099609375,2021-06-17,-1.176399,2287.4599609375,2021-06-17,-2.203855,17.75,2021-06-17,0.140473,2021-06-17,True
2021-06-21,-1.023695,-1.312447,4166.4501953125,2021-06-18,-0.924839,14030.3798828125,2021-06-18,-2.441429,3152.81005859375,2021-06-18,-2.173151,2237.75,2021-06-18,16.619723,20.700000762939453,2021-06-18,0.062632,2021-06-20,True
2021-06-22,0.545877,1.400229,4224.7900390625,2021-06-21,0.791857,14141.48046875,2021-06-21,0.608344,3171.989990234375,2021-06-21,2.160209,2286.090087890625,2021-06-21,-13.574885,17.889999389648438,2021-06-21,-0.344724,2021-06-21,True
2021-06-23,0.346061,0.512449,4246.43994140625,2021-06-22,0.790505,14253.26953125,2021-06-22,0.423707,3185.429931640625,2021-06-22,0.431298,2295.949951171875,2021-06-22,-6.875347,16.65999984741211,2021-06-22,0.191982,2021-06-22,True
2021-06-24,0.160661,-0.108328,4241.83984375,2021-06-23,0.129521,14271.73046875,2021-06-23,0.370124,3197.219970703125,2021-06-23,0.327534,2303.469970703125,2021-06-23,-2.040817,16.31999969482422,2021-06-23,0.008828,2021-06-23,True
2021-06-25,0.400137,0.581125,4266.490234375,2021-06-24,0.686528,14369.7099609375,2021-06-24,1.769665,3253.800048828125,2021-06-24,1.308901,2333.6201171875,2021-06-24,-2.144604,15.970000267028809,2021-06-24,-0.159802,2021-06-24,True
2021-06-28,0.136503,0.33306,4280.7001953125,2021-06-25,-0.064861,14360.3896484375,2021-06-25,-0.378636,3241.47998046875,2021-06-25,0.033415,2334.39990234375,2021-06-25,-2.191612,15.619999885559082,2021-06-25,-0.482851,2021-06-27,True
2021-06-29,0.056935,0.231496,4290.60986328125,2021-06-28,0.97574,14500.509765625,2021-06-28,2.519217,3323.139892578125,2021-06-28,-0.516613,2322.340087890625,2021-06-28,0.896289,15.760000228881836,2021-06-28,0.328796,2021-06-28,True
2021-06-30,0.240055,0.027734,4291.7998046875,2021-06-29,0.191857,14528.330078125,2021-06-29,0.774274,3348.8701171875,2021-06-29,-0.58131,2308.840087890625,2021-06-29,1.649748,16.020000457763672,2021-06-29,0.130197,2021-06-29,True
2021-07-01,0.045563,0.132816,4297.5,2021-06-30,-0.167809,14503.9501953125,2021-06-30,-0.106306,3345.31005859375,2021-06-30,0.074061,2310.550048828125,2021-06-30,-1.186021,15.829999923706055,2021-06-30,-0.080498,2021-06-30,True
2021-07-02,-0.034372,0.522163,4319.93994140625,2021-07-01,0.127067,14522.3798828125,2021-07-01,-1.502103,3295.06005859375,2021-07-01,0.814094,2329.360107421875,2021-07-01,-2.210994,15.479999542236328,2021-07-01,0.248766,2021-07-01,True
2021-07-05,0.424458,0.750008,4352.33984375,2021-07-02,0.80531,14639.330078125,2021-07-02,0.630338,3315.830078125,2021-07-02,-1.013158,2305.760009765625,2021-07-02,-2.648578,15.069999694824219,2021-07-02,-0.233132,2021-07-04,True
2021-07-06,0.274035,0.750008,4352.33984375,2021-07-02,0.80531,14639.330078125,2021-07-02,0.630338,3315.830078125,2021-07-02,-1.013158,2305.760009765625,2021-07-02,,,2021-07-05,-0.029216,2021-07-05,False
2021-07-07,-0.340987,-0.202186,4343.5400390625,2021-07-06,0.166057,14663.6396484375,2021-07-06,-0.238557,3307.919921875,2021-07-06,-1.355736,2274.5,2021-07-06,9.090915,16.440000534057617,2021-07-06,0.534782,2021-07-06,True
2021-07-08,0.114377,0.335898,4358.1298828125,2021-07-07,0.009683,14665.0595703125,2021-07-07,-1.396344,3261.72998046875,2021-07-07,-0.951853,2252.85009765625,2021-07-07,-1.459853,16.200000762939453,2021-07-07,0.443869,2021-07-07,True
2021-07-09,-0.970874,-0.856102,4320.81982421875,2021-07-08,-0.717892,14559.7802734375,2021-07-08,-1.193229,3222.81005859375,2021-07-08,-0.939706,2231.679931640625,2021-07-08,17.283945,19.0,2021-07-08,0.505034,2021-07-08,True
2021-07-12,0.607477,1.127795,4369.5498046875,2021-07-09,0.976249,14701.919921875,2021-07-09,1.724577,3278.389892578125,2021-07-09,2.165188,2280.0,2021-07-09,-14.842104,16.18000030517578,2021-07-09,-0.171858,2021-07-11,True
2021-07-13,0.451546,0.345117,4384.6298828125,2021-07-12,0.213036,14733.240234375,2021-07-12,1.238721,3319.0,2021-07-12,0.079828,2281.820068359375,2021-07-12,-0.061806,16.170000076293945,2021-07-12,-0.280526,2021-07-12,True
2021-07-14,-0.344432,-0.351681,4369.2099609375,2021-07-13,-0.377309,14677.650390625,2021-07-13,-0.548055,3300.81005859375,2021-07-13,-1.882706,2238.860107421875,2021-07-13,5.875082,17.1200008392334,2021-07-13,0.666022,2021-07-13,True
2021-07-15,0.288018,0.116493,4374.2998046875,2021-07-14,-0.222789,14644.9501953125,2021-07-14,-0.352342,3289.179931640625,2021-07-14,-1.630294,2202.360107421875,2021-07-14,-4.614491,16.329999923706055,2021-07-14,-0.460513,2021-07-14,True
2021-07-16,-0.446275,-0.326224,4360.02978515625,2021-07-15,-0.695259,14543.1298828125,2021-07-15,-2.171968,3217.739990234375,2021-07-15,-0.548052,2190.2900390625,2021-07-15,4.164117,17.010000228881836,2021-07-15,-0.287739,2021-07-15,True
2021-07-19,-0.861871,-0.753885,4327.16015625,2021-07-16,-0.796869,14427.240234375,2021-07-16,-2.246609,3145.449951171875,2021-07-16,-1.234998,2163.239990234375,2021-07-16,8.465611,18.450000762939453,2021-07-16,0.12104,2021-07-18,True
2021-07-20,-0.732218,-1.586951,4258.490234375,2021-07-19,-1.055363,14274.98046875,2021-07-19,0.065493,3147.510009765625,2021-07-19,-1.505152,2130.679931640625,2021-07-19,21.951214,22.5,2021-07-19,0.750762,2021-07-19,True
2021-07-21,0.618004,1.516261,4323.06005859375,2021-07-20,1.568474,14498.8798828125,2021-07-20,1.380137,3190.949951171875,2021-07-20,2.985907,2194.300048828125,2021-07-20,-12.311113,19.729999542236328,2021-07-20,-0.225201,2021-07-20,True
2021-07-22,0.586029,0.824182,4358.68994140625,2021-07-21,0.917797,14631.9501953125,2021-07-21,3.06492,3288.75,2021-07-21,1.811055,2234.0400390625,2021-07-21,-9.22453,17.90999984741211,2021-07-21,0.105445,2021-07-21,True
2021-07-23,0.162075,0.201667,4367.47998046875,2021-07-22,0.359825,14684.599609375,2021-07-22,-0.891831,3259.419921875,2021-07-22,-1.546976,2199.47998046875,2021-07-22,-1.22836,17.690000534057617,2021-07-22,0.106216,2021-07-22,True
2021-07-26,0.311994,1.014545,4411.7900390625,2021-07-23,1.037758,14836.990234375,2021-07-23,0.633246,3280.06005859375,2021-07-23,0.462378,2209.64990234375,2021-07-23,-2.769925,17.200000762939453,2021-07-23,0.105222,2021-07-25,True
2021-07-27,0.52564,0.23822,4422.2998046875,2021-07-26,0.025071,14840.7099609375,2021-07-26,-0.095734,3276.919921875,2021-07-26,0.329012,2216.919921875,2021-07-26,2.209297,17.579999923706055,2021-07-26,0.055599,2021-07-26,True
2021-07-28,-0.174927,-0.471244,4401.4599609375,2021-07-27,-1.213755,14660.580078125,2021-07-27,-1.859977,3215.969970703125,2021-07-27,-1.131743,2191.830078125,2021-07-27,10.125146,19.360000610351562,2021-07-27,0.156287,2021-07-27,True
2021-07-29,0.162772,-0.018626,4400.64013671875,2021-07-28,0.695743,14762.580078125,2021-07-28,1.756235,3272.449951171875,2021-07-28,1.511517,2224.9599609375,2021-07-28,-5.423559,18.309999465942383,2021-07-28,-0.359758,2021-07-28,True
2021-07-30,-0.418507,0.420615,4419.14990234375,2021-07-29,0.106212,14778.259765625,2021-07-29,1.857631,3333.239990234375,2021-07-29,0.677319,2240.030029296875,2021-07-29,-3.331506,17.700000762939453,2021-07-29,-0.634242,2021-07-29,True
2021-08-02,0.470754,-0.540605,4395.259765625,2021-07-30,-0.714428,14672.6796875,2021-07-30,0.698721,3356.530029296875,2021-07-30,-0.615172,2226.25,2021-07-30,3.050842,18.239999771118164,2021-07-30,0.771378,2021-08-01,True
2021-08-03,-0.128851,-0.184281,4387.16015625,2021-08-02,0.057185,14681.0703125,2021-08-02,0.624453,3377.489990234375,2021-08-02,-0.482875,2215.5,2021-08-02,6.688593,19.459999084472656,2021-08-02,-0.119034,2021-08-02,True
2021-08-04,0.255458,0.820343,4423.14990234375,2021-08-03,0.546416,14761.2900390625,2021-08-03,0.567579,3396.659912109375,2021-08-03,0.364707,2223.580078125,2021-08-03,-7.29701,18.040000915527344,2021-08-03,-0.085259,2021-08-03,True
2021-08-05,-0.022902,-0.463239,4402.66015625,2021-08-04,0.130342,14780.5302734375,2021-08-04,1.184693,3436.89990234375,2021-08-04,-1.225951,2196.320068359375,2021-08-04,-0.388035,17.969999313354492,2021-08-04,-0.39352,2021-08-04,True
2021-08-06,-0.011472,0.600545,4429.10009765625,2021-08-05,0.775276,14895.1201171875,2021-08-05,-0.361952,3424.4599609375,2021-08-05,1.807111,2236.010009765625,2021-08-05,-3.839725,17.280000686645508,2021-08-05,-0.082169,2021-08-05,True
2021-08-09,-0.43799,0.167527,4436.52001953125,2021-08-06,-0.398522,14835.759765625,2021-08-06,-0.36239,3412.050048828125,2021-08-06,0.52549,2247.760009765625,2021-08-06,-6.539358,16.149999618530273,2021-08-06,0.157468,2021-08-08,True
2021-08-10,0.335804,-0.093991,4432.35009765625,2021-08-09,0.164602,14860.1796875,2021-08-09,-0.360195,3399.760009765625,2021-08-09,-0.576127,2234.81005859375,2021-08-09,3.52941,16.719999313354492,2021-08-09,0.08472,2021-08-09,True
2021-08-11,-0.268065,0.099268,4436.75,2021-08-10,-0.485121,14788.08984375,2021-08-10,-1.202729,3358.8701171875,2021-08-10,0.203599,2239.360107421875,2021-08-10,0.41867,16.790000915527344,2021-08-10,0.575096,2021-08-10,True
2021-08-12,-0.023521,0.127574,4442.41015625,2021-08-11,-0.155194,14765.1396484375,2021-08-11,-0.236395,3350.929931640625,2021-08-11,0.490318,2250.340087890625,2021-08-11,-3.692679,16.170000076293945,2021-08-11,0.032104,2021-08-11,True
2021-08-13,-0.236155,0.414638,4460.830078125,2021-08-12,0.346222,14816.259765625,2021-08-12,-1.133117,3312.9599609375,2021-08-12,-0.278625,2244.070068359375,2021-08-12,-3.586889,15.59000015258789,2021-08-12,0.798897,2021-08-12,True
2021-08-17,0.096085,0.262085,4479.7099609375,2021-08-16,-0.196592,14793.759765625,2021-08-16,-0.371814,3322.639892578125,2021-08-16,-0.613111,2209.47998046875,2021-08-16,4.336576,16.1200008392334,2021-08-16,0.268645,2021-08-16,True
2021-08-18,0.036443,-0.70607,4448.080078125,2021-08-17,-0.929987,14656.1796875,2021-08-17,-1.98095,3256.820068359375,2021-08-17,-1.462338,2177.169921875,2021-08-17,11.104212,17.90999984741211,2021-08-17,1.026187,2021-08-17,True
2021-08-19,-0.773601,-1.074847,4400.27001953125,2021-08-18,-0.888837,14525.91015625,2021-08-18,-1.473523,3208.830078125,2021-08-18,-0.84467,2158.780029296875,2021-08-18,20.43551,21.56999969482422,2021-08-18,-0.575451,2021-08-18,True
2021-08-20,0.394672,0.125669,4405.7998046875,2021-08-19,0.109321,14541.7900390625,2021-08-19,0.842676,3235.8701171875,2021-08-19,-1.221065,2132.419921875,2021-08-19,0.463609,21.670000076293945,2021-08-19,0.488164,2021-08-19,True
2021-08-23,0.685017,0.814157,4441.669921875,2021-08-20,1.188782,14714.66015625,2021-08-20,0.637537,3256.5,2021-08-20,1.649777,2167.60009765625,2021-08-20,-14.351641,18.559999465942383,2021-08-20,-0.097842,2021-08-22,True
2021-08-24,0.827058,0.852379,4479.52978515625,2021-08-23,1.549409,14942.650390625,2021-08-23,2.625826,3342.010009765625,2021-08-23,1.87765,2208.300048828125,2021-08-23,-7.596982,17.149999618530273,2021-08-23,-0.564621,2021-08-23,True
2021-08-25,0.266505,0.149574,4486.22998046875,2021-08-24,0.516303,15019.7998046875,2021-08-24,0.101133,3345.389892578125,2021-08-24,1.023858,2230.909912109375,2021-08-24,0.408161,17.219999313354492,2021-08-24,-0.354572,2021-08-24,True
2021-08-26,0.156986,0.222012,4496.18994140625,2021-08-25,0.146876,15041.8603515625,2021-08-25,0.811868,3372.550048828125,2021-08-25,0.37474,2239.27001953125,2021-08-25,-2.497087,16.790000915527344,2021-08-25,-0.012034,2021-08-25,True
2021-08-27,-0.365008,-0.582492,4470.0,2021-08-26,-0.638557,14945.8095703125,2021-08-26,-0.064051,3370.389892578125,2021-08-26,-1.129388,2213.97998046875,2021-08-26,12.209643,18.84000015258789,2021-08-26,0.573358,2021-08-26,True
2021-08-30,0.998296,0.880763,4509.3701171875,2021-08-27,1.229043,15129.5,2021-08-27,1.960012,3436.449951171875,2021-08-27,2.853229,2277.14990234375,2021-08-27,-13.00425,16.389999389648438,2021-08-27,-0.741029,2021-08-29,True
2021-08-31,0.085013,0.430657,4528.7900390625,2021-08-30,0.901482,15265.8896484375,2021-08-30,0.290707,3446.43994140625,2021-08-30,-0.490082,2265.989990234375,2021-08-30,-1.220249,16.190000534057617,2021-08-30,0.359937,2021-08-30,True
2021-09-01,-0.11909,-0.134912,4522.68017578125,2021-08-31,-0.043557,15259.240234375,2021-08-31,-0.833323,3417.719970703125,2021-08-31,0.343339,2273.77001953125,2021-08-31,1.791223,16.479999542236328,2021-08-31,-0.609173,2021-08-31,True
2021-09-02,-0.202164,0.031169,4524.08984375,2021-09-01,0.328585,15309.3798828125,2021-09-01,-0.519938,3399.949951171875,2021-09-01,0.584494,2287.06005859375,2021-09-01,-2.245139,16.110000610351562,2021-09-01,-0.270198,2021-09-01,True
2021-09-03,0.31205,0.284264,4536.9501953125,2021-09-02,0.142395,15331.1796875,2021-09-02,0.33442,3411.320068359375,2021-09-02,0.741562,2304.02001953125,2021-09-02,1.862193,16.40999984741211,2021-09-02,0.160132,2021-09-02,True
2021-09-06,0.107322,-0.033503,4535.43017578125,2021-09-03,0.210942,15363.51953125,2021-09-03,0.573673,3430.889892578125,2021-09-03,-0.519525,2292.050048828125,2021-09-03,0.0,16.40999984741211,2021-09-03,-0.205682,2021-09-05,True
2021-09-07,-0.083185,-0.033503,4535.43017578125,2021-09-03,0.210942,15363.51953125,2021-09-03,0.573673,3430.889892578125,2021-09-03,-0.519525,2292.050048828125,2021-09-03,,,2021-09-06,0.068416,2021-09-06,False
2021-09-08,-0.358637,-0.339557,4520.02978515625,2021-09-07,0.070365,15374.330078125,2021-09-07,-0.325277,3419.72998046875,2021-09-07,-0.717259,2275.610107421875,2021-09-07,10.54235,18.139999389648438,2021-09-07,0.472503,2021-09-07,True
2021-09-09,-0.313555,-0.131857,4514.06982421875,2021-09-08,-0.570369,15286.6396484375,2021-09-08,-1.229631,3377.679931640625,2021-09-08,-1.137283,2249.72998046875,2021-09-08,-0.992284,17.959999084472656,2021-09-08,0.472867,2021-09-08,True
2021-09-10,0.184162,-0.460561,4493.27978515625,2021-09-09,-0.251132,15248.25,2021-09-09,0.389621,3390.840087890625,2021-09-09,-0.026674,2249.1298828125,2021-09-09,4.677061,18.799999237060547,2021-09-09,0.226321,2021-09-09,True
2021-09-13,-0.366614,-0.772258,4458.580078125,2021-09-10,-0.870656,15115.490234375,2021-09-10,0.761458,3416.659912109375,2021-09-10,-0.959475,2227.550048828125,2021-09-10,11.436179,20.950000762939453,2021-09-10,0.021383,2021-09-12,True
2021-09-14,0.378003,0.227649,4468.72998046875,2021-09-13,-0.065563,15105.580078125,2021-09-13,0.966442,3449.679931640625,2021-09-13,0.593925,2240.780029296875,2021-09-13,-7.541765,19.3700008392334,2021-09-13,0.14794,2021-09-13,True
2021-09-15,0.024234,-0.574664,4443.0498046875,2021-09-14,-0.448975,15037.759765625,2021-09-14,-0.008408,3449.389892578125,2021-09-14,-1.374524,2209.97998046875,2021-09-14,0.464627,19.459999084472656,2021-09-14,-0.026465,2021-09-14,True
2021-09-16,0.399274,0.8474,4480.7001953125,2021-09-15,0.823065,15161.5302734375,2021-09-15,0.47458,3465.760009765625,2021-09-15,1.107249,2234.449951171875,2021-09-15,-6.577589,18.18000030517578,2021-09-15,-0.476604,2021-09-15,True
2021-09-17,-0.353961,-0.155114,4473.75,2021-09-16,0.134483,15181.919921875,2021-09-16,0.226216,3473.60009765625,2021-09-16,-0.068923,2232.909912109375,2021-09-16,2.805282,18.690000534057617,2021-09-16,0.789557,2021-09-16,True
2021-09-23,-0.608717,0.951961,4395.64013671875,2021-09-22,1.020244,14896.849609375,2021-09-22,2.002672,3412.02001953125,2021-09-22,1.481128,2218.56005859375,2021-09-22,-14.326764,20.8700008392334,2021-09-22,-0.159775,2021-09-22,True
2021-09-24,0.475552,1.213472,4448.97998046875,2021-09-23,1.043111,15052.240234375,2021-09-23,1.331467,3457.449951171875,2021-09-23,1.824606,2259.0400390625,2021-09-23,-10.733117,18.6299991607666,2021-09-23,-0.535979,2021-09-23,True
2021-09-27,0.012206,0.146101,4455.47998046875,2021-09-24,-0.030162,15047.7001953125,2021-09-24,-0.102099,3453.919921875,2021-09-24,-0.485603,2248.070068359375,2021-09-24,-4.72356,17.75,2021-09-24,0.383077,2021-09-26,True
2021-09-28,-0.072993,-0.277638,4443.10986328125,2021-09-27,-0.51656,14969.9697265625,2021-09-27,-0.245518,3445.43994140625,2021-09-27,1.464809,2281.0,2021-09-27,5.690142,18.760000228881836,2021-09-27,-0.189958,2021-09-27,True
2021-09-29,-1.207938,-2.036411,4352.6298828125,2021-09-28,-2.827594,14546.6796875,2021-09-28,-3.80358,3314.389892578125,2021-09-28,-2.245505,2229.780029296875,2021-09-28,23.9339,23.25,2021-09-28,0.843704,2021-09-28,True
2021-09-30,-0.187359,0.156918,4359.4599609375,2021-09-29,-0.235375,14512.4404296875,2021-09-29,-1.525162,3263.840087890625,2021-09-29,-0.200467,2225.31005859375,2021-09-29,-2.967744,22.559999465942383,2021-09-29,0.0455,2021-09-29,True
2021-10-01,-0.559771,-1.190971,4307.5400390625,2021-09-30,-0.440039,14448.580078125,2021-09-30,-0.176173,3258.090087890625,2021-09-30,-0.94099,2204.3701171875,2021-09-30,2.570922,23.139999389648438,2021-09-30,-0.312446,2021-09-30,True
2021-10-05,-0.912663,-1.29859,4300.4599609375,2021-10-04,-2.136515,14255.48046875,2021-10-04,-2.487439,3180.06005859375,2021-10-04,-1.077783,2217.469970703125,2021-10-04,8.81516,22.959999084472656,2021-10-04,0.320341,2021-10-04,True
2021-10-06,0.514668,1.052451,4345.72021484375,2021-10-05,1.251095,14433.830078125,2021-10-05,1.483932,3227.25,2021-10-05,0.491106,2228.360107421875,2021-10-05,-7.229965,21.299999237060547,2021-10-05,0.286372,2021-10-05,True
2021-10-07,0.888657,0.410279,4363.5498046875,2021-10-06,0.47167,14501.91015625,2021-10-06,0.357581,3238.7900390625,2021-10-06,-0.601346,2214.9599609375,2021-10-06,-1.408447,21.0,2021-10-06,0.354622,2021-10-06,True
2021-10-08,0.437018,0.829828,4399.759765625,2021-10-07,1.048892,14654.01953125,2021-10-07,1.101953,3274.47998046875,2021-10-07,1.586039,2250.090087890625,2021-10-07,-6.952377,19.540000915527344,2021-10-07,-0.019304,2021-10-07,True
2021-10-12,-0.309159,-0.686576,4361.18994140625,2021-10-11,-0.640211,14486.2001953125,2021-10-11,-0.771348,3221.22998046875,2021-10-11,-0.557532,2220.639892578125,2021-10-11,6.553008,20.0,2021-10-11,0.018409,2021-10-11,True
2021-10-13,-0.078637,-0.241678,4350.64990234375,2021-10-12,-0.139997,14465.919921875,2021-10-12,-1.33738,3178.14990234375,2021-10-12,0.613793,2234.27001953125,2021-10-12,-0.749998,19.850000381469727,2021-10-12,0.09115,2021-10-12,True
2021-10-14,0.57091,0.302251,4363.7998046875,2021-10-13,0.730819,14571.6396484375,2021-10-13,0.45939,3192.75,2021-10-13,0.344629,2241.969970703125,2021-10-13,-6.095723,18.639999389648438,2021-10-13,-0.850542,2021-10-13,True
2021-10-15,0.691953,1.70631,4438.259765625,2021-10-14,1.727946,14823.4296875,2021-10-14,3.084801,3291.239990234375,2021-10-14,1.436681,2274.179931640625,2021-10-14,-9.54935,16.860000610351562,2021-10-14,-0.385937,2021-10-14,True
2021-10-18,0.114155,0.746021,4471.3701171875,2021-10-15,0.498604,14897.33984375,2021-10-15,0.703988,3314.409912109375,2021-10-15,-0.375082,2265.64990234375,2021-10-15,-3.321479,16.299999237060547,2021-10-15,-0.028759,2021-10-17,True
2021-10-19,0.712559,0.337477,4486.4599609375,2021-10-18,0.835516,15021.8095703125,2021-10-18,0.735278,3338.780029296875,2021-10-18,0.096669,2267.840087890625,2021-10-18,0.061351,16.309999465942383,2021-10-18,0.329163,2021-10-18,True
2021-10-20,0.391167,0.739334,4519.6298828125,2021-10-19,0.714163,15129.08984375,2021-10-19,1.278009,3381.449951171875,2021-10-19,0.355837,2275.909912109375,2021-10-19,-3.740035,15.699999809265137,2021-10-19,-0.845931,2021-10-19,True
2021-10-21,0.126743,0.366403,4536.18994140625,2021-10-20,-0.04898,15121.6796875,2021-10-20,-0.213813,3374.219970703125,2021-10-20,0.608992,2289.77001953125,2021-10-20,-1.33758,15.489999771118164,2021-10-20,-0.090168,2021-10-20,True
2021-10-22,-0.126968,0.299587,4549.77978515625,2021-10-21,0.62176,15215.7001953125,2021-10-21,1.12115,3412.050048828125,2021-10-21,0.279937,2296.179931640625,2021-10-21,-3.09877,15.010000228881836,2021-10-21,0.166874,2021-10-21,True
2021-10-25,-0.253711,-0.107255,4544.89990234375,2021-10-22,-0.824806,15090.2001953125,2021-10-22,-1.224191,3370.280029296875,2021-10-22,-0.21383,2291.27001953125,2021-10-22,2.798135,15.430000305175781,2021-10-22,-0.000851,2021-10-24,True
2021-10-26,0.555275,0.47482,4566.47998046875,2021-10-25,0.904625,15226.7099609375,2021-10-25,0.656025,3392.389892578125,2021-10-25,0.932665,2312.639892578125,2021-10-25,-1.231371,15.239999771118164,2021-10-25,-0.805751,2021-10-25,True
2021-10-27,-0.312578,0.18198,4574.7900390625,2021-10-26,0.059107,15235.7099609375,2021-10-26,0.016804,3392.9599609375,2021-10-26,-0.716057,2296.080078125,2021-10-26,4.855642,15.979999542236328,2021-10-26,0.023126,2021-10-26,True
2021-10-28,-0.290001,-0.505157,4551.68017578125,2021-10-27,0.000852,15235.83984375,2021-10-27,-0.962874,3360.2900390625,2021-10-27,-1.898457,2252.489990234375,2021-10-27,6.257822,16.979999542236328,2021-10-27,0.414629,2021-10-27,True
2021-10-29,0.418145,0.982928,4596.419921875,2021-10-28,1.393296,15448.1201171875,2021-10-28,2.337299,3438.830078125,2021-10-28,2.019542,2297.97998046875,2021-10-28,-2.65017,16.530000686645508,2021-10-28,-0.409501,2021-10-28,True
2021-11-01,0.83709,0.194933,4605.3798828125,2021-10-29,0.325409,15498.3896484375,2021-10-29,0.361749,3451.27001953125,2021-10-29,-0.03438,2297.18994140625,2021-10-29,-1.633397,16.260000228881836,2021-10-29,-0.409501,2021-10-28,True
2021-11-02,0.538669,0.180008,4613.669921875,2021-11-01,0.629293,15595.919921875,2021-11-01,1.593906,3506.280029296875,2021-11-01,2.652379,2358.1201171875,2021-11-01,0.922507,16.40999984741211,2021-11-01,0.600496,2021-11-01,True
2021-11-03,0.392355,0.368036,4630.64990234375,2021-11-02,0.344191,15649.599609375,2021-11-02,1.214395,3548.860107421875,2021-11-02,0.1586,2361.860107421875,2021-11-02,-2.315656,16.030000686645508,2021-11-02,0.186476,2021-11-02,True
2021-11-04,0.950058,0.646128,4660.56982421875,2021-11-03,1.035045,15811.580078125,2021-11-03,1.164031,3590.169921875,2021-11-03,1.796039,2404.280029296875,2021-11-03,-5.801624,15.100000381469727,2021-11-03,0.124947,2021-11-03,True
2021-11-05,0.740457,0.418194,4680.06005859375,2021-11-04,0.814147,15940.3095703125,2021-11-04,3.498166,3715.760009765625,2021-11-04,-0.07695,2402.429931640625,2021-11-04,2.25165,15.4399995803833,2021-11-04,0.110347,2021-11-04,True
2021-11-08,0.192332,0.37328,4697.52978515625,2021-11-05,0.196234,15971.58984375,2021-11-05,1.097758,3756.550048828125,2021-11-05,1.442296,2437.080078125,2021-11-05,6.735751,16.479999542236328,2021-11-05,0.550307,2021-11-05,True
2021-11-09,0.025677,0.088779,4701.7001953125,2021-11-08,0.067435,15982.3603515625,2021-11-08,1.245292,3803.330078125,2021-11-08,0.232242,2442.739990234375,2021-11-08,4.49029,17.219999313354492,2021-11-08,-0.449471,2021-11-08,True
2021-11-10,-0.563452,-0.349878,4685.25,2021-11-09,-0.599538,15886.5400390625,2021-11-09,-0.072568,3800.570068359375,2021-11-09,-0.632484,2427.2900390625,2021-11-09,3.252041,17.780000686645508,2021-11-09,1.639982,2021-11-09,True
2021-11-11,-0.673052,-0.822582,4646.7099609375,2021-11-10,-1.660715,15622.7099609375,2021-11-10,-2.82984,3693.02001953125,2021-11-10,-1.553583,2389.580078125,2021-11-10,5.343075,18.729999542236328,2021-11-10,-1.86355,2021-11-10,True
2021-11-12,0.673139,0.055094,4649.27001953125,2021-11-11,0.522127,15704.2802734375,2021-11-11,1.935272,3764.489990234375,2021-11-11,0.818546,2409.139892578125,2021-11-11,-5.712759,17.65999984741211,2021-11-11,0.563908,2021-11-11,True
2021-11-15,0.678878,0.722266,4682.85009765625,2021-11-12,0.997688,15860.9599609375,2021-11-12,0.797187,3794.5,2021-11-12,0.109588,2411.780029296875,2021-11-12,-7.757638,16.290000915527344,2021-11-12,-0.086985,2021-11-12,True
2021-11-16,-0.037989,-0.001074,4682.7998046875,2021-11-15,-0.044829,15853.849609375,2021-11-15,-0.019765,3793.75,2021-11-15,-0.449879,2400.929931640625,2021-11-15,1.22774,16.489999771118164,2021-11-15,-0.338092,2021-11-15,True
2021-11-17,0.190283,0.386523,4700.89990234375,2021-11-16,0.756982,15973.8603515625,2021-11-16,1.730475,3859.39990234375,2021-11-16,0.170354,2405.02001953125,2021-11-16,-0.727707,16.3700008392334,2021-11-16,0.373165,2021-11-16,True
2021-11-18,-0.4111,-0.260163,4688.669921875,2021-11-17,-0.327348,15921.5703125,2021-11-17,-0.724464,3831.43994140625,2021-11-17,-1.164648,2377.010009765625,2021-11-17,4.520463,17.110000610351562,2021-11-17,0.04563,2021-11-17,True
2021-11-19,0.270898,0.338478,4704.5400390625,2021-11-18,0.453094,15993.7099609375,2021-11-18,1.788362,3899.9599609375,2021-11-18,-0.564572,2363.590087890625,2021-11-18,2.805374,17.59000015258789,2021-11-18,-0.238171,2021-11-18,True
2021-11-22,0.537841,-0.139867,4697.9599609375,2021-11-19,0.398472,16057.4404296875,2021-11-19,0.309235,3912.02001953125,2021-11-19,-0.864371,2343.159912109375,2021-11-19,1.819214,17.90999984741211,2021-11-19,0.141382,2021-11-19,True
2021-11-23,-0.162703,-0.319714,4682.93994140625,2021-11-22,-1.262223,15854.759765625,2021-11-22,-1.658987,3847.1201171875,2021-11-22,-0.504012,2331.35009765625,2021-11-22,7.035177,19.170000076293945,2021-11-22,0.738015,2021-11-22,True
2021-11-24,0.290404,0.165713,4690.7001953125,2021-11-23,-0.502184,15775.1396484375,2021-11-23,-0.329862,3834.429931640625,2021-11-23,-0.149698,2327.860107421875,2021-11-23,1.095457,19.3799991607666,2021-11-23,-0.178747,2021-11-23,True
2021-11-25,0.063259,0.229385,4701.4599609375,2021-11-24,0.444312,15845.23046875,2021-11-24,0.927911,3870.010009765625,2021-11-24,0.154642,2331.4599609375,2021-11-24,-4.127963,18.579999923706055,2021-11-24,0.037827,2021-11-24,True
2021-11-26,-0.458833,0.229385,4701.4599609375,2021-11-24,0.444312,15845.23046875,2021-11-24,0.927911,3870.010009765625,2021-11-24,0.154642,2331.4599609375,2021-11-24,,,2021-11-25,-0.173952,2021-11-25,False
2021-11-29,-1.025708,-2.272482,4594.6201171875,2021-11-26,-2.231399,15491.66015625,2021-11-26,-2.916792,3757.1298828125,2021-11-26,-3.668089,2245.93994140625,2021-11-26,54.036604,28.6200008392334,2021-11-26,0.196987,2021-11-26,True
2021-11-30,0.876849,1.32002,4655.27001953125,2021-11-29,1.879527,15782.830078125,2021-11-29,4.083174,3910.5400390625,2021-11-29,-0.176316,2241.97998046875,2021-11-29,-19.776386,22.959999084472656,2021-11-29,0.368841,2021-11-29,True
2021-12-01,0.30724,-1.896131,4567.0,2021-11-30,-1.553205,15537.6904296875,2021-11-30,-1.977222,3833.219970703125,2021-11-30,-1.921073,2198.909912109375,2021-11-30,18.423352,27.190000534057617,2021-11-30,-0.323955,2021-11-30,True
2021-12-02,-0.652231,-1.181519,4513.0400390625,2021-12-01,-1.825501,15254.0498046875,2021-12-01,-0.58619,3810.75,2021-12-01,-2.341614,2147.419921875,2021-12-01,14.453844,31.1200008392334,2021-12-01,-0.661774,2021-12-01,True
2021-12-03,-0.33389,1.419444,4577.10009765625,2021-12-02,0.834339,15381.3203125,2021-12-02,0.001839,3810.820068359375,2021-12-02,2.743299,2206.330078125,2021-12-02,-10.186375,27.950000762939453,2021-12-02,-0.48611,2021-12-02,True
2021-12-06,-0.331379,-0.844856,4538.43017578125,2021-12-03,-1.923441,15085.4697265625,2021-12-03,-0.164795,3804.5400390625,2021-12-03,-2.131142,2159.31005859375,2021-12-03,9.731661,30.670000076293945,2021-12-03,-0.028881,2021-12-03,True
2021-12-07,0.101768,1.173087,4591.669921875,2021-12-06,0.925929,15225.150390625,2021-12-06,-0.11749,3800.070068359375,2021-12-06,2.045557,2203.47998046875,2021-12-06,-11.379197,27.18000030517578,2021-12-06,0.541312,2021-12-06,True
2021-12-08,0.870553,2.070708,4686.75,2021-12-07,3.032939,15686.919921875,2021-12-07,4.96517,3988.75,2021-12-07,2.283209,2253.7900390625,2021-12-07,-19.462843,21.889999389648438,2021-12-07,-0.21806,2021-12-07,True
2021-12-09,-0.125612,0.308529,4701.2099609375,2021-12-08,0.637922,15786.990234375,2021-12-08,-0.609466,3964.43994140625,2021-12-08,0.795102,2271.7099609375,2021-12-08,-9.090908,19.899999618530273,2021-12-08,-0.315113,2021-12-08,True
2021-12-10,-0.350657,-0.718108,4667.4501953125,2021-12-09,-1.707863,15517.3701171875,2021-12-09,-2.142041,3879.52001953125,2021-12-09,-2.267015,2220.2099609375,2021-12-09,8.442213,21.579999923706055,2021-12-09,-0.363678,2021-12-09,True
2021-12-13,0.491122,0.954907,4712.02001953125,2021-12-10,0.729695,15630.599609375,2021-12-10,0.906037,3914.669921875,2021-12-10,-0.378338,2211.81005859375,2021-12-10,-13.392027,18.690000534057617,2021-12-10,0.406793,2021-12-10,True
2021-12-14,-0.591418,-0.913617,4668.97021484375,2021-12-13,-1.390345,15413.2802734375,2021-12-13,-2.560624,3814.429931640625,2021-12-13,-1.415585,2180.5,2021-12-13,8.667731,20.309999465942383,2021-12-13,0.139299,2021-12-13,True
2021-12-15,-0.442926,-0.747068,4634.08984375,2021-12-14,-1.139541,15237.6396484375,2021-12-14,-0.52485,3794.409912109375,2021-12-14,-0.956207,2159.64990234375,2021-12-14,7.779419,21.889999389648438,2021-12-14,0.519946,2021-12-14,True
2021-12-16,0.809717,1.634846,4709.85009765625,2021-12-15,2.152173,15565.580078125,2021-12-15,3.690957,3934.4599609375,2021-12-15,1.646566,2195.2099609375,2021-12-15,-11.877563,19.290000915527344,2021-12-15,-0.073411,2021-12-15,True
2021-12-17,-0.603774,-0.874342,4668.669921875,2021-12-16,-2.474372,15180.4296875,2021-12-16,-4.273519,3766.320068359375,2021-12-16,-1.947422,2152.4599609375,2021-12-16,6.635556,20.56999969482422,2021-12-16,0.014359,2021-12-16,True
2021-12-20,-0.501882,-1.028768,4620.64013671875,2021-12-17,-0.070815,15169.6796875,2021-12-17,-0.140191,3761.0400390625,2021-12-17,0.997462,2173.929931640625,2021-12-17,4.861449,21.56999969482422,2021-12-17,0.147754,2021-12-17,True
2021-12-21,0.524096,-1.138806,4568.02001953125,2021-12-20,-1.244187,14980.9404296875,2021-12-20,-0.761761,3732.389892578125,2021-12-20,-1.566739,2139.8701171875,2021-12-20,6.026895,22.8700008392334,2021-12-20,0.020233,2021-12-20,True
2021-12-22,0.570849,1.777793,4649.22998046875,2021-12-21,2.404051,15341.08984375,2021-12-21,3.346653,3857.300048828125,2021-12-21,2.947835,2202.949951171875,2021-12-21,-8.132928,21.010000228881836,2021-12-21,0.314397,2021-12-21,True
2021-12-23,0.542587,1.01802,4696.56005859375,2021-12-22,1.178533,15521.8896484375,2021-12-22,0.897516,3891.919921875,2021-12-22,0.860208,2221.89990234375,2021-12-22,-11.327944,18.6299991607666,2021-12-22,0.096631,2021-12-22,True
2021-12-24,0.389252,0.62237,4725.7900390625,2021-12-23,0.847065,15653.3701171875,2021-12-23,1.039846,3932.389892578125,2021-12-23,0.885736,2241.580078125,2021-12-23,-3.596351,17.959999084472656,2021-12-23,-0.293804,2021-12-23,True
2021-12-27,0.037392,0.62237,4725.7900390625,2021-12-23,0.847065,15653.3701171875,2021-12-23,1.039846,3932.389892578125,2021-12-23,0.885736,2241.580078125,2021-12-23,,,2021-12-24,-0.191116,2021-12-24,False
2021-12-28,0.401204,1.383894,4791.18994140625,2021-12-27,1.391966,15871.259765625,2021-12-27,2.724046,4039.510009765625,2021-12-27,0.886869,2261.4599609375,2021-12-27,-1.559013,17.68000030517578,2021-12-27,0.035432,2021-12-27,True
2021-12-29,0.0,-0.101015,4786.35009765625,2021-12-28,-0.564165,15781.7197265625,2021-12-28,-1.171431,3992.18994140625,2021-12-28,-0.661075,2246.510009765625,2021-12-28,-0.791852,17.540000915527344,2021-12-28,-0.022769,2021-12-28,True
2021-12-30,0.074785,0.14019,4793.06005859375,2021-12-29,-0.098215,15766.2197265625,2021-12-29,0.179354,3999.35009765625,2021-12-29,0.121521,2249.239990234375,2021-12-29,-3.363741,16.950000762939453,2021-12-29,0.185548,2021-12-29,True
2022-01-03,0.451467,-0.262618,4766.18017578125,2021-12-31,-0.613598,15644.9697265625,2021-12-31,-0.148534,3946.169921875,2021-12-31,-0.154749,2245.31005859375,2021-12-31,-0.634741,17.219999313354492,2021-12-31,0.525482,2021-12-31,True
2022-01-04,0.26273,0.637405,4796.56005859375,2022-01-03,1.200578,15832.7998046875,2022-01-03,2.053892,4027.219970703125,2022-01-03,1.213641,2272.56005859375,2022-01-03,-3.600459,16.600000381469727,2022-01-03,-0.177326,2022-01-03,True
2022-01-05,-0.225338,-0.062962,4793.5400390625,2022-01-04,-1.326866,15622.7197265625,2022-01-04,-0.452421,4009.0,2022-01-04,-0.162369,2268.8701171875,2022-01-04,1.867467,16.90999984741211,2022-01-04,0.580918,2022-01-04,True
2022-01-06,-0.685801,-1.939276,4700.580078125,2022-01-05,-3.344807,15100.169921875,2022-01-05,-3.221,3879.8701171875,2022-01-05,-3.299886,2194.0,2022-01-05,16.676521,19.729999542236328,2022-01-05,0.152338,2022-01-05,True
2022-01-07,0.641437,-0.096377,4696.0498046875,2022-01-06,-0.127877,15080.8603515625,2022-01-06,0.751827,3909.0400390625,2022-01-06,0.563816,2206.3701171875,2022-01-06,-0.608205,19.610000610351562,2022-01-06,0.229837,2022-01-06,True
2022-01-10,-0.114025,-0.405022,4677.02978515625,2022-01-07,-0.961218,14935.900390625,2022-01-07,-2.883572,3796.320068359375,2022-01-07,-1.20379,2179.81005859375,2022-01-07,-4.334525,18.760000228881836,2022-01-07,0.544509,2022-01-07,True
2022-01-11,0.153198,-0.144103,4670.2900390625,2022-01-10,0.046396,14942.830078125,2022-01-10,0.238911,3805.389892578125,2022-01-10,-0.397289,2171.14990234375,2022-01-10,3.411511,19.399999618530273,2022-01-10,-0.738113,2022-01-10,True
2022-01-12,0.674644,0.915998,4713.06982421875,2022-01-11,1.409506,15153.4501953125,2022-01-11,1.840811,3875.43994140625,2022-01-11,1.052442,2194.0,2022-01-11,-5.103092,18.40999984741211,2022-01-11,0.101093,2022-01-11,True
2022-01-13,0.125235,0.281775,4726.35009765625,2022-01-12,0.230571,15188.3896484375,2022-01-12,0.664957,3901.2099609375,2022-01-12,-0.817682,2176.06005859375,2022-01-12,-4.291141,17.6200008392334,2022-01-12,-0.72281,2022-01-12,True
2022-01-14,-0.793051,-1.424362,4659.02978515625,2022-01-13,-2.512314,14806.8095703125,2022-01-13,-2.290824,3811.840087890625,2022-01-13,-0.763771,2159.43994140625,2022-01-13,15.266734,20.309999465942383,2022-01-13,-0.298466,2022-01-13,True
2022-01-17,0.0,0.081998,4662.85009765625,2022-01-14,0.587165,14893.75,2022-01-14,2.328797,3900.610107421875,2022-01-14,0.139852,2162.4599609375,2022-01-14,-5.51452,19.190000534057617,2022-01-14,0.061556,2022-01-14,True
2022-01-18,0.309119,0.081998,4662.85009765625,2022-01-14,0.587165,14893.75,2022-01-14,2.328797,3900.610107421875,2022-01-14,0.139852,2162.4599609375,2022-01-14,,,2022-01-17,0.198041,2022-01-17,False
2022-01-19,-0.687954,-1.838795,4577.10986328125,2022-01-18,-2.597396,14506.900390625,2022-01-18,-4.444692,3727.239990234375,2022-01-18,-3.062715,2096.22998046875,2022-01-18,18.759772,22.790000915527344,2022-01-18,0.092526,2022-01-18,True
2022-01-20,0.013075,-0.968954,4532.759765625,2022-01-19,-1.148699,14340.259765625,2022-01-19,-3.086736,3612.18994140625,2022-01-19,-1.59572,2062.780029296875,2022-01-19,4.65116,23.850000381469727,2022-01-19,0.245359,2022-01-19,True
2022-01-21,-0.948915,-1.103738,4482.72998046875,2022-01-20,-1.298723,14154.01953125,2022-01-20,-3.251212,3494.75,2022-01-20,-1.878048,2024.0400390625,2022-01-20,7.295596,25.59000015258789,2022-01-20,-0.404026,2022-01-20,True
2022-01-24,-0.289245,-1.891482,4397.93994140625,2022-01-21,-2.720779,13768.919921875,2022-01-21,-1.715715,3434.7900390625,2022-01-21,-1.784549,1987.9200439453125,2022-01-21,12.739352,28.850000381469727,2022-01-21,0.359381,2022-01-21,True
2022-01-25,-0.25266,0.277174,4410.1298828125,2022-01-24,0.62612,13855.1298828125,2022-01-24,1.314779,3479.949951171875,2022-01-24,2.29335,2033.510009765625,2022-01-24,3.639512,29.899999618530273,2022-01-24,-0.077997,2022-01-24,True
2022-01-26,0.340739,-1.217191,4356.4501953125,2022-01-25,-2.279588,13539.2900390625,2022-01-25,-3.709819,3350.85009765625,2022-01-25,-1.449709,2004.030029296875,2022-01-25,4.214048,31.15999984741211,2022-01-25,0.349143,2022-01-25,True
2022-01-27,0.082034,-0.149664,4349.93017578125,2022-01-26,0.020903,13542.1201171875,2022-01-26,1.675691,3407.0,2022-01-26,-1.375731,1976.4599609375,2022-01-26,2.567392,31.959999084472656,2022-01-26,0.036795,2022-01-26,True
2022-01-28,0.538167,-0.538409,4326.509765625,2022-01-27,-1.398155,13352.7802734375,2022-01-27,-4.784268,3244.0,2022-01-27,-2.285395,1931.2900390625,2022-01-27,-4.599497,30.489999771118164,2022-01-27,0.378733,2022-01-27,True
2022-02-03,1.724138,0.942252,4589.3798828125,2022-02-02,0.498744,14417.5498046875,2022-02-02,2.458367,3597.169921875,2022-02-02,-1.034747,2029.52001953125,2022-02-02,0.59199,22.09000015258789,2022-02-02,-0.217405,2022-02-02,True
2022-02-04,0.273224,-2.439108,4477.43994140625,2022-02-03,-3.736623,13878.8203125,2022-02-03,-4.576372,3432.550048828125,2022-02-03,-1.896507,1991.030029296875,2022-02-03,10.230875,24.350000381469727,2022-02-03,-0.21123,2022-02-03,True
2022-02-07,-0.202265,0.515693,4500.52978515625,2022-02-04,1.579309,14098.009765625,2022-02-04,0.597807,3453.070068359375,2022-02-04,0.56905,2002.3599853515625,2022-02-04,-4.640661,23.219999313354492,2022-02-04,0.030834,2022-02-04,True
2022-02-08,0.790191,-0.370171,4483.8701171875,2022-02-07,-0.584053,14015.669921875,2022-02-07,-0.02143,3452.330078125,2022-02-07,0.511396,2012.5999755859375,2022-02-07,-1.550382,22.860000610351562,2022-02-07,-0.269925,2022-02-07,True
2022-02-09,0.897471,0.840121,4521.5400390625,2022-02-08,1.275574,14194.4501953125,2022-02-08,2.398375,3535.1298828125,2022-02-08,1.628243,2045.3699951171875,2022-02-08,-6.211724,21.440000534057617,2022-02-08,-0.020048,2022-02-08,True
2022-02-10,0.603541,1.451721,4587.18017578125,2022-02-09,2.084758,14490.3701171875,2022-02-09,3.354618,3653.719970703125,2022-02-09,1.864211,2083.5,2022-02-09,-6.902992,19.959999084472656,2022-02-09,-0.04094,2022-02-09,True
2022-02-11,-0.904496,-1.811573,4504.080078125,2022-02-10,-2.102986,14185.6396484375,2022-02-10,-3.219181,3536.10009765625,2022-02-10,-1.5522,2051.159912109375,2022-02-10,19.789584,23.90999984741211,2022-02-10,-0.194754,2022-02-10,True
2022-02-14,-0.993555,-1.896945,4418.64013671875,2022-02-11,-2.780906,13791.150390625,2022-02-11,-4.831597,3365.25,2022-02-11,-1.024293,2030.1500244140625,2022-02-11,14.429112,27.360000610351562,2022-02-11,0.445545,2022-02-11,True
2022-02-15,0.299401,-0.38406,4401.669921875,2022-02-14,-0.001671,13790.919921875,2022-02-14,0.14709,3370.199951171875,2022-02-14,-0.461049,2020.7900390625,2022-02-14,3.545319,28.329999923706055,2022-02-14,-0.00917,2022-02-14,True
2022-02-16,1.09544,1.576672,4471.06982421875,2022-02-15,2.529489,14139.759765625,2022-02-15,5.467035,3554.449951171875,2022-02-15,2.754859,2076.4599609375,2022-02-15,-9.283442,25.700000762939453,2022-02-15,-0.156766,2022-02-15,True
2022-02-17,0.309348,0.088121,4475.009765625,2022-02-16,-0.110822,14124.08984375,2022-02-16,0.034886,3555.68994140625,2022-02-16,0.137258,2079.31005859375,2022-02-16,-5.486381,24.290000915527344,2022-02-16,-0.044266,2022-02-16,True
2022-02-18,-1.055726,-2.117314,4380.259765625,2022-02-17,-2.884222,13716.7197265625,2022-02-17,-3.74301,3422.60009765625,2022-02-17,-2.463322,2028.0899658203125,2022-02-17,15.726635,28.110000610351562,2022-02-17,-0.006681,2022-02-17,True
2022-02-21,-1.19383,-0.716616,4348.8701171875,2022-02-18,-1.229517,13548.0703125,2022-02-18,-1.119034,3384.300048828125,2022-02-18,-0.925009,2009.3299560546875,2022-02-18,-1.280685,27.75,2022-02-18,0.159602,2022-02-18,True
2022-02-22,-1.581769,-0.716616,4348.8701171875,2022-02-18,-1.229517,13548.0703125,2022-02-18,-1.119034,3384.300048828125,2022-02-18,-0.925009,2009.3299560546875,2022-02-18,,,2022-02-21,-0.299508,2022-02-21,False
2022-02-23,0.707291,-1.014295,4304.759765625,2022-02-22,-1.229332,13381.51953125,2022-02-22,-0.834145,3356.070068359375,2022-02-22,-1.451226,1980.1700439453125,2022-02-22,3.819818,28.809999465942383,2022-02-22,-0.032625,2022-02-22,True
2022-02-24,-1.219843,-1.841212,4225.5,2022-02-23,-2.570928,13037.490234375,2022-02-23,-2.332193,3277.800048828125,2022-02-23,-1.82207,1944.0899658203125,2022-02-23,7.670951,31.020000457763672,2022-02-23,-0.167409,2022-02-23,True
2022-02-25,0.932498,1.495686,4288.7001953125,2022-02-24,3.344966,13473.58984375,2022-02-24,3.702479,3399.159912109375,2022-02-24,2.670661,1996.010009765625,2022-02-24,-2.256611,30.31999969482422,2022-02-24,-0.023479,2022-02-24,True
2022-02-28,-0.646848,2.237268,4384.64990234375,2022-02-25,1.640471,13694.6201171875,2022-02-25,1.574213,3452.669921875,2022-02-25,2.250492,2040.9300537109375,2022-02-25,-9.003956,27.59000015258789,2022-02-25,1.140555,2022-02-25,True
2022-03-02,0.054637,-1.54735,4306.259765625,2022-03-01,-1.592132,13532.4599609375,2022-03-01,-3.635482,3304.85009765625,2022-03-01,-1.932536,2008.510009765625,2022-03-01,10.514097,33.31999969482422,2022-03-01,0.278901,2022-03-01,True
2022-03-03,0.932657,1.864269,4386.5400390625,2022-03-02,1.622466,13752.01953125,2022-03-02,3.368075,3416.159912109375,2022-03-02,2.507337,2058.8701171875,2022-03-02,-7.743097,30.739999771118164,2022-03-02,0.369709,2022-03-02,True
2022-03-04,-0.376851,-0.525467,4363.490234375,2022-03-03,-1.55671,13537.9404296875,2022-03-03,-2.236426,3339.760009765625,2022-03-03,-1.285175,2032.4100341796875,2022-03-03,-0.845804,30.479999542236328,2022-03-03,-0.184173,2022-03-03,True
2022-03-07,-1.572112,-0.793404,4328.8701171875,2022-03-04,-1.658302,13313.4404296875,2022-03-04,-2.420536,3258.919921875,2022-03-04,-1.550377,2000.9000244140625,2022-03-04,4.92126,31.979999542236328,2022-03-04,0.236044,2022-03-04,True
2022-03-08,-1.258565,-2.951816,4201.08984375,2022-03-07,-3.62401,12830.9599609375,2022-03-07,-4.909295,3098.929931640625,2022-03-07,-2.477389,1951.3299560546875,2022-03-07,13.97749,36.45000076293945,2022-03-07,0.888894,2022-03-07,True
2022-03-10,2.011901,2.569825,4277.8798828125,2022-03-09,3.595,13255.5498046875,2022-03-09,3.969432,3282.179931640625,2022-03-09,2.714201,2016.2900390625,2022-03-09,-7.628808,32.45000076293945,2022-03-09,0.065726,2022-03-09,True
2022-03-11,-0.291505,-0.429181,4259.52001953125,2022-03-10,-0.947451,13129.9599609375,2022-03-10,-2.166544,3211.070068359375,2022-03-10,-0.229133,2011.6700439453125,2022-03-10,-6.841298,30.229999542236328,2022-03-10,-0.801227,2022-03-10,True
2022-03-14,-0.111467,-1.296155,4204.31005859375,2022-03-11,-2.17937,12843.8095703125,2022-03-11,-2.084046,3144.14990234375,2022-03-11,-1.590718,1979.6700439453125,2022-03-11,1.720147,30.75,2022-03-11,0.439001,2022-03-11,True
2022-03-15,-0.32105,-0.7421,4173.10986328125,2022-03-14,-2.044486,12581.2197265625,2022-03-14,-3.07396,3047.5,2022-03-14,-1.91699,1941.719970703125,2022-03-14,3.317075,31.770000457763672,2022-03-14,0.674755,2022-03-14,True
2022-03-16,1.04196,2.140857,4262.4501953125,2022-03-15,2.920229,12948.6201171875,2022-03-15,4.355701,3180.239990234375,2022-03-15,1.403395,1968.969970703125,2022-03-15,-6.106391,29.829999923706055,2022-03-15,0.417178,2022-03-15,True
2022-03-17,1.67869,2.238376,4357.85986328125,2022-03-16,3.768198,13436.5498046875,2022-03-16,5.025724,3340.070068359375,2022-03-16,3.136158,2030.719970703125,2022-03-16,-10.593362,26.670000076293945,2022-03-16,-0.029789,2022-03-16,True
2022-03-18,-0.273336,1.234782,4411.669921875,2022-03-17,1.32646,13614.7802734375,2022-03-17,0.732918,3364.550048828125,2022-03-17,1.689059,2065.02001953125,2022-03-17,-3.749531,25.670000076293945,2022-03-17,-1.504418,2022-03-17,True
2022-03-21,0.504568,1.166229,4463.1201171875,2022-03-18,2.049681,13893.83984375,2022-03-18,2.013642,3432.300048828125,2022-03-18,1.022744,2086.139892578125,2022-03-18,-7.012073,23.8700008392334,2022-03-18,-1.035981,2022-03-18,True
2022-03-22,0.0,-0.043466,4461.18017578125,2022-03-21,-0.398593,13838.4599609375,2022-03-21,-0.263965,3423.239990234375,2022-03-21,-0.968293,2065.93994140625,2022-03-21,-1.424383,23.530000686645508,2022-03-21,0.003308,2022-03-21,True
2022-03-23,0.559803,1.130411,4511.60986328125,2022-03-22,1.953688,14108.8203125,2022-03-22,0.660489,3445.85009765625,2022-03-22,1.084259,2088.340087890625,2022-03-22,-2.507438,22.940000534057617,2022-03-22,0.777451,2022-03-22,True
2022-03-24,-0.690309,-1.22727,4456.240234375,2022-03-23,-1.319889,13922.599609375,2022-03-23,-2.482117,3360.320068359375,2022-03-23,-1.730088,2052.2099609375,2022-03-23,2.746291,23.56999969482422,2022-03-23,-0.395979,2022-03-23,True
2022-03-25,0.435137,1.434391,4520.16015625,2022-03-24,1.933836,14191.83984375,2022-03-24,5.130461,3532.719970703125,2022-03-24,1.13195,2075.43994140625,2022-03-24,-8.061093,21.670000076293945,2022-03-24,0.251867,2022-03-24,True
2022-03-28,-0.32769,0.506617,4543.06005859375,2022-03-25,-0.158824,14169.2998046875,2022-03-25,-0.208901,3525.340087890625,2022-03-25,0.122386,2077.97998046875,2022-03-25,-3.968623,20.809999465942383,2022-03-25,0.560959,2022-03-27,True
2022-03-29,0.518488,0.714496,4575.52001953125,2022-03-28,1.309878,14354.900390625,2022-03-28,0.619226,3547.169921875,2022-03-28,0.003854,2078.06005859375,2022-03-28,-5.670352,19.6299991607666,2022-03-28,-0.058803,2022-03-28,True
2022-03-30,0.665128,1.225655,4631.60009765625,2022-03-29,1.844243,14619.6396484375,2022-03-29,2.210499,3625.580078125,2022-03-29,2.648626,2133.10009765625,2022-03-29,-3.718796,18.899999618530273,2022-03-29,-1.187424,2022-03-29,True
2022-03-31,-0.067632,-0.62937,4602.4501953125,2022-03-30,-1.213232,14442.26953125,2022-03-30,-3.225965,3508.6201171875,2022-03-30,-1.970373,2091.070068359375,2022-03-30,2.275134,19.329999923706055,2022-03-30,0.108337,2022-03-30,True
2022-04-01,-0.418015,-1.565254,4530.41015625,2022-03-31,-1.535423,14220.51953125,2022-03-31,-2.269272,3429.0,2022-03-31,-1.00141,2070.1298828125,2022-03-31,6.363164,20.559999465942383,2022-03-31,0.33542,2022-03-31,True
2022-04-04,-0.190243,0.341022,4545.85986328125,2022-04-01,0.288178,14261.5,2022-04-01,-1.818609,3366.639892578125,2022-04-01,1.013474,2091.110107421875,2022-04-01,-4.523348,19.6299991607666,2022-04-01,0.352411,2022-04-03,True
2022-04-05,0.39221,0.809094,4582.64013671875,2022-04-04,1.90057,14532.5498046875,2022-04-04,1.731996,3424.949951171875,2022-04-04,0.207059,2095.43994140625,2022-04-04,-5.399896,18.56999969482422,2022-04-04,-0.400401,2022-04-04,True
2022-04-06,-0.636253,-1.255172,4525.1201171875,2022-04-05,-2.259616,14204.169921875,2022-04-05,-4.529406,3269.820068359375,2022-04-05,-2.357496,2046.0400390625,2022-04-05,13.247178,21.030000686645508,2022-04-05,0.399537,2022-04-05,True
2022-04-07,-0.465053,-0.971692,4481.14990234375,2022-04-06,-2.22012,13888.8203125,2022-04-06,-2.320009,3193.9599609375,2022-04-06,-1.422264,2016.93994140625,2022-04-06,5.087968,22.100000381469727,2022-04-06,-0.094361,2022-04-06,True
2022-04-08,0.2079,0.425339,4500.2099609375,2022-04-07,0.061053,13897.2998046875,2022-04-07,0.108955,3197.43994140625,2022-04-07,-0.353996,2009.800048828125,2022-04-07,-2.488693,21.549999237060547,2022-04-07,0.415576,2022-04-07,True
2022-04-11,-0.387812,-0.265103,4488.27978515625,2022-04-08,-1.340547,13711.0,2022-04-08,-2.416935,3120.159912109375,2022-04-08,-0.758284,1994.56005859375,2022-04-08,-1.809742,21.15999984741211,2022-04-08,0.456378,2022-04-10,True
2022-04-12,-0.692521,-1.687729,4412.52978515625,2022-04-11,-2.181023,13411.9599609375,2022-04-11,-2.085464,3055.090087890625,2022-04-11,-0.713948,1980.3199462890625,2022-04-11,15.170137,24.3700008392334,2022-04-11,0.554457,2022-04-11,True
2022-04-13,0.279642,-0.341745,4397.4501953125,2022-04-12,-0.301147,13371.5703125,2022-04-12,-0.249424,3047.469970703125,2022-04-12,0.334289,1986.93994140625,2022-04-12,-0.451377,24.260000228881836,2022-04-12,-0.522252,2022-04-12,True
2022-04-14,-0.027442,1.117458,4446.58984375,2022-04-13,2.034313,13643.58984375,2022-04-13,2.357697,3119.320068359375,2022-04-13,1.920543,2025.0999755859375,2022-04-13,-10.05771,21.81999969482422,2022-04-13,-0.446035,2022-04-13,True
2022-04-15,-0.648544,-1.214414,4392.58984375,2022-04-14,-2.143935,13351.080078125,2022-04-14,-2.920511,3028.219970703125,2022-04-14,-0.993531,2004.97998046875,2022-04-14,4.033002,22.700000762939453,2022-04-14,0.57067,2022-04-14,True
2022-04-18,-0.321184,-1.214414,4392.58984375,2022-04-14,-2.143935,13351.080078125,2022-04-14,-2.920511,3028.219970703125,2022-04-14,-0.993531,2004.97998046875,2022-04-14,,,2022-04-15,-0.163402,2022-04-17,False
2022-04-19,0.404632,-0.020487,4391.68994140625,2022-04-18,-0.140211,13332.3603515625,2022-04-18,1.881302,3085.18994140625,2022-04-18,-0.740655,1990.1300048828125,2022-04-18,-2.334805,22.170000076293945,2022-04-18,0.591163,2022-04-18,True
2022-04-20,0.027582,1.60576,4462.2099609375,2022-04-19,2.154906,13619.66015625,2022-04-19,2.205376,3153.22998046875,2022-04-19,2.042078,2030.77001953125,2022-04-19,-3.608476,21.3700008392334,2022-04-19,0.344032,2022-04-19,True
2022-04-21,0.31746,-0.061848,4459.4501953125,2022-04-20,-1.223157,13453.0703125,2022-04-20,-0.349801,3142.199951171875,2022-04-20,0.365375,2038.18994140625,2022-04-20,-4.913435,20.31999969482422,2022-04-20,-0.444499,2022-04-20,True
2022-04-22,-0.893225,-1.475295,4393.66015625,2022-04-21,-2.069564,13174.650390625,2022-04-21,-2.6561,3058.739990234375,2022-04-21,-2.29272,1991.4599609375,2022-04-21,11.614176,22.68000030517578,2022-04-21,0.680665,2022-04-21,True
2022-04-25,-1.083785,-2.774005,4271.77978515625,2022-04-22,-2.545497,12839.2900390625,2022-04-22,-2.252886,2989.830078125,2022-04-22,-2.550889,1940.6600341796875,2022-04-22,24.38271,28.209999084472656,2022-04-22,0.053928,2022-04-24,True
2022-04-26,0.409489,0.569794,4296.1201171875,2022-04-25,1.289476,13004.849609375,2022-04-25,1.757953,3042.389892578125,2022-04-25,0.697696,1954.199951171875,2022-04-25,-4.218358,27.020000457763672,2022-04-25,0.486657,2022-04-25,True
2022-04-27,-1.349831,-2.814631,4175.2001953125,2022-04-26,-3.953213,12490.740234375,2022-04-26,-4.380431,2909.1201171875,2022-04-26,-3.26118,1890.469970703125,2022-04-26,24.056254,33.52000045776367,2022-04-26,0.920582,2022-04-26,True
2022-04-28,-0.82527,0.209805,4183.9599609375,2022-04-27,-0.014495,12488.9296875,2022-04-27,-0.488471,2894.909912109375,2022-04-27,-0.340123,1884.0400390625,2022-04-27,-5.727924,31.600000381469727,2022-04-27,0.44182,2022-04-27,True
2022-04-29,0.071459,2.47469,4287.5,2022-04-28,3.063518,12871.5302734375,2022-04-28,5.577037,3056.360107421875,2022-04-28,1.79932,1917.93994140625,2022-04-28,-5.094939,29.989999771118164,2022-04-28,0.474619,2022-04-28,True
2022-05-02,-1.154604,-3.628451,4131.93017578125,2022-04-29,-4.171148,12334.6396484375,2022-04-29,-4.470027,2919.739990234375,2022-04-29,-2.807177,1864.0999755859375,2022-04-29,11.370463,33.400001525878906,2022-04-29,-0.767121,2022-05-01,True
2022-05-03,0.014134,0.567524,4155.3798828125,2022-05-02,1.632637,12536.01953125,2022-05-02,3.510587,3022.239990234375,2022-05-02,1.009069,1882.9100341796875,2022-05-02,-3.173657,32.34000015258789,2022-05-02,0.334247,2022-05-02,True
2022-05-04,0.453386,0.483713,4175.47998046875,2022-05-03,0.221284,12563.759765625,2022-05-03,0.749441,3044.889892578125,2022-05-03,0.84709,1898.8599853515625,2022-05-03,-9.554731,29.25,2022-05-03,-0.449176,2022-05-03,True
2022-05-06,-1.031802,-3.564971,4146.8701171875,2022-05-05,-4.991723,12317.6904296875,2022-05-05,-5.002229,3005.530029296875,2022-05-05,-4.039654,1871.1500244140625,2022-05-05,22.738004,31.200000762939453,2022-05-05,1.374347,2022-05-05,True
2022-05-09,-0.401319,-0.567422,4123.33984375,2022-05-06,-1.40473,12144.66015625,2022-05-06,-0.780893,2982.06005859375,2022-05-06,-1.688265,1839.56005859375,2022-05-06,-3.23718,30.190000534057617,2022-05-06,0.112718,2022-05-08,True
2022-05-10,-0.752424,-3.20371,3991.239990234375,2022-05-09,-4.293329,11623.25,2022-05-09,-5.129339,2829.10009765625,2022-05-09,-4.211882,1762.0799560546875,2022-05-09,15.104337,34.75,2022-05-09,0.372401,2022-05-09,True
2022-05-11,-0.523636,0.24579,4001.050048828125,2022-05-10,0.984406,11737.669921875,2022-05-10,2.510685,2900.1298828125,2022-05-10,-0.016453,1761.7900390625,2022-05-10,-5.064743,32.9900016784668,2022-05-10,0.132569,2022-05-10,True
2022-05-12,-1.01833,-1.646321,3935.179931640625,2022-05-11,-3.181464,11364.240234375,2022-05-11,-3.040896,2811.93994140625,2022-05-11,-2.477595,1718.1400146484375,2022-05-11,-1.303426,32.560001373291016,2022-05-11,0.125336,2022-05-11,True
2022-05-13,0.606419,-0.129596,3930.080078125,2022-05-12,0.05913,11370.9599609375,2022-05-12,0.543042,2827.2099609375,2022-05-12,1.23622,1739.3800048828125,2022-05-12,-2.426293,31.770000457763672,2022-05-12,0.985798,2022-05-12,True
2022-05-16,0.70799,2.38697,4023.889892578125,2022-05-13,3.817092,11805.0,2022-05-13,5.063655,2970.3701171875,2022-05-13,3.063738,1792.6700439453125,2022-05-13,-9.128107,28.8700008392334,2022-05-13,-1.021116,2022-05-15,True
2022-05-17,0.159559,-0.39464,4008.010009765625,2022-05-16,-1.204659,11662.7900390625,2022-05-16,-1.69373,2920.06005859375,2022-05-16,-0.515432,1783.4300537109375,2022-05-16,-4.84933,27.469999313354492,2022-05-16,0.178466,2022-05-16,True
2022-05-18,0.531533,2.016963,4088.85009765625,2022-05-17,2.758598,11984.51953125,2022-05-17,5.014963,3066.5,2022-05-17,3.188799,1840.300048828125,2022-05-17,-4.987255,26.100000381469727,2022-05-17,-1.030585,2022-05-17,True
2022-05-19,-2.136507,-4.039526,3923.679931640625,2022-05-18,-4.725839,11418.150390625,2022-05-18,-5.170065,2907.9599609375,2022-05-18,-3.556489,1774.8499755859375,2022-05-18,18.620684,30.959999084472656,2022-05-18,0.704208,2022-05-18,True
2022-05-20,0.42188,-0.583378,3900.7900390625,2022-05-19,-0.259678,11388.5,2022-05-19,-0.606263,2890.330078125,2022-05-19,0.077189,1776.219970703125,2022-05-19,-5.200254,29.350000381469727,2022-05-19,-0.943093,2022-05-19,True
2022-05-23,0.428755,0.014614,3901.360107421875,2022-05-20,-0.297492,11354.6201171875,2022-05-20,-0.26572,2882.64990234375,2022-05-20,-0.16608,1773.27001953125,2022-05-20,0.272572,29.43000030517578,2022-05-20,0.764506,2022-05-22,True
2022-05-24,-0.42735,1.855504,3973.75,2022-05-23,1.590977,11535.26953125,2022-05-23,0.547414,2898.429931640625,2022-05-23,1.099099,1792.760009765625,2022-05-23,-3.228001,28.479999542236328,2022-05-23,-1.130215,2022-05-23,True
2022-05-25,0.609579,-0.81208,3941.47998046875,2022-05-24,-2.34775,11264.4501953125,2022-05-24,-2.462709,2827.050048828125,2022-05-24,-1.557936,1764.8299560546875,2022-05-24,3.405903,29.450000762939453,2022-05-24,0.172387,2022-05-24,True
2022-05-26,0.0,0.945076,3978.72998046875,2022-05-25,1.511747,11434.740234375,2022-05-25,1.976615,2882.929931640625,2022-05-25,1.945234,1799.1600341796875,2022-05-25,-3.667232,28.3700008392334,2022-05-25,0.444887,2022-05-25,True
2022-05-27,1.029582,1.988326,4057.840087890625,2022-05-26,2.67527,11740.650390625,2022-05-26,3.873843,2994.610107421875,2022-05-26,2.172122,1838.239990234375,2022-05-26,-3.066623,27.5,2022-05-26,-0.608713,2022-05-26,True
2022-05-30,1.090544,2.474226,4158.240234375,2022-05-27,3.325876,12131.1298828125,2022-05-27,4.03191,3115.35009765625,2022-05-27,2.701499,1887.9000244140625,2022-05-27,-6.47273,25.719999313354492,2022-05-27,-0.57988,2022-05-29,True
2022-05-31,-0.169972,2.474226,4158.240234375,2022-05-27,3.325876,12131.1298828125,2022-05-27,4.03191,3115.35009765625,2022-05-27,2.701499,1887.9000244140625,2022-05-27,,,2022-05-30,-1.232027,2022-05-30,False
2022-06-02,-0.564334,-0.748277,4101.22998046875,2022-06-01,-0.719534,11994.4599609375,2022-06-01,-1.60261,3049.030029296875,2022-06-01,-0.49463,1854.8199462890625,2022-06-01,-1.909126,25.690000534057617,2022-06-01,0.419569,2022-06-01,True
2022-06-03,0.855798,1.843102,4176.81982421875,2022-06-02,2.688245,12316.900390625,2022-06-02,3.573266,3157.97998046875,2022-06-02,2.310203,1897.6700439453125,2022-06-02,-3.775793,24.719999313354492,2022-06-02,-0.489994,2022-06-02,True
2022-06-07,-0.48227,0.31374,4121.43017578125,2022-06-06,0.404901,12061.3701171875,2022-06-06,0.004895,3062.739990234375,2022-06-06,0.363239,1889.8900146484375,2022-06-06,1.129483,25.06999969482422,2022-06-06,0.315862,2022-06-06,True
2022-06-08,0.072265,0.952339,4160.68017578125,2022-06-07,0.944008,12175.23046875,2022-06-07,0.987024,3092.969970703125,2022-06-07,1.569935,1919.56005859375,2022-06-07,-4.18827,24.020000457763672,2022-06-07,0.007969,2022-06-07,True
2022-06-09,-0.346121,-1.079395,4115.77001953125,2022-06-08,-0.730671,12086.26953125,2022-06-08,-2.388315,3019.10009765625,2022-06-08,-1.487323,1891.010009765625,2022-06-08,-0.249798,23.959999084472656,2022-06-08,0.172172,2022-06-08,True
2022-06-10,-0.781137,-2.379869,4017.820068359375,2022-06-09,-2.747242,11754.23046875,2022-06-09,-2.693189,2937.7900390625,2022-06-09,-2.123205,1850.8599853515625,2022-06-09,8.889821,26.09000015258789,2022-06-09,0.579279,2022-06-09,True
2022-06-13,-2.046185,-2.91103,3900.860107421875,2022-06-10,-3.523931,11340.01953125,2022-06-10,-3.601689,2831.97998046875,2022-06-10,-2.732781,1800.280029296875,2022-06-10,6.36259,27.75,2022-06-10,1.128147,2022-06-12,True
2022-06-14,-1.787879,-3.876843,3749.6298828125,2022-06-13,-4.680672,10809.23046875,2022-06-13,-5.61374,2673.0,2022-06-13,-4.759819,1714.5899658203125,2022-06-13,22.594596,34.02000045776367,2022-06-13,1.057673,2022-06-13,True
2022-06-15,-0.197749,-0.377368,3735.47998046875,2022-06-14,0.176878,10828.349609375,2022-06-14,0.63187,2689.889892578125,2022-06-14,-0.394264,1707.8299560546875,2022-06-14,-3.90947,32.689998626708984,2022-06-14,-0.1796,2022-06-14,True
2022-06-16,1.26994,1.45925,3789.989990234375,2022-06-15,2.50085,11099.150390625,2022-06-15,1.771826,2737.550048828125,2022-06-15,1.364893,1731.1400146484375,2022-06-15,-9.391245,29.6200008392334,2022-06-15,-0.877869,2022-06-15,True
2022-06-17,-1.81311,-3.251195,3666.77001953125,2022-06-16,-4.081851,10646.099609375,2022-06-16,-6.235135,2566.860107421875,2022-06-16,-4.69633,1649.8399658203125,2022-06-16,11.242403,32.95000076293945,2022-06-16,0.783941,2022-06-16,True
2022-06-20,0.671351,0.220087,3674.840087890625,2022-06-17,1.430101,10798.349609375,2022-06-17,0.455028,2578.5400390625,2022-06-17,0.960698,1665.68994140625,2022-06-17,-5.523525,31.1299991607666,2022-06-17,0.180095,2022-06-19,True
2022-06-21,0.539511,0.220087,3674.840087890625,2022-06-17,1.430101,10798.349609375,2022-06-17,0.455028,2578.5400390625,2022-06-17,0.960698,1665.68994140625,2022-06-17,,,2022-06-20,0.14568,2022-06-20,False
2022-06-22,0.362891,2.447724,3764.7900390625,2022-06-21,2.509182,11069.2998046875,2022-06-21,2.746906,2649.3701171875,2022-06-21,1.701402,1694.030029296875,2022-06-21,-3.019591,30.190000534057617,2022-06-21,-0.060356,2022-06-21,True
2022-06-23,-0.064746,-0.130157,3759.889892578125,2022-06-22,-0.146529,11053.080078125,2022-06-22,-1.119517,2619.7099609375,2022-06-22,-0.221366,1690.280029296875,2022-06-22,-4.107319,28.950000762939453,2022-06-22,0.47074,2022-06-22,True
2022-06-24,0.522193,0.953222,3795.72998046875,2022-06-23,1.620456,11232.1904296875,2022-06-23,-0.647781,2602.739990234375,2022-06-23,1.265472,1711.6700439453125,2022-06-23,0.345418,29.049999237060547,2022-06-23,0.164139,2022-06-23,True
2022-06-27,0.751159,3.056329,3911.739990234375,2022-06-24,3.342444,11607.6201171875,2022-06-24,4.446467,2718.469970703125,2022-06-24,3.1589,1765.739990234375,2022-06-24,-6.265059,27.229999542236328,2022-06-24,-0.886285,2022-06-26,True
2022-06-28,0.126243,-0.297307,3900.110107421875,2022-06-27,-0.715653,11524.5498046875,2022-06-27,-0.183559,2713.47998046875,2022-06-27,0.339801,1771.739990234375,2022-06-27,-1.028273,26.950000762939453,2022-06-27,-0.162237,2022-06-27,True
2022-06-29,-1.174444,-2.014304,3821.550048828125,2022-06-28,-2.97634,11181.5400390625,2022-06-28,-2.631673,2642.070068359375,2022-06-28,-1.856933,1738.8399658203125,2022-06-28,5.23191,28.360000610351562,2022-06-28,0.453279,2022-06-28,True
2022-06-30,-0.3663,-0.071175,3818.830078125,2022-06-29,-0.032647,11177.8896484375,2022-06-29,-2.198658,2583.97998046875,2022-06-29,-1.11971,1719.3699951171875,2022-06-29,-0.705221,28.15999984741211,2022-06-29,0.750753,2022-06-29,True
2022-07-01,0.566802,-0.875928,3785.3798828125,2022-06-30,-1.334325,11028.740234375,2022-06-30,-1.07315,2556.25,2022-06-30,-0.661871,1707.989990234375,2022-06-30,1.953122,28.709999084472656,2022-06-30,-1.07703,2022-06-30,True
2022-07-04,0.032723,1.055381,3825.330078125,2022-07-01,0.898646,11127.849609375,2022-07-01,-3.825527,2458.4599609375,2022-07-01,1.157502,1727.760009765625,2022-07-01,-7.001039,26.700000762939453,2022-07-01,0.790555,2022-07-03,True
2022-07-05,0.932287,1.055381,3825.330078125,2022-07-01,0.898646,11127.849609375,2022-07-01,-3.825527,2458.4599609375,2022-07-01,1.157502,1727.760009765625,2022-07-01,,,2022-07-04,-0.170273,2022-07-04,False
2022-07-06,-0.788923,0.158413,3831.389892578125,2022-07-05,1.746884,11322.240234375,2022-07-05,0.78016,2477.639892578125,2022-07-05,0.785407,1741.3299560546875,2022-07-05,3.146068,27.540000915527344,2022-07-05,1.001789,2022-07-05,True
2022-07-07,0.790774,0.357316,3845.080078125,2022-07-06,0.349837,11361.849609375,2022-07-06,0.664754,2494.110107421875,2022-07-06,-0.791344,1727.550048828125,2022-07-06,-2.941181,26.729999542236328,2022-07-06,-0.291142,2022-07-06,True
2022-07-08,0.726744,1.496459,3902.6201171875,2022-07-07,2.283959,11621.349609375,2022-07-07,4.48175,2605.889892578125,2022-07-07,2.434079,1769.5999755859375,2022-07-07,-2.431723,26.079999923706055,2022-07-07,-0.551784,2022-07-07,True
2022-07-11,0.224863,-0.083027,3899.3798828125,2022-07-08,0.120123,11635.3095703125,2022-07-08,0.465489,2618.02001953125,2022-07-08,-0.013562,1769.3599853515625,2022-07-08,-5.521474,24.639999389648438,2022-07-08,-0.29746,2022-07-10,True
2022-07-12,-0.403812,-1.152746,3854.429931640625,2022-07-11,-2.257868,11372.599609375,2022-07-11,-2.457203,2553.68994140625,2022-07-11,-2.110931,1732.010009765625,2022-07-11,6.209419,26.170000076293945,2022-07-11,1.319375,2022-07-11,True
2022-07-13,0.244618,-0.924388,3818.800048828125,2022-07-12,-0.9485,11264.73046875,2022-07-12,0.175432,2558.169921875,2022-07-12,-0.221128,1728.1800537109375,2022-07-12,4.279713,27.290000915527344,2022-07-12,-0.38372,2022-07-12,True
2022-07-14,-0.746269,-0.44569,3801.780029296875,2022-07-13,-0.152249,11247.580078125,2022-07-13,0.750153,2577.360107421875,2022-07-13,-0.123831,1726.0400390625,2022-07-13,-1.722247,26.81999969482422,2022-07-13,-0.075047,2022-07-13,True
2022-07-15,0.618691,-0.299863,3790.3798828125,2022-07-14,0.032099,11251.1904296875,2022-07-14,1.922891,2626.919921875,2022-07-14,-1.073557,1707.510009765625,2022-07-14,-1.565996,26.399999618530273,2022-07-14,0.868305,2022-07-14,True
2022-07-18,1.003399,1.920125,3863.159912109375,2022-07-15,1.788517,11452.419921875,2022-07-15,2.544809,2693.77001953125,2022-07-15,2.158698,1744.3699951171875,2022-07-15,-8.219697,24.229999542236328,2022-07-15,0.147392,2022-07-17,True
2022-07-19,-0.39582,-0.836357,3830.85009765625,2022-07-18,-0.806555,11360.0498046875,2022-07-18,-0.52714,2679.570068359375,2022-07-18,-0.341095,1738.4200439453125,2022-07-18,4.416012,25.299999237060547,2022-07-18,0.059937,2022-07-18,True
2022-07-20,1.620334,2.762829,3936.68994140625,2022-07-19,3.108266,11713.150390625,2022-07-19,4.611554,2803.139892578125,2022-07-19,3.503175,1799.3199462890625,2022-07-19,-3.162052,24.5,2022-07-19,-1.016751,2022-07-19,True
2022-07-21,0.141911,0.589581,3959.89990234375,2022-07-20,1.575153,11897.650390625,2022-07-20,2.490781,2872.9599609375,2022-07-20,1.591157,1827.949951171875,2022-07-20,-2.530616,23.8799991607666,2022-07-20,0.564534,2022-07-20,True
2022-07-22,-0.218375,0.986137,3998.949951171875,2022-07-21,1.361277,12059.6103515625,2022-07-21,1.526304,2916.81005859375,2022-07-21,0.478131,1836.68994140625,2022-07-21,-3.22445,23.110000610351562,2022-07-21,-0.458539,2022-07-21,True
2022-07-25,-0.329619,-0.933247,3961.6298828125,2022-07-22,-1.869878,11834.1103515625,2022-07-22,-2.550737,2842.409912109375,2022-07-22,-1.623025,1806.8800048828125,2022-07-22,-0.34617,23.030000686645508,2022-07-22,0.189002,2022-07-24,True
2022-07-26,-0.343965,0.131517,3966.840087890625,2022-07-25,-0.434679,11782.669921875,2022-07-25,-0.611449,2825.030029296875,2022-07-25,0.602697,1817.77001953125,2022-07-25,1.432913,23.360000610351562,2022-07-25,0.082492,2022-07-25,True
2022-07-27,-0.031158,-1.15432,3921.050048828125,2022-07-26,-1.867994,11562.5703125,2022-07-26,-1.630782,2778.9599609375,2022-07-26,-0.688757,1805.25,2022-07-26,5.693493,24.690000534057617,2022-07-26,0.038156,2022-07-26,True
2022-07-28,0.747547,2.615627,4023.610107421875,2022-07-27,4.063539,12032.419921875,2022-07-27,4.751419,2911.0,2022-07-27,2.386925,1848.3399658203125,2022-07-27,-5.872826,23.239999771118164,2022-07-27,-0.377609,2022-07-27,True
2022-07-29,0.79082,1.213334,4072.429931640625,2022-07-28,1.081827,12162.58984375,2022-07-28,1.150807,2944.5,2022-07-28,1.335797,1873.030029296875,2022-07-28,-3.915662,22.329999923706055,2022-07-28,-0.826979,2022-07-28,True
2022-08-01,-0.247028,1.420776,4130.2900390625,2022-07-29,1.875428,12390.6904296875,2022-07-29,0.768888,2967.139892578125,2022-07-29,0.651348,1885.22998046875,2022-07-29,-4.47828,21.329999923706055,2022-07-29,0.550516,2022-07-31,True
2022-08-02,-0.108125,-0.282308,4118.6298828125,2022-08-01,-0.175212,12368.98046875,2022-08-01,0.3768,2978.320068359375,2022-08-01,-0.10184,1883.31005859375,2022-08-01,7.079232,22.84000015258789,2022-08-01,0.343242,2022-08-01,True
2022-08-03,0.046591,-0.66624,4091.18994140625,2022-08-02,-0.163479,12348.759765625,2022-08-02,-0.119869,2974.75,2022-08-02,-0.04567,1882.449951171875,2022-08-02,4.77233,23.93000030517578,2022-08-02,0.603023,2022-08-02,True
2022-08-04,0.663171,1.563848,4155.169921875,2022-08-03,2.586498,12668.16015625,2022-08-03,2.645935,3053.4599609375,2022-08-03,1.406683,1908.9300537109375,2022-08-03,-8.274131,21.950000762939453,2022-08-03,-0.551486,2022-08-03,True
2022-08-05,0.30689,-0.077734,4151.93994140625,2022-08-04,0.413793,12720.580078125,2022-08-04,0.915353,3081.409912109375,2022-08-04,-0.129397,1906.4599609375,2022-08-04,-2.323463,21.440000534057617,2022-08-04,-0.405395,2022-08-04,True
2022-08-08,-0.685976,-0.162575,4145.18994140625,2022-08-05,-0.495498,12657.5498046875,2022-08-05,-0.909325,3053.389892578125,2022-08-05,0.805681,1921.8199462890625,2022-08-05,-1.352616,21.149999618530273,2022-08-05,0.050691,2022-08-07,True
2022-08-09,0.030544,-0.123755,4140.06005859375,2022-08-08,-0.103415,12644.4599609375,2022-08-08,-1.606405,3004.340087890625,2022-08-08,1.00894,1941.2099609375,2022-08-08,0.661945,21.290000915527344,2022-08-08,-0.284781,2022-08-08,True
2022-08-10,-0.532806,-0.424869,4122.47021484375,2022-08-09,-1.190484,12493.9296875,2022-08-09,-4.574721,2866.89990234375,2022-08-09,-1.458881,1912.8900146484375,2022-08-09,2.254577,21.770000457763672,2022-08-09,0.656646,2022-08-09,True
2022-08-11,1.139864,2.129064,4210.240234375,2022-08-10,2.888364,12854.7998046875,2022-08-10,4.248842,2988.7099609375,2022-08-10,2.946326,1969.25,2022-08-10,-9.324762,19.739999771118164,2022-08-10,-0.830563,2022-08-10,True
2022-08-12,-0.106061,-0.070547,4207.27001953125,2022-08-11,-0.582581,12779.91015625,2022-08-11,-0.334927,2978.699951171875,2022-08-11,0.305193,1975.260009765625,2022-08-11,2.330299,20.200000762939453,2022-08-11,0.781214,2022-08-11,True
2022-08-16,0.679245,0.396954,4297.14013671875,2022-08-15,0.619745,13128.0498046875,2022-08-15,0.309338,3077.330078125,2022-08-15,0.23455,2021.3499755859375,2022-08-15,2.150538,19.950000762939453,2022-08-15,0.906734,2022-08-15,True
2022-08-17,0.180668,0.187568,4305.2001953125,2022-08-16,-0.194241,13102.5498046875,2022-08-16,-1.029795,3045.639892578125,2022-08-16,-0.040564,2020.530029296875,2022-08-16,-1.303259,19.690000534057617,2022-08-16,-0.166013,2022-08-16,True
2022-08-18,-0.529661,-0.723779,4274.0400390625,2022-08-17,-1.254944,12938.1201171875,2022-08-17,-2.479603,2970.1201171875,2022-08-17,-1.644122,1987.31005859375,2022-08-17,1.066527,19.899999618530273,2022-08-17,0.29214,2022-08-17,True
2022-08-19,0.106334,0.226956,4283.740234375,2022-08-18,0.210384,12965.33984375,2022-08-18,2.280041,3037.840087890625,2022-08-18,0.675281,2000.72998046875,2022-08-18,-1.708544,19.559999465942383,2022-08-18,0.918756,2022-08-18,True
2022-08-22,-1.069519,-1.29,4228.47998046875,2022-08-19,-2.006273,12705.2197265625,2022-08-19,-2.781582,2953.340087890625,2022-08-19,-2.168209,1957.3499755859375,2022-08-19,5.316978,20.600000381469727,2022-08-19,0.599133,2022-08-21,True
2022-08-23,-0.696594,-2.140006,4137.990234375,2022-08-22,-2.547374,12381.5703125,2022-08-22,-3.72358,2843.3701171875,2022-08-22,-2.125833,1915.739990234375,2022-08-22,15.533975,23.799999237060547,2022-08-22,0.636771,2022-08-22,True
2022-08-24,0.329205,-0.223786,4128.72998046875,2022-08-23,-0.002185,12381.2998046875,2022-08-23,0.736448,2864.31005859375,2022-08-23,0.177478,1919.1400146484375,2022-08-23,1.302527,24.110000610351562,2022-08-23,-0.318606,2022-08-23,True
2022-08-25,0.39032,0.291616,4140.77001953125,2022-08-24,0.405696,12431.5302734375,2022-08-24,0.065282,2866.179931640625,2022-08-24,0.841524,1935.2900390625,2022-08-24,-5.350481,22.81999969482422,2022-08-24,0.068707,2022-08-24,True
2022-08-26,0.478395,1.409161,4199.1201171875,2022-08-25,1.671067,12639.26953125,2022-08-25,3.65958,2971.070068359375,2022-08-25,1.516567,1964.6400146484375,2022-08-25,-4.557401,21.780000686645508,2022-08-25,-0.41493,2022-08-25,True
2022-08-29,-2.3905,-3.368806,4057.659912109375,2022-08-26,-3.936617,12141.7099609375,2022-08-26,-5.810369,2798.43994140625,2022-08-26,-3.298826,1899.8299560546875,2022-08-26,17.355366,25.559999465942383,2022-08-26,0.505089,2022-08-28,True
2022-08-30,0.474083,-0.666636,4030.610107421875,2022-08-29,-1.021603,12017.669921875,2022-08-29,-1.9275,2744.5,2022-08-29,-0.889028,1882.93994140625,2022-08-29,2.543035,26.209999084472656,2022-08-29,0.339248,2022-08-29,True
2022-08-31,-0.922307,-1.102816,3986.159912109375,2022-08-30,-1.119437,11883.1396484375,2022-08-30,-1.306982,2708.6298828125,2022-08-30,-1.452514,1855.5899658203125,2022-08-30,0.0,26.209999084472656,2022-08-30,0.331416,2022-08-30,True
2022-09-01,-1.272107,-0.781703,3955.0,2022-08-31,-0.563315,11816.2001953125,2022-08-31,-1.15335,2677.389892578125,2022-08-31,-0.618131,1844.1199951171875,2022-08-31,-1.297208,25.8700008392334,2022-08-31,-0.58732,2022-08-31,True
2022-09-02,0.428571,0.299623,3966.85009765625,2022-09-01,-0.262947,11785.1298828125,2022-09-01,-1.921272,2625.949951171875,2022-09-01,-1.155025,1822.8199462890625,2022-09-01,-1.198304,25.559999465942383,2022-09-01,0.956593,2022-09-01,True
2022-09-05,-0.015962,-1.07365,3924.260009765625,2022-09-02,-1.309019,11630.8603515625,2022-09-02,-1.016392,2599.260009765625,2022-09-02,-0.717018,1809.75,2022-09-02,-0.352113,25.469999313354492,2022-09-02,0.47303,2022-09-04,True
2022-09-06,0.239425,-1.07365,3924.260009765625,2022-09-02,-1.309019,11630.8603515625,2022-09-02,-1.016392,2599.260009765625,2022-09-02,-0.717018,1809.75,2022-09-02,,,2022-09-05,0.022038,2022-09-05,False
2022-09-07,-0.686353,-0.409506,3908.18994140625,2022-09-06,-0.738984,11544.91015625,2022-09-06,-1.069152,2571.469970703125,2022-09-06,-0.963119,1792.3199462890625,2022-09-06,5.653712,26.90999984741211,2022-09-06,1.196931,2022-09-06,True
2022-09-08,0.696469,1.834102,3979.8701171875,2022-09-07,2.139386,11791.900390625,2022-09-07,1.556698,2611.5,2022-09-07,2.213893,1832.0,2022-09-07,-8.435528,24.639999389648438,2022-09-07,-0.275735,2022-09-07,True
2022-09-13,1.826705,1.058427,4110.41015625,2022-09-12,1.272264,12266.41015625,2022-09-12,0.342427,2731.090087890625,2022-09-12,1.234299,1906.0899658203125,2022-09-12,4.73892,23.8700008392334,2022-09-12,-0.235668,2022-09-12,True
2022-09-14,-2.867889,-4.323661,3932.68994140625,2022-09-13,-5.159128,11633.5703125,2022-09-13,-6.181417,2562.27001953125,2022-09-13,-3.909575,1831.5699462890625,2022-09-13,14.243819,27.270000457763672,2022-09-13,1.283601,2022-09-13,True
2022-09-15,0.223821,0.338701,3946.010009765625,2022-09-14,0.74018,11719.6796875,2022-09-14,1.141175,2591.510009765625,2022-09-14,0.376181,1838.4599609375,2022-09-14,-4.070409,26.15999984741211,2022-09-14,-0.164332,2022-09-14,True
2022-09-16,-0.948553,-1.131774,3901.35009765625,2022-09-15,-1.427678,11552.3603515625,2022-09-15,-1.619518,2549.5400390625,2022-09-15,-0.719623,1825.22998046875,2022-09-15,0.420492,26.270000457763672,2022-09-15,0.535513,2022-09-15,True
2022-09-19,0.226684,-0.718213,3873.330078125,2022-09-16,-0.899902,11448.400390625,2022-09-16,0.533424,2563.139892578125,2022-09-16,-1.481459,1798.18994140625,2022-09-16,0.114194,26.299999237060547,2022-09-16,-0.958082,2022-09-18,True
2022-09-20,0.701239,0.68571,3899.889892578125,2022-09-19,0.756605,11535.01953125,2022-09-19,0.577419,2577.93994140625,2022-09-19,0.81471,1812.8399658203125,2022-09-19,-2.053228,25.760000228881836,2022-09-19,0.352288,2022-09-19,True
2022-09-21,-0.747603,-1.12721,3855.929931640625,2022-09-20,-0.953355,11425.0498046875,2022-09-20,-1.491111,2539.5,2022-09-20,-1.397805,1787.5,2022-09-20,5.434781,27.15999984741211,2022-09-20,0.17265,2022-09-20,True
2022-09-22,-1.197507,-1.711649,3789.929931640625,2022-09-21,-1.793072,11220.1904296875,2022-09-21,-0.966333,2514.9599609375,2022-09-21,-1.41762,1762.1600341796875,2022-09-21,3.055964,27.989999771118164,2022-09-21,0.362658,2022-09-21,True
2022-09-23,-0.016584,-0.842758,3757.989990234375,2022-09-22,-1.367008,11066.8095703125,2022-09-22,-2.811574,2444.25,2022-09-22,-2.261428,1722.31005859375,2022-09-22,-2.286529,27.350000381469727,2022-09-22,0.436473,2022-09-22,True
2022-09-26,-1.276024,-1.723262,3693.22998046875,2022-09-23,-1.797084,10867.9296875,2022-09-23,-1.446255,2408.89990234375,2022-09-23,-2.480395,1679.5899658203125,2022-09-23,9.396708,29.920000076293945,2022-09-23,1.29305,2022-09-25,True
2022-09-27,0.086059,-1.034053,3655.0400390625,2022-09-26,-0.59818,10802.919921875,2022-09-26,-1.470793,2373.469970703125,2022-09-26,-1.411652,1655.8800048828125,2022-09-26,7.82085,32.2599983215332,2022-09-26,0.559847,2022-09-26,True
2022-09-28,-1.151005,-0.212036,3647.2900390625,2022-09-27,0.246045,10829.5,2022-09-27,1.035196,2398.0400390625,2022-09-27,0.400392,1662.510009765625,2022-09-27,1.053937,32.599998474121094,2022-09-27,-0.245495,2022-09-27,True
2022-09-29,1.232828,1.967214,3719.0400390625,2022-09-28,2.051246,11051.6396484375,2022-09-28,1.218494,2427.260009765625,2022-09-28,3.171709,1715.239990234375,2022-09-28,-7.423308,30.18000030517578,2022-09-28,-0.302193,2022-09-28,True
2022-09-30,-0.387324,-2.112644,3640.469970703125,2022-09-29,-2.842383,10737.509765625,2022-09-29,-3.291774,2347.360107421875,2022-09-29,-2.350105,1674.9300537109375,2022-09-29,5.500331,31.84000015258789,2022-09-29,0.578086,2022-09-29,True
2022-10-04,1.450044,2.588389,3678.429931640625,2022-10-03,2.26757,10815.4296875,2022-10-03,3.755153,2393.320068359375,2022-10-03,2.652099,1708.8699951171875,2022-10-03,-4.807085,30.100000381469727,2022-10-03,-0.409248,2022-10-03,True
2022-10-05,1.743785,3.05837,3790.929931640625,2022-10-04,3.337643,11176.41015625,2022-10-04,4.462004,2500.110107421875,2022-10-04,3.914869,1775.77001953125,2022-10-04,-3.421929,29.06999969482422,2022-10-04,-1.172781,2022-10-04,True
2022-10-06,0.811324,-0.201795,3783.280029296875,2022-10-05,-0.248474,11148.6396484375,2022-10-05,0.939959,2523.610107421875,2022-10-05,-0.736586,1762.68994140625,2022-10-05,-1.788787,28.549999237060547,2022-10-05,0.016235,2022-10-05,True
2022-10-07,-1.075636,-1.024508,3744.52001953125,2022-10-06,-0.675689,11073.3095703125,2022-10-06,-0.585273,2508.840087890625,2022-10-06,-0.577523,1752.510009765625,2022-10-06,6.90018,30.520000457763672,2022-10-06,-0.586554,2022-10-06,True
2022-10-11,-1.970865,-0.749246,3612.389892578125,2022-10-10,-1.035455,10542.099609375,2022-10-10,-3.45433,2275.340087890625,2022-10-10,-0.601003,1691.9200439453125,2022-10-10,3.475766,32.45000076293945,2022-10-10,0.8736,2022-10-10,True
2022-10-12,-0.192442,-0.651918,3588.840087890625,2022-10-11,-1.099489,10426.1904296875,2022-10-11,-2.498532,2218.489990234375,2022-10-11,0.059104,1692.9200439453125,2022-10-11,3.636364,33.630001068115234,2022-10-11,0.171532,2022-10-11,True
2022-10-13,-0.364267,-0.329077,3577.030029296875,2022-10-12,-0.087192,10417.099609375,2022-10-12,-0.896551,2198.60009765625,2022-10-12,-0.304801,1687.760009765625,2022-10-12,-0.178416,33.56999969482422,2022-10-12,-0.482249,2022-10-12,True
2022-10-14,1.463071,2.596564,3669.909912109375,2022-10-13,2.227595,10649.150390625,2022-10-13,2.940048,2263.239990234375,2022-10-13,2.408519,1728.4100341796875,2022-10-13,-4.855523,31.940000534057617,2022-10-13,0.449471,2022-10-13,True
2022-10-17,-1.325073,-2.366266,3583.070068359375,2022-10-14,-3.077811,10321.3896484375,2022-10-14,-4.459091,2162.320068359375,2022-10-14,-2.661985,1682.4000244140625,2022-10-14,0.250469,32.02000045776367,2022-10-14,0.731312,2022-10-16,True
2022-10-18,1.461737,2.648005,3677.949951171875,2022-10-17,3.433745,10675.7998046875,2022-10-17,2.281801,2211.659912109375,2022-10-17,3.171064,1735.75,2022-10-17,-2.02998,31.3700008392334,2022-10-17,-0.736416,2022-10-17,True
2022-10-19,0.067912,1.142757,3719.97998046875,2022-10-18,0.904856,10772.400390625,2022-10-18,0.420501,2220.9599609375,2022-10-18,1.164336,1755.9599609375,2022-10-18,-2.773353,30.5,2022-10-18,-0.358704,2022-10-18,True
2022-10-20,-0.564875,-0.66721,3695.159912109375,2022-10-19,-0.853019,10680.509765625,2022-10-19,0.75553,2237.739990234375,2022-10-19,-1.719854,1725.760009765625,2022-10-19,0.85246,30.760000228881836,2022-10-19,0.701042,2022-10-19,True
2022-10-21,-0.293863,-0.795091,3665.780029296875,2022-10-20,-0.614858,10614.83984375,2022-10-20,0.691769,2253.219970703125,2022-10-20,-1.238295,1704.3900146484375,2022-10-20,-2.535763,29.979999542236328,2022-10-20,-0.32752,2022-10-20,True
2022-10-24,1.569777,2.372482,3752.75,2022-10-21,2.306958,10859.7197265625,2022-10-21,3.704475,2336.68994140625,2022-10-21,2.220734,1742.239990234375,2022-10-21,-0.967308,29.690000534057617,2022-10-21,-0.153818,2022-10-23,True
2022-10-25,0.136729,1.188198,3797.340087890625,2022-10-24,0.855369,10952.6103515625,2022-10-24,0.635947,2351.550048828125,2022-10-24,0.35357,1748.4000244140625,2022-10-24,0.538901,29.850000381469727,2022-10-24,1.109857,2022-10-24,True
2022-10-26,-0.03413,1.626665,3859.110107421875,2022-10-25,2.250694,11199.1201171875,2022-10-25,2.259781,2404.68994140625,2022-10-25,2.731641,1796.1600341796875,2022-10-25,-4.656621,28.459999084472656,2022-10-25,-1.179389,2022-10-25,True
2022-10-27,0.576271,-0.738772,3830.60009765625,2022-10-26,-2.037034,10970.990234375,2022-10-26,-1.179356,2376.330078125,2022-10-26,0.454855,1804.3299560546875,2022-10-26,-4.146165,27.280000686645508,2022-10-26,-0.997954,2022-10-26,True
2022-10-28,-1.082792,-0.608261,3807.300048828125,2022-10-27,-1.62538,10792.669921875,2022-10-27,-1.503578,2340.60009765625,2022-10-27,0.11029,1806.3199462890625,2022-10-27,0.403221,27.389999389648438,2022-10-27,0.56347,2022-10-27,True
2022-10-31,1.083827,2.462638,3901.06005859375,2022-10-28,2.870284,11102.4501953125,2022-10-28,3.975896,2433.659912109375,2022-10-28,2.247669,1846.9200439453125,2022-10-28,-5.987585,25.75,2022-10-28,0.56347,2022-10-27,True
2022-11-01,0.266978,-0.74544,3871.97998046875,2022-10-31,-1.029501,10988.150390625,2022-10-31,-2.022056,2384.449951171875,2022-10-31,-0.003252,1846.8599853515625,2022-10-31,0.504851,25.8799991607666,2022-10-31,0.07039,2022-10-31,True
2022-11-02,-0.493097,-0.410123,3856.10009765625,2022-11-01,-0.885506,10890.849609375,2022-11-01,0.767475,2402.75,2022-11-01,0.245283,1851.3900146484375,2022-11-01,-0.270478,25.809999465942383,2022-11-01,0.212431,2022-11-01,True
2022-11-03,-1.679565,-2.500198,3759.68994140625,2022-11-02,-3.361077,10524.7998046875,2022-11-02,-3.091459,2328.469970703125,2022-11-02,-3.362339,1789.1400146484375,2022-11-02,0.193728,25.860000610351562,2022-11-02,-0.566452,2022-11-02,True
2022-11-04,-0.430535,-1.058599,3719.889892578125,2022-11-03,-1.727913,10342.9404296875,2022-11-03,-1.529754,2292.85009765625,2022-11-03,-0.525953,1779.72998046875,2022-11-03,-2.165512,25.299999237060547,2022-11-03,0.458845,2022-11-03,True
2022-11-07,0.311884,1.361872,3770.550048828125,2022-11-04,1.279226,10475.25,2022-11-04,4.596458,2398.239990234375,2022-11-04,1.131633,1799.8699951171875,2022-11-04,-2.964427,24.549999237060547,2022-11-04,0.038651,2022-11-04,True
2022-11-08,0.763359,0.961398,3806.800048828125,2022-11-07,0.852195,10564.51953125,2022-11-07,2.184107,2450.6201171875,2022-11-07,0.552266,1809.81005859375,2022-11-07,-0.814659,24.350000381469727,2022-11-07,-1.513015,2022-11-07,True
2022-11-09,0.464297,0.559789,3828.110107421875,2022-11-08,0.489191,10616.2001953125,2022-11-08,2.153323,2503.389892578125,2022-11-08,-0.048624,1808.9300537109375,2022-11-08,4.887066,25.540000915527344,2022-11-08,-0.671134,2022-11-08,True
2022-11-10,-0.760938,-2.077789,3748.570068359375,2022-11-09,-2.477631,10353.169921875,2022-11-09,-3.138537,2424.820068359375,2022-11-09,-2.682803,1760.4000244140625,2022-11-09,2.153482,26.09000015258789,2022-11-09,-1.33194,2022-11-09,True
2022-11-11,3.194734,5.543448,3956.3701171875,2022-11-10,7.350217,11114.150390625,2022-11-10,10.214363,2672.5,2022-11-10,6.108272,1867.9300537109375,2022-11-10,-9.812186,23.530000686645508,2022-11-10,-0.261978,2022-11-10,True
2022-11-14,0.123476,0.924075,3992.929931640625,2022-11-11,1.882102,11323.330078125,2022-11-11,3.083252,2754.89990234375,2022-11-11,0.792853,1882.739990234375,2022-11-11,-4.292394,22.520000457763672,2022-11-11,-1.545369,2022-11-11,True
2022-11-15,0.295123,-0.893578,3957.25,2022-11-14,-1.122553,11196.2197265625,2022-11-14,-0.974622,2728.050048828125,2022-11-14,-1.141421,1861.25,2022-11-14,5.372998,23.729999542236328,2022-11-14,-2.693106,2022-11-14,True
2022-11-16,0.201363,0.871312,3991.72998046875,2022-11-15,1.448618,11358.41015625,2022-11-15,3.02634,2810.610107421875,2022-11-15,1.501676,1889.199951171875,2022-11-15,3.413407,24.540000915527344,2022-11-15,0.841559,2022-11-15,True
2022-11-17,-0.527623,-0.825205,3958.7900390625,2022-11-16,-1.538508,11183.66015625,2022-11-16,-4.262065,2690.820068359375,2022-11-16,-1.907152,1853.1700439453125,2022-11-16,-1.752242,24.110000610351562,2022-11-16,-0.590595,2022-11-16,True
2022-11-18,0.0,-0.308932,3946.56005859375,2022-11-17,-0.346042,11144.9599609375,2022-11-17,1.050982,2719.10009765625,2022-11-17,-0.758163,1839.1199951171875,2022-11-17,-0.746579,23.93000030517578,2022-11-17,1.532375,2022-11-17,True
2022-11-21,0.236407,0.475858,3965.340087890625,2022-11-18,0.009866,11146.0595703125,2022-11-18,0.181307,2724.030029296875,2022-11-18,0.576906,1849.72998046875,2022-11-18,-3.38487,23.1200008392334,2022-11-18,0.472898,2022-11-18,True
2022-11-22,-0.238247,-0.388369,3949.93994140625,2022-11-21,-1.090518,11024.509765625,2022-11-21,-1.769435,2675.830078125,2022-11-21,-0.572514,1839.1400146484375,2022-11-21,-3.287198,22.360000610351562,2022-11-21,-0.277041,2022-11-21,True
2022-11-23,0.719885,1.357999,4003.580078125,2022-11-22,1.359701,11174.41015625,2022-11-22,3.026724,2756.820068359375,2022-11-22,1.158146,1860.43994140625,2022-11-22,-4.785329,21.290000915527344,2022-11-22,1.547387,2022-11-22,True
2022-11-24,0.69919,0.591469,4027.260009765625,2022-11-23,0.992537,11285.3203125,2022-11-23,1.073696,2786.419921875,2022-11-23,0.165556,1863.52001953125,2022-11-23,-4.415221,20.350000381469727,2022-11-23,-0.519217,2022-11-23,True
2022-11-25,0.062972,0.591469,4027.260009765625,2022-11-23,0.992537,11285.3203125,2022-11-23,1.073696,2786.419921875,2022-11-23,0.165556,1863.52001953125,2022-11-23,,,2022-11-24,-1.173948,2022-11-24,False
2022-11-28,-0.632311,-0.028304,4026.1201171875,2022-11-25,-0.522448,11226.3603515625,2022-11-25,-1.261472,2751.27001953125,2022-11-25,0.304259,1869.18994140625,2022-11-25,0.737099,20.5,2022-11-25,-1.415313,2022-11-25,True
2022-11-29,-0.048008,-1.544419,3963.93994140625,2022-11-28,-1.575402,11049.5,2022-11-28,-2.634783,2678.780029296875,2022-11-28,-2.04527,1830.9599609375,2022-11-28,8.341459,22.209999084472656,2022-11-28,1.264904,2022-11-28,True
2022-11-30,-0.537975,-0.159187,3957.6298828125,2022-11-29,-0.594776,10983.7802734375,2022-11-29,-0.303501,2670.64990234375,2022-11-29,0.305309,1836.550048828125,2022-11-29,-1.440791,21.889999389648438,2022-11-29,0.416612,2022-11-29,True
2022-12-01,1.434139,3.094787,4080.110107421875,2022-11-30,4.408498,11468.0,2022-11-30,5.848771,2826.85009765625,2022-11-30,2.724124,1886.5799560546875,2022-11-30,-5.984466,20.579999923706055,2022-11-30,-1.100648,2022-11-30,True
2022-12-02,-0.356423,-0.086763,4076.570068359375,2022-12-01,0.126004,11482.4501953125,2022-12-01,-0.783563,2804.699951171875,2022-12-01,-0.259724,1881.6800537109375,2022-12-01,-3.595723,19.84000015258789,2022-12-01,-3.438281,2022-12-01,True
2022-12-05,0.348708,-0.119466,4071.699951171875,2022-12-02,-0.182454,11461.5,2022-12-02,-1.192996,2771.239990234375,2022-12-02,0.593082,1892.8399658203125,2022-12-02,-3.931455,19.059999465942383,2022-12-02,1.832314,2022-12-02,True
2022-12-06,-0.858642,-1.789421,3998.840087890625,2022-12-05,-1.933077,11239.9404296875,2022-12-05,-1.197657,2738.050048828125,2022-12-05,-2.779949,1840.219970703125,2022-12-05,8.86674,20.75,2022-12-05,-0.31306,2022-12-05,True
2022-12-07,-0.354324,-1.439919,3941.260009765625,2022-12-06,-2.002242,11014.8896484375,2022-12-06,-2.356422,2673.530029296875,2022-12-06,-1.501995,1812.5799560546875,2022-12-06,6.843374,22.170000076293945,2022-12-06,0.400252,2022-12-06,True
2022-12-08,0.080985,-0.186237,3933.919921875,2022-12-07,-0.511488,10958.5498046875,2022-12-07,-0.010474,2673.25,2022-12-07,-0.313362,1806.9000244140625,2022-12-07,2.300407,22.68000030517578,2022-12-07,1.176044,2022-12-07,True
2022-12-09,0.502106,0.752178,3963.510009765625,2022-12-08,1.126519,11082.0,2022-12-08,2.673898,2744.72998046875,2022-12-08,0.630362,1818.2900390625,2022-12-08,-1.719574,22.290000915527344,2022-12-08,-0.425092,2022-12-08,True
2022-12-12,-0.704451,-0.734958,3934.3798828125,2022-12-09,-0.698248,11004.6201171875,2022-12-09,-0.863836,2721.02001953125,2022-12-09,-1.189579,1796.6600341796875,2022-12-09,2.422606,22.829999923706055,2022-12-09,0.192529,2022-12-09,True
2022-12-13,0.531658,1.42793,3990.56005859375,2022-12-12,1.264197,11143.740234375,2022-12-12,2.138534,2779.2099609375,2022-12-12,1.221709,1818.6099853515625,2022-12-12,9.505038,25.0,2022-12-12,-1.022304,2022-12-12,True
2022-12-14,0.370848,0.728966,4019.64990234375,2022-12-13,1.014644,11256.8095703125,2022-12-13,1.522737,2821.530029296875,2022-12-13,0.756072,1832.3599853515625,2022-12-13,-9.800003,22.549999237060547,2022-12-13,0.211024,2022-12-13,True
2022-12-15,-0.605867,-0.605272,3995.320068359375,2022-12-14,-0.763271,11170.8896484375,2022-12-14,-1.568653,2777.27001953125,2022-12-14,-0.649983,1820.449951171875,2022-12-14,-6.252771,21.139999389648438,2022-12-14,-1.297175,2022-12-14,True
2022-12-16,-1.491569,-2.492168,3895.75,2022-12-15,-3.225879,10810.5302734375,2022-12-15,-4.171726,2661.409912109375,2022-12-15,-2.518057,1774.6099853515625,2022-12-15,7.994326,22.829999923706055,2022-12-15,0.519797,2022-12-15,True
2022-12-19,-0.244339,-1.113775,3852.360107421875,2022-12-16,-0.972386,10705.41015625,2022-12-16,-0.950993,2636.10009765625,2022-12-16,-0.630558,1763.4200439453125,2022-12-16,-0.919838,22.6200008392334,2022-12-16,1.65318,2022-12-16,True
2022-12-20,-0.374593,-0.900752,3817.659912109375,2022-12-19,-1.488779,10546.0302734375,2022-12-19,-1.374758,2599.860107421875,2022-12-19,-1.408631,1738.5799560546875,2022-12-19,-0.884177,22.420000076293945,2022-12-19,-0.625616,2022-12-19,True
2022-12-21,0.607653,0.103734,3821.6201171875,2022-12-20,0.010242,10547.1103515625,2022-12-20,-0.623888,2583.639892578125,2022-12-20,0.542976,1748.02001953125,2022-12-20,-4.192687,21.479999542236328,2022-12-20,-0.575312,2022-12-20,True
2022-12-22,0.460981,1.486799,3878.43994140625,2022-12-21,1.538429,10709.3701171875,2022-12-21,2.355596,2644.5,2022-12-21,1.654439,1776.93994140625,2022-12-21,-6.564245,20.06999969482422,2022-12-21,-1.359374,2022-12-21,True
2022-12-23,-1.121404,-1.44517,3822.389892578125,2022-12-22,-2.177999,10476.1201171875,2022-12-22,-4.203816,2533.330078125,2022-12-22,-1.285917,1754.0899658203125,2022-12-22,9.466864,21.969999313354492,2022-12-22,-0.223583,2022-12-22,True
2022-12-26,-0.099223,0.58681,3844.820068359375,2022-12-23,0.207522,10497.8603515625,2022-12-23,0.08526,2535.489990234375,2022-12-23,0.389951,1760.9300537109375,2022-12-23,-5.006821,20.8700008392334,2022-12-23,0.73627,2022-12-23,True
2022-12-27,0.429326,0.58681,3844.820068359375,2022-12-23,0.207522,10497.8603515625,2022-12-23,0.08526,2535.489990234375,2022-12-23,0.389951,1760.9300537109375,2022-12-23,,,2022-12-26,-0.849478,2022-12-26,False
2022-12-28,-0.459092,-0.404962,3829.25,2022-12-27,-1.377708,10353.23046875,2022-12-27,-1.787428,2490.169921875,2022-12-27,-0.647955,1749.52001953125,2022-12-27,3.737416,21.649999618530273,2022-12-27,-0.321283,2022-12-27,True
2022-12-29,-0.547536,-1.202064,3783.219970703125,2022-12-28,-1.35166,10213.2900390625,2022-12-28,-1.472989,2453.489990234375,2022-12-28,-1.57186,1722.02001953125,2022-12-28,2.263278,22.139999389648438,2022-12-28,-0.223505,2022-12-28,True
2023-01-02,0.236526,-0.254074,3839.5,2022-12-30,-0.110797,10466.48046875,2022-12-30,-0.112028,2532.110107421875,2022-12-30,-0.283086,1761.25,2022-12-30,1.072759,21.670000076293945,2022-12-30,-1.103329,2022-12-30,True
2023-01-03,0.118967,-0.254074,3839.5,2022-12-30,-0.110797,10466.48046875,2022-12-30,-0.112028,2532.110107421875,2022-12-30,-0.283086,1761.25,2022-12-30,,,2023-01-02,0.051579,2023-01-02,False
2023-01-04,-0.560843,-0.400055,3824.139892578125,2023-01-03,-0.759568,10386.98046875,2023-01-03,-1.229019,2500.989990234375,2023-01-03,-0.597304,1750.72998046875,2023-01-03,5.676048,22.899999618530273,2023-01-03,0.728834,2023-01-03,True
2023-01-05,0.565912,0.753897,3852.969970703125,2023-01-04,0.691051,10458.759765625,2023-01-04,2.737715,2569.4599609375,2023-01-04,1.245769,1772.5400390625,2023-01-04,-3.88646,22.010000228881836,2023-01-04,0.707029,2023-01-04,True
2023-01-06,-0.693527,-1.164553,3808.10009765625,2023-01-05,-1.467856,10305.240234375,2023-01-05,-1.982515,2518.52001953125,2023-01-05,-1.091659,1753.18994140625,2023-01-05,2.04452,22.459999084472656,2023-01-05,-0.62545,2023-01-05,True
2023-01-09,1.11093,2.284078,3895.080078125,2023-01-06,2.562287,10569.2900390625,2023-01-06,4.668618,2636.10009765625,2023-01-06,2.259316,1792.800048828125,2023-01-06,-5.921638,21.1299991607666,2023-01-06,0.243895,2023-01-06,True
2023-01-10,-0.270442,-0.076763,3892.090087890625,2023-01-09,0.62786,10635.650390625,2023-01-09,1.921395,2686.75,2023-01-09,0.173471,1795.9100341796875,2023-01-09,3.975391,21.969999313354492,2023-01-09,-1.671667,2023-01-09,True
2023-01-11,0.444868,0.697823,3919.25,2023-01-10,1.005858,10742.6298828125,2023-01-10,1.28557,2721.2900390625,2023-01-10,1.488938,1822.6500244140625,2023-01-10,-6.326807,20.579999923706055,2023-01-10,-1.085497,2023-01-10,True
2023-01-12,0.602696,1.284942,3969.610107421875,2023-01-11,1.759718,10931.669921875,2023-01-11,1.251982,2755.360107421875,2023-01-11,1.174116,1844.050048828125,2023-01-11,2.478135,21.09000015258789,2023-01-11,0.071009,2023-01-11,True
2023-01-13,0.253044,0.341591,3983.169921875,2023-01-12,0.635124,11001.099609375,2023-01-12,1.244476,2789.64990234375,2023-01-12,1.735854,1876.06005859375,2023-01-12,-10.71598,18.829999923706055,2023-01-12,0.116109,2023-01-12,True
2023-01-16,0.188413,0.399686,3999.090087890625,2023-01-13,0.70957,11079.16015625,2023-01-13,0.394674,2800.659912109375,2023-01-13,0.584735,1887.030029296875,2023-01-13,-2.549121,18.350000381469727,2023-01-13,-0.198934,2023-01-13,True
2023-01-17,-0.062305,0.399686,3999.090087890625,2023-01-13,0.70957,11079.16015625,2023-01-13,0.394674,2800.659912109375,2023-01-13,0.584735,1887.030029296875,2023-01-13,,,2023-01-16,-0.204986,2023-01-16,False
2023-01-18,-0.109907,-0.203049,3990.969970703125,2023-01-17,0.143966,11095.1103515625,2023-01-17,0.243516,2807.47998046875,2023-01-17,-0.145201,1884.2900390625,2023-01-17,5.504088,19.360000610351562,2023-01-17,0.333174,2023-01-17,True
2023-01-19,-0.537295,-1.55626,3928.860107421875,2023-01-18,-1.244698,10957.009765625,2023-01-18,-0.641501,2789.469970703125,2023-01-18,-1.5884,1854.3599853515625,2023-01-18,5.061981,20.34000015258789,2023-01-18,-0.299019,2023-01-18,True
2023-01-20,-0.094236,-0.763835,3898.85009765625,2023-01-19,-0.95592,10852.26953125,2023-01-19,-2.833156,2710.43994140625,2023-01-19,-0.971225,1836.3499755859375,2023-01-19,0.884957,20.520000457763672,2023-01-19,0.07114,2023-01-19,True
2023-01-25,1.404275,-0.07115,4016.949951171875,2023-01-24,-0.265219,11334.26953125,2023-01-24,-0.718614,2913.739990234375,2023-01-24,-0.272906,1885.6099853515625,2023-01-24,-3.079246,19.200000762939453,2023-01-24,-0.060974,2023-01-24,True
2023-01-26,0.092166,-0.018173,4016.219970703125,2023-01-25,-0.184478,11313.3603515625,2023-01-25,0.180181,2918.989990234375,2023-01-25,0.249784,1890.3199462890625,2023-01-25,-0.625004,19.079999923706055,2023-01-25,0.274958,2023-01-25,True
2023-01-27,0.212121,1.100785,4060.429931640625,2023-01-26,1.759422,11512.41015625,2023-01-26,1.631047,2966.60009765625,2023-01-26,0.673966,1903.06005859375,2023-01-26,-1.834384,18.729999542236328,2023-01-26,-0.005684,2023-01-26,True
2023-01-30,-0.180397,0.249484,4070.56005859375,2023-01-27,0.949409,11621.7099609375,2023-01-27,-0.719008,2945.27001953125,2023-01-27,0.441389,1911.4599609375,2023-01-27,-1.174583,18.510000228881836,2023-01-27,-0.060035,2023-01-27,True
2023-01-31,0.0,-1.296874,4017.77001953125,2023-01-30,-1.960988,11393.8095703125,2023-01-30,-2.668009,2866.68994140625,2023-01-30,-1.346614,1885.719970703125,2023-01-30,7.725555,19.940000534057617,2023-01-30,-0.23542,2023-01-30,True
2023-02-01,0.715285,1.464247,4076.60009765625,2023-01-31,1.674069,11584.5498046875,2023-01-31,1.926612,2921.919921875,2023-01-31,2.451052,1931.93994140625,2023-01-31,-2.708129,19.399999618530273,2023-01-31,0.207498,2023-01-31,True
2023-02-02,1.36902,1.04523,4119.2099609375,2023-02-01,2.000686,11816.3203125,2023-02-01,5.18666,3073.469970703125,2023-02-01,1.494359,1960.81005859375,2023-02-01,-7.886592,17.8700008392334,2023-02-01,0.052783,2023-02-01,True
2023-02-03,-0.182621,1.469937,4179.759765625,2023-02-02,3.253974,12200.8203125,2023-02-02,2.224525,3141.840087890625,2023-02-02,2.060878,2001.219970703125,2023-02-02,4.812527,18.729999542236328,2023-02-02,-0.827827,2023-02-02,True
2023-02-06,-0.89421,-1.035461,4136.47998046875,2023-02-03,-1.588992,12006.9501953125,2023-02-03,-1.901115,3082.110107421875,2023-02-03,-0.784019,1985.530029296875,2023-02-03,-2.135609,18.329999923706055,2023-02-03,0.241423,2023-02-03,True
2023-02-07,0.077543,-0.614046,4111.080078125,2023-02-06,-0.995257,11887.4501953125,2023-02-06,-1.699164,3029.739990234375,2023-02-06,-1.400637,1957.719970703125,2023-02-06,6.001093,19.43000030517578,2023-02-06,1.783817,2023-02-06,True
2023-02-08,0.631936,1.287251,4164.0,2023-02-07,1.904023,12113.7900390625,2023-02-07,3.116106,3124.14990234375,2023-02-07,0.760579,1972.6099853515625,2023-02-07,-3.962946,18.65999984741211,2023-02-07,1.161418,2023-02-07,True
2023-02-09,-0.591896,-1.108072,4117.85986328125,2023-02-08,-1.678009,11910.51953125,2023-02-08,-2.193237,3055.6298828125,2023-02-08,-1.521335,1942.5999755859375,2023-02-08,5.198281,19.6299991607666,2023-02-08,-0.466212,2023-02-08,True
2023-02-10,-0.624239,-0.88298,4081.5,2023-02-09,-1.0154,11789.580078125,2023-02-09,0.130586,3059.6201171875,2023-02-09,-1.403274,1915.3399658203125,2023-02-09,5.501783,20.709999084472656,2023-02-09,0.407854,2023-02-09,True
2023-02-13,-0.519005,0.219526,4090.4599609375,2023-02-10,-0.606128,11718.1201171875,2023-02-10,-1.584191,3011.14990234375,2023-02-10,0.181174,1918.81005859375,2023-02-10,-0.869138,20.530000686645508,2023-02-10,0.323695,2023-02-10,True
2023-02-14,0.813882,1.144861,4137.2900390625,2023-02-13,1.482063,11891.7900390625,2023-02-13,1.533307,3057.320068359375,2023-02-13,1.16374,1941.1400146484375,2023-02-13,-0.925477,20.34000015258789,2023-02-13,0.18346,2023-02-13,True
2023-02-15,0.213708,-0.028041,4136.1298828125,2023-02-14,0.574853,11960.150390625,2023-02-14,2.10347,3121.6298828125,2023-02-14,-0.063364,1939.9100341796875,2023-02-14,-7.030483,18.90999984741211,2023-02-14,0.479129,2023-02-14,True
2023-02-16,0.669052,0.277318,4147.60009765625,2023-02-15,0.923395,12070.58984375,2023-02-15,0.366481,3133.070068359375,2023-02-15,1.085614,1960.969970703125,2023-02-15,-3.595983,18.229999542236328,2023-02-15,-0.054201,2023-02-15,True
2023-02-17,-1.403509,-1.378874,4090.409912109375,2023-02-16,-1.779199,11855.830078125,2023-02-16,-2.484147,3055.239990234375,2023-02-16,-0.95667,1942.2099609375,2023-02-16,10.641802,20.170000076293945,2023-02-16,0.90155,2023-02-16,True
2023-02-20,0.107742,-0.276741,4079.090087890625,2023-02-17,-0.578286,11787.26953125,2023-02-17,-1.615908,3005.8701171875,2023-02-17,0.213675,1946.3599853515625,2023-02-17,-0.743677,20.020000457763672,2023-02-17,0.408188,2023-02-17,True
2023-02-21,-0.01534,-0.276741,4079.090087890625,2023-02-17,-0.578286,11787.26953125,2023-02-17,-1.615908,3005.8701171875,2023-02-17,0.213675,1946.3599853515625,2023-02-17,,,2023-02-20,0.384813,2023-02-20,False
2023-02-22,-1.198157,-2.004123,3997.340087890625,2023-02-21,-2.502443,11492.2998046875,2023-02-21,-3.313853,2906.260009765625,2023-02-21,-2.987629,1888.2099609375,2023-02-21,14.235766,22.8700008392334,2023-02-21,0.169249,2023-02-21,True
2023-02-23,0.390808,-0.157356,3991.050048828125,2023-02-22,0.128525,11507.0703125,2023-02-22,-0.47725,2892.389892578125,2023-02-22,0.342657,1894.6800537109375,2023-02-22,-2.536073,22.290000915527344,2023-02-22,0.749934,2023-02-22,True
2023-02-24,-0.185242,0.532943,4012.320068359375,2023-02-23,0.724164,11590.400390625,2023-02-23,3.333581,2988.81005859375,2023-02-23,0.707767,1908.0899658203125,2023-02-23,-5.159271,21.139999389648438,2023-02-23,-0.229739,2023-02-23,True
2023-02-27,-0.903427,-1.053755,3970.0400390625,2023-02-24,-1.686395,11394.9404296875,2023-02-24,-1.7967,2935.110107421875,2023-02-24,-0.922387,1890.489990234375,2023-02-24,2.507099,21.670000076293945,2023-02-24,-0.364591,2023-02-24,True
2023-02-28,0.361465,0.3073,3982.239990234375,2023-02-27,0.632211,11466.98046875,2023-02-27,0.548526,2951.2099609375,2023-02-27,0.305742,1896.27001953125,2023-02-27,-3.322563,20.950000762939453,2023-02-27,1.203315,2023-02-27,True
2023-03-02,0.078358,-0.472526,3951.389892578125,2023-03-01,-0.663954,11379.48046875,2023-03-01,-0.086527,2955.830078125,2023-03-01,0.075913,1898.4300537109375,2023-03-01,-0.579714,20.579999923706055,2023-03-01,0.24652,2023-03-01,True
2023-03-03,0.547131,0.758219,3981.35009765625,2023-03-02,0.733777,11462.98046875,2023-03-02,0.956754,2984.110107421875,2023-03-02,0.222815,1902.6600341796875,2023-03-02,-4.810495,19.59000015258789,2023-03-02,-1.200817,2023-03-02,True
2023-03-06,0.8579,1.614774,4045.639892578125,2023-03-03,1.97182,11689.009765625,2023-03-03,1.482183,3028.340087890625,2023-03-03,1.345483,1928.260009765625,2023-03-03,-5.615112,18.489999771118164,2023-03-03,0.408207,2023-03-03,True
2023-03-07,-0.153822,0.068717,4048.419921875,2023-03-06,-0.113521,11675.740234375,2023-03-06,-1.114472,2994.590087890625,2023-03-06,-1.478016,1899.760009765625,2023-03-06,0.649004,18.610000610351562,2023-03-06,-1.241746,2023-03-06,True
2023-03-08,-0.912324,-1.532692,3986.3701171875,2023-03-07,-1.245404,11530.330078125,2023-03-07,-1.074276,2962.419921875,2023-03-07,-1.10751,1878.719970703125,2023-03-07,5.265983,19.59000015258789,2023-03-07,0.325922,2023-03-07,True
2023-03-09,0.392157,0.141479,3992.010009765625,2023-03-08,0.396085,11576.0,2023-03-08,2.665725,3041.389892578125,2023-03-08,0.040454,1879.47998046875,2023-03-08,-2.450227,19.110000610351562,2023-03-08,1.454967,2023-03-08,True
2023-03-10,-1.180173,-1.845936,3918.320068359375,2023-03-09,-2.052958,11338.349609375,2023-03-09,-2.011578,2980.2099609375,2023-03-09,-2.814077,1826.5899658203125,2023-03-09,18.315018,22.610000610351562,2023-03-09,-0.110029,2023-03-09,True
2023-03-13,0.461343,-1.447814,3861.590087890625,2023-03-10,-1.759162,11138.8896484375,2023-03-10,-1.888459,2923.929931640625,2023-03-10,-2.950307,1772.699951171875,2023-03-10,9.685973,24.799999237060547,2023-03-10,0.69126,2023-03-10,True
2023-03-14,-0.962601,-0.150976,3855.760009765625,2023-03-13,0.448431,11188.83984375,2023-03-13,-0.075924,2921.7099609375,2023-03-13,-1.60207,1744.300048828125,2023-03-13,6.935489,26.520000457763672,2023-03-13,-0.453397,2023-03-13,True
2023-03-15,1.017935,1.647666,3919.2900390625,2023-03-14,2.138833,11428.150390625,2023-03-14,3.026993,3010.14990234375,2023-03-14,1.868369,1776.8900146484375,2023-03-14,-10.520365,23.729999542236328,2023-03-14,-1.75516,2023-03-14,True
2023-03-16,-1.021222,-0.698088,3891.929931640625,2023-03-15,0.051622,11434.0498046875,2023-03-15,-1.088318,2977.389892578125,2023-03-15,-1.741811,1745.93994140625,2023-03-15,10.15592,26.139999389648438,2023-03-15,0.632527,2023-03-15,True
2023-03-17,1.137092,1.756201,3960.280029296875,2023-03-16,2.477079,11717.2802734375,2023-03-16,4.05322,3098.070068359375,2023-03-16,1.449079,1771.239990234375,2023-03-16,-12.050496,22.989999771118164,2023-03-16,0.548838,2023-03-16,True
2023-03-20,-0.031666,-1.101946,3916.639892578125,2023-03-17,-0.740535,11630.509765625,2023-03-17,-0.469649,3083.52001953125,2023-03-17,-2.560352,1725.8900146484375,2023-03-17,10.96129,25.510000228881836,2023-03-17,-0.771494,2023-03-17,True
2023-03-21,0.558214,0.89184,3951.570068359375,2023-03-20,0.387174,11675.5400390625,2023-03-20,1.011504,3114.7099609375,2023-03-20,1.106674,1744.989990234375,2023-03-20,-5.331245,24.149999618530273,2023-03-20,0.463271,2023-03-20,True
2023-03-22,0.890869,1.298219,4002.8701171875,2023-03-21,1.580829,11860.1103515625,2023-03-21,0.069988,3116.889892578125,2023-03-21,1.876802,1777.739990234375,2023-03-21,-11.469981,21.3799991607666,2023-03-21,-0.207248,2023-03-21,True
2023-03-23,-0.738413,-1.646322,3936.969970703125,2023-03-22,-1.603277,11669.9599609375,2023-03-22,-0.807854,3091.7099609375,2023-03-22,-2.833936,1727.3599853515625,2023-03-22,4.116001,22.260000228881836,2023-03-22,-0.114948,2023-03-22,True
2023-03-24,-0.031328,0.298453,3948.719970703125,2023-03-23,1.006348,11787.400390625,2023-03-23,2.673283,3174.360107421875,2023-03-23,-0.409292,1720.2900390625,2023-03-23,1.572329,22.610000610351562,2023-03-23,-0.398173,2023-03-23,True
2023-03-27,0.330085,0.563981,3970.989990234375,2023-03-24,0.310158,11823.9599609375,2023-03-24,-1.672781,3121.260009765625,2023-03-24,0.850438,1734.9200439453125,2023-03-24,-3.847859,21.739999771118164,2023-03-24,0.663918,2023-03-26,True
2023-03-28,0.347387,0.164695,3977.530029296875,2023-03-27,-0.466173,11768.83984375,2023-03-27,-1.207203,3083.580078125,2023-03-27,1.080741,1753.6700439453125,2023-03-27,-5.243787,20.600000381469727,2023-03-27,0.229381,2023-03-27,True
2023-03-29,-0.187295,-0.157384,3971.27001953125,2023-03-28,-0.4483,11716.080078125,2023-03-28,-0.853231,3057.27001953125,2023-03-28,-0.059306,1752.6300048828125,2023-03-28,-3.058258,19.969999313354492,2023-03-28,-0.063189,2023-03-28,True
2023-03-30,0.607761,1.423727,4027.81005859375,2023-03-29,1.793775,11926.240234375,2023-03-29,3.265661,3157.110107421875,2023-03-29,1.082372,1771.5999755859375,2023-03-29,-4.256377,19.1200008392334,2023-03-29,0.782589,2023-03-29,True
2023-03-31,0.355927,0.571527,4050.830078125,2023-03-30,0.731408,12013.4697265625,2023-03-30,1.620149,3208.260009765625,2023-03-30,-0.181755,1768.3800048828125,2023-03-30,-0.523015,19.020000457763672,2023-03-30,-0.813232,2023-03-30,True
2023-04-03,0.290609,1.443654,4109.31005859375,2023-03-31,1.735056,12221.91015625,2023-03-31,0.704435,3230.860107421875,2023-03-31,1.928317,1802.47998046875,2023-03-31,-1.682438,18.700000762939453,2023-03-31,0.692633,2023-04-02,True
2023-04-04,0.092237,0.369885,4124.509765625,2023-04-03,-0.265588,12189.4501953125,2023-04-03,-0.94186,3200.429931640625,2023-04-03,-0.009427,1802.31005859375,2023-04-03,-0.802147,18.549999237060547,2023-04-03,0.196868,2023-04-03,True
2023-04-05,0.015302,-0.579697,4100.60009765625,2023-04-04,-0.517826,12126.330078125,2023-04-04,-1.810067,3142.5,2023-04-04,-1.812121,1769.6500244140625,2023-04-04,2.42588,19.0,2023-04-04,0.333319,2023-04-04,True
2023-04-06,-0.42605,-0.249237,4090.3798828125,2023-04-05,-1.067674,11996.8603515625,2023-04-05,-1.798569,3085.97998046875,2023-04-05,-0.990027,1752.1300048828125,2023-04-05,0.421052,19.079999923706055,2023-04-05,0.289538,2023-04-05,True
2023-04-07,0.728118,0.357916,4105.02001953125,2023-04-06,0.759362,12087.9599609375,2023-04-06,-0.460468,3071.77001953125,2023-04-06,0.132978,1754.4599609375,2023-04-06,-3.563943,18.399999618530273,2023-04-06,0.131437,2023-04-06,True
2023-04-10,-0.060929,0.357916,4105.02001953125,2023-04-06,0.759362,12087.9599609375,2023-04-06,-0.460468,3071.77001953125,2023-04-06,0.132978,1754.4599609375,2023-04-06,,,2023-04-07,-0.18893,2023-04-09,False
2023-04-11,0.286663,0.09963,4109.10986328125,2023-04-10,-0.029778,12084.3603515625,2023-04-10,1.797008,3126.969970703125,2023-04-10,1.024816,1772.43994140625,2023-04-10,3.097824,18.969999313354492,2023-04-10,0.412791,2023-04-10,True
2023-04-12,-0.104244,-0.004135,4108.93994140625,2023-04-11,-0.434284,12031.8798828125,2023-04-11,-0.561248,3109.419921875,2023-04-11,0.798336,1786.5899658203125,2023-04-11,0.685298,19.100000381469727,2023-04-11,0.091603,2023-04-11,True
2023-04-13,-0.489905,-0.413488,4091.949951171875,2023-04-12,-0.852236,11929.33984375,2023-04-12,-1.82992,3052.52001953125,2023-04-12,-0.721487,1773.699951171875,2023-04-12,-0.052357,19.09000015258789,2023-04-12,0.055971,2023-04-12,True
2023-04-14,0.607497,1.326269,4146.22021484375,2023-04-13,1.986109,12166.26953125,2023-04-13,0.734473,3074.93994140625,2023-04-13,1.295603,1796.6800537109375,2023-04-13,-6.757469,17.799999237060547,2023-04-13,-1.617736,2023-04-13,True
2023-04-17,-0.044294,-0.206937,4137.64013671875,2023-04-14,-0.351791,12123.4697265625,2023-04-14,-0.146019,3070.449951171875,2023-04-14,-0.864374,1781.1500244140625,2023-04-14,-4.101121,17.06999969482422,2023-04-14,0.149831,2023-04-16,True
2023-04-18,0.073801,0.330616,4151.31982421875,2023-04-17,0.28251,12157.7197265625,2023-04-17,-0.122784,3066.679931640625,2023-04-17,1.217749,1802.8399658203125,2023-04-17,-0.702981,16.950000762939453,2023-04-17,0.973618,2023-04-17,True
2023-04-19,-0.044346,0.085522,4154.8701171875,2023-04-18,-0.035447,12153.41015625,2023-04-18,0.36,3077.719970703125,2023-04-18,-0.404357,1795.550048828125,2023-04-18,-0.70797,16.829999923706055,2023-04-18,-0.012911,2023-04-18,True
2023-04-20,-0.339734,-0.008426,4154.52001953125,2023-04-19,0.031434,12157.23046875,2023-04-19,-1.018289,3046.3798828125,2023-04-19,0.216641,1799.43994140625,2023-04-19,-2.19846,16.459999084472656,2023-04-19,0.82529,2023-04-19,True
2023-04-21,-0.222222,-0.595255,4129.7900390625,2023-04-20,-0.803398,12059.5595703125,2023-04-20,-0.003278,3046.280029296875,2023-04-20,-0.541279,1789.699951171875,2023-04-20,4.313494,17.170000076293945,2023-04-20,-0.238177,2023-04-20,True
2023-04-24,-0.327576,0.090319,4133.52001953125,2023-04-21,0.106972,12072.4599609375,2023-04-21,-0.815424,3021.43994140625,2023-04-21,0.101138,1791.510009765625,2023-04-21,-2.329642,16.770000457763672,2023-04-21,0.43669,2023-04-23,True
2023-04-25,0.23988,0.085158,4137.0400390625,2023-04-24,-0.292068,12037.2001953125,2023-04-24,-0.461036,3007.510009765625,2023-04-24,-0.147363,1788.8699951171875,2023-04-24,0.715557,16.889999389648438,2023-04-24,0.257266,2023-04-24,True
2023-04-26,-0.075919,-1.581086,4071.6298828125,2023-04-25,-1.977537,11799.16015625,2023-04-25,-3.365574,2906.2900390625,2023-04-25,-2.399282,1745.949951171875,2023-04-25,11.071645,18.760000228881836,2023-04-25,0.615242,2023-04-25,True
2023-04-27,-1.29199,-0.384119,4055.989990234375,2023-04-26,0.467741,11854.349609375,2023-04-26,0.574614,2922.989990234375,2023-04-26,-0.890055,1730.4100341796875,2023-04-26,0.426439,18.84000015258789,2023-04-26,-0.236394,2023-04-26,True
2023-04-28,0.537469,1.956615,4135.35009765625,2023-04-27,2.428565,12142.240234375,2023-04-27,0.636338,2941.590087890625,2023-04-27,1.202601,1751.219970703125,2023-04-27,-9.607216,17.030000686645508,2023-04-27,0.116611,2023-04-27,True
2023-05-02,0.291188,-0.038611,4167.8701171875,2023-05-01,-0.114345,12212.599609375,2023-05-01,0.805354,3019.090087890625,2023-05-01,0.012435,1769.2099609375,2023-05-01,1.901142,16.079999923706055,2023-05-01,0.42029,2023-05-01,True
2023-05-03,-0.773196,-1.158626,4119.580078125,2023-05-02,-1.081587,12080.509765625,2023-05-02,-0.736314,2996.860107421875,2023-05-02,-2.09698,1732.1099853515625,2023-05-02,10.572144,17.780000686645508,2023-05-02,-0.03649,2023-05-02,True
2023-05-04,-0.397736,-0.699831,4090.75,2023-05-03,-0.456766,12025.330078125,2023-05-03,-1.317712,2957.3701171875,2023-05-03,0.413949,1739.280029296875,2023-05-03,3.149603,18.34000015258789,2023-05-03,-0.526713,2023-05-03,True
2023-05-08,1.105651,1.847475,4136.25,2023-05-05,2.248042,12235.41015625,2023-05-05,2.245696,3007.68994140625,2023-05-05,2.389441,1759.8800048828125,2023-05-05,-14.43504,17.190000534057617,2023-05-05,-0.241644,2023-05-07,True
2023-05-09,-0.181984,0.045213,4138.1201171875,2023-05-08,0.175799,12256.919921875,2023-05-08,0.555907,3024.409912109375,2023-05-08,-0.307409,1754.469970703125,2023-05-08,-1.221646,16.979999542236328,2023-05-08,0.413837,2023-05-08,True
2023-05-10,-0.030423,-0.457942,4119.169921875,2023-05-09,-0.631236,12179.5498046875,2023-05-09,-1.870442,2967.840087890625,2023-05-09,-0.273012,1749.6800537109375,2023-05-09,4.299173,17.709999084472656,2023-05-09,0.275256,2023-05-09,True
2023-05-11,0.352059,0.448397,4137.64013671875,2023-05-10,1.041833,12306.4404296875,2023-05-10,0.999714,2997.510009765625,2023-05-10,0.561814,1759.510009765625,2023-05-10,-4.347818,16.940000534057617,2023-05-10,-0.603295,2023-05-10,True
2023-05-12,-0.368381,-0.169662,4130.6201171875,2023-05-11,0.179332,12328.509765625,2023-05-11,-0.626855,2978.719970703125,2023-05-11,-0.841146,1744.7099609375,2023-05-11,-0.059033,16.93000030517578,2023-05-11,0.897535,2023-05-11,True
2023-05-15,-0.215916,-0.158331,4124.080078125,2023-05-12,-0.355027,12284.740234375,2023-05-12,-0.19706,2972.85009765625,2023-05-12,-0.221239,1740.8499755859375,2023-05-12,0.59067,17.030000686645508,2023-05-12,0.875268,2023-05-14,True
2023-05-16,0.645955,0.295816,4136.27978515625,2023-05-15,0.655038,12365.2099609375,2023-05-15,2.683949,3052.639892578125,2023-05-15,1.189079,1761.550048828125,2023-05-15,0.52848,17.1200008392334,2023-05-15,-0.456199,2023-05-15,True
2023-05-17,-0.184049,-0.637768,4109.89990234375,2023-05-16,-0.179214,12343.0498046875,2023-05-16,-0.128739,3048.7099609375,2023-05-16,-1.440209,1736.1800537109375,2023-05-16,5.081769,17.989999771118164,2023-05-16,0.526436,2023-05-16,True
2023-05-18,0.611527,1.189083,4158.77001953125,2023-05-17,1.276188,12500.5703125,2023-05-17,2.491873,3124.679931640625,2023-05-17,2.207141,1774.5,2023-05-17,-6.225675,16.8700008392334,2023-05-17,-0.616794,2023-05-17,True
2023-05-19,0.726832,0.944505,4198.0498046875,2023-05-18,1.506088,12688.83984375,2023-05-18,3.162246,3223.489990234375,2023-05-18,0.583826,1784.8599853515625,2023-05-18,-4.860709,16.049999237060547,2023-05-18,0.04422,2023-05-18,True
2023-05-22,0.0,-0.144587,4191.97998046875,2023-05-19,-0.243832,12657.900390625,2023-05-19,-0.620446,3203.489990234375,2023-05-19,-0.624139,1773.719970703125,2023-05-19,4.735204,16.809999465942383,2023-05-19,-0.78892,2023-05-21,True
2023-05-23,0.341246,0.015503,4192.6298828125,2023-05-22,0.496764,12720.7802734375,2023-05-22,0.360546,3215.0400390625,2023-05-22,1.221164,1795.3800048828125,2023-05-22,2.379534,17.209999084472656,2023-05-22,-0.783864,2023-05-22,True
2023-05-24,-0.591716,-1.122203,4145.580078125,2023-05-23,-1.261953,12560.25,2023-05-23,-1.169506,3177.43994140625,2023-05-23,-0.42721,1787.7099609375,2023-05-23,7.669969,18.530000686645508,2023-05-23,0.457442,2023-05-23,True
2023-05-25,0.489978,-0.73186,4115.240234375,2023-05-24,-0.605799,12484.16015625,2023-05-24,-1.67902,3124.090087890625,2023-05-24,-1.158463,1767.0,2023-05-24,8.094981,20.030000686645508,2023-05-24,-0.100008,2023-05-24,True
2023-05-26,0.163472,0.875758,4151.27978515625,2023-05-25,1.713609,12698.08984375,2023-05-25,6.806138,3336.719970703125,2023-05-25,-0.701756,1754.5999755859375,2023-05-25,-4.443341,19.139999389648438,2023-05-25,0.938173,2023-05-25,True
2023-05-30,1.007109,1.304909,4205.4501953125,2023-05-26,2.18616,12975.6904296875,2023-05-26,6.262136,3545.669921875,2023-05-26,1.049814,1773.02001953125,2023-05-26,,,2023-05-29,0.163329,2023-05-29,False
2023-05-31,-0.131521,0.00166,4205.52001953125,2023-05-30,0.321673,13017.4296875,2023-05-30,0.104916,3549.389892578125,2023-05-30,-0.323176,1767.2900390625,2023-05-30,-2.729814,17.459999084472656,2023-05-30,-0.362371,2023-05-30,True
2023-06-01,-0.13247,-0.610862,4179.830078125,2023-05-31,-0.630997,12935.2900390625,2023-05-31,-2.710606,3453.179931640625,2023-05-31,-0.998139,1749.6500244140625,2023-05-31,2.749149,17.940000534057617,2023-05-31,0.147747,2023-05-31,True
2023-06-02,0.649734,0.985445,4221.02001953125,2023-06-01,1.280918,13100.98046875,2023-06-01,1.551036,3506.739990234375,2023-06-01,1.045347,1767.93994140625,2023-06-01,-12.764776,15.649999618530273,2023-06-01,-0.672599,2023-06-01,True
2023-06-05,0.597755,1.453442,4282.3701171875,2023-06-02,1.067012,13240.76953125,2023-06-02,-0.152281,3501.39990234375,2023-06-02,3.561778,1830.9100341796875,2023-06-02,-6.70926,14.600000381469727,2023-06-02,-0.587269,2023-06-04,True
2023-06-07,0.29074,0.23539,4283.85009765625,2023-06-06,0.355195,13276.419921875,2023-06-06,1.283926,3488.340087890625,2023-06-06,2.694957,1855.4000244140625,2023-06-06,-5.227424,13.960000038146973,2023-06-06,-0.045399,2023-06-06,True
2023-06-08,-0.305944,-0.381201,4267.52001953125,2023-06-07,-1.291911,13104.900390625,2023-06-07,-0.319927,3477.179931640625,2023-06-07,1.781283,1888.449951171875,2023-06-07,-0.14327,13.9399995803833,2023-06-07,0.703511,2023-06-07,True
2023-06-09,0.510576,0.618864,4293.93017578125,2023-06-08,1.019612,13238.51953125,2023-06-08,1.068111,3514.320068359375,2023-06-08,-0.406149,1880.780029296875,2023-06-08,-2.080344,13.649999618530273,2023-06-08,-0.917958,2023-06-08,True
2023-06-12,0.230348,0.114806,4298.85986328125,2023-06-09,0.155758,13259.1396484375,2023-06-09,0.303043,3524.969970703125,2023-06-09,-0.801267,1865.7099609375,2023-06-09,1.318684,13.829999923706055,2023-06-09,-0.743639,2023-06-11,True
2023-06-13,0.579626,0.932115,4338.93017578125,2023-06-12,1.529362,13461.919921875,2023-06-12,3.310381,3641.659912109375,2023-06-12,0.401992,1873.2099609375,2023-06-12,8.532179,15.010000228881836,2023-06-12,-0.163986,2023-06-12,True
2023-06-14,0.0,0.693249,4369.009765625,2023-06-13,0.827522,13573.3203125,2023-06-13,1.15332,3683.659912109375,2023-06-13,1.234245,1896.3299560546875,2023-06-13,-2.664894,14.609999656677246,2023-06-13,-1.320273,2023-06-13,True
2023-06-15,0.246377,0.081943,4372.58984375,2023-06-14,0.391652,13626.48046875,2023-06-14,1.522673,3739.75,2023-06-14,-1.172263,1874.0999755859375,2023-06-14,-4.996575,13.880000114440918,2023-06-14,0.502516,2023-06-14,True
2023-06-16,0.509017,1.217814,4425.83984375,2023-06-15,1.147324,13782.8203125,2023-06-15,-0.847381,3708.06005859375,2023-06-15,0.809992,1889.280029296875,2023-06-15,4.466858,14.5,2023-06-15,-0.30926,2023-06-15,True
2023-06-19,-0.289477,-0.367162,4409.58984375,2023-06-16,-0.676567,13689.5703125,2023-06-16,-0.941737,3673.139892578125,2023-06-16,-0.730969,1875.469970703125,2023-06-16,-6.62069,13.539999961853027,2023-06-16,0.492895,2023-06-18,True
2023-06-20,-0.276525,-0.367162,4409.58984375,2023-06-16,-0.676567,13689.5703125,2023-06-16,-0.941737,3673.139892578125,2023-06-16,-0.730969,1875.469970703125,2023-06-16,,,2023-06-19,0.542966,2023-06-19,False
2023-06-21,-0.189532,-0.473511,4388.7099609375,2023-06-20,-0.162754,13667.2900390625,2023-06-20,-0.696402,3647.56005859375,2023-06-20,-0.467617,1866.699951171875,2023-06-20,2.511079,13.880000114440918,2023-06-20,0.335093,2023-06-20,True
2023-06-22,-0.191317,-0.524528,4365.68994140625,2023-06-21,-1.207919,13502.2001953125,2023-06-21,-2.682069,3549.72998046875,2023-06-21,-0.197672,1863.010009765625,2023-06-21,-4.899138,13.199999809265137,2023-06-21,0.065238,2023-06-21,True
2023-06-23,0.396359,0.37108,4381.89013671875,2023-06-22,0.951031,13630.6103515625,2023-06-22,0.567371,3569.8701171875,2023-06-22,-0.796021,1848.1800537109375,2023-06-22,-2.196969,12.90999984741211,2023-06-22,0.76297,2023-06-22,True
2023-06-26,-0.162266,-0.765881,4348.330078125,2023-06-23,-1.013093,13492.51953125,2023-06-23,-1.769256,3506.7099609375,2023-06-23,-1.436551,1821.6300048828125,2023-06-23,4.105343,13.4399995803833,2023-06-23,0.728702,2023-06-25,True
2023-06-27,-0.190812,-0.448684,4328.81982421875,2023-06-26,-1.161675,13335.7802734375,2023-06-26,0.258364,3515.77001953125,2023-06-26,0.089481,1823.260009765625,2023-06-26,6.026789,14.25,2023-06-26,-0.383125,2023-06-26,True
2023-06-28,0.367107,1.145585,4378.41015625,2023-06-27,1.64887,13555.669921875,2023-06-27,3.602053,3642.409912109375,2023-06-27,1.462767,1849.9300537109375,2023-06-27,-3.578949,13.739999771118164,2023-06-27,-0.465206,2023-06-27,True
2023-06-29,0.29529,-0.035408,4376.85986328125,2023-06-28,0.266162,13591.75,2023-06-28,-0.90407,3609.47998046875,2023-06-28,0.474608,1858.7099609375,2023-06-28,-2.256182,13.430000305175781,2023-06-28,0.957121,2023-06-28,True
2023-06-30,0.029533,0.447354,4396.43994140625,2023-06-29,-0.00309,13591.330078125,2023-06-29,0.130211,3614.179931640625,2023-06-29,1.230962,1881.5899658203125,2023-06-29,0.819059,13.539999961853027,2023-06-29,1.074089,2023-06-29,True
2023-07-03,0.36808,1.2269,4450.3798828125,2023-06-30,1.446436,13787.919921875,2023-06-30,1.629142,3673.06005859375,2023-06-30,0.379467,1888.72998046875,2023-06-30,0.369278,13.59000015258789,2023-06-30,-0.587263,2023-07-02,True
2023-07-04,-0.043491,0.117068,4455.58984375,2023-07-03,0.209238,13816.76953125,2023-07-03,0.832005,3703.6201171875,2023-07-03,0.426215,1896.780029296875,2023-07-03,-0.14717,13.569999694824219,2023-07-03,-0.699466,2023-07-03,True
2023-07-05,-0.160093,0.117068,4455.58984375,2023-07-03,0.209238,13816.76953125,2023-07-03,0.832005,3703.6201171875,2023-07-03,0.426215,1896.780029296875,2023-07-03,,,2023-07-04,-0.811575,2023-07-04,False
2023-07-06,-0.058772,-0.196832,4446.81982421875,2023-07-05,-0.181802,13791.650390625,2023-07-05,-2.195151,3622.320068359375,2023-07-05,-1.258448,1872.9100341796875,2023-07-05,4.495215,14.180000305175781,2023-07-05,0.576609,2023-07-05,True
2023-07-07,-0.577436,-0.792251,4411.58984375,2023-07-06,-0.816511,13679.0400390625,2023-07-06,-1.237607,3577.489990234375,2023-07-06,-1.638095,1842.22998046875,2023-07-06,8.885749,15.4399995803833,2023-07-06,0.479673,2023-07-06,True
2023-07-10,0.150195,-0.28651,4398.9501953125,2023-07-07,-0.13393,13660.7197265625,2023-07-07,0.006708,3577.72998046875,2023-07-07,1.217549,1864.6600341796875,2023-07-07,-3.950775,14.829999923706055,2023-07-07,-0.905117,2023-07-09,True
2023-07-11,0.72213,0.240503,4409.52978515625,2023-07-10,0.181255,13685.48046875,2023-07-10,2.06472,3651.60009765625,2023-07-10,1.640512,1895.25,2023-07-10,1.61834,15.069999694824219,2023-07-10,0.167265,2023-07-10,True
2023-07-12,0.014773,0.674221,4439.259765625,2023-07-11,0.549632,13760.7001953125,2023-07-11,0.052852,3653.530029296875,2023-07-11,0.955546,1913.3599853515625,2023-07-11,-1.526208,14.84000015258789,2023-07-11,-0.617913,2023-07-11,True
2023-07-13,0.748569,0.741123,4472.16015625,2023-07-12,1.150085,13918.9599609375,2023-07-12,1.85957,3721.469970703125,2023-07-12,1.046328,1933.3800048828125,2023-07-12,-8.760109,13.539999961853027,2023-07-12,-1.301582,2023-07-12,True
2023-07-14,0.597058,0.847015,4510.0400390625,2023-07-13,1.577778,14138.5703125,2023-07-13,2.033065,3797.1298828125,2023-07-13,0.905668,1950.8900146484375,2023-07-13,0.516984,13.609999656677246,2023-07-13,-0.6174,2023-07-13,True
2023-07-17,-0.53077,-0.102441,4505.419921875,2023-07-14,-0.175903,14113.7001953125,2023-07-14,-1.230402,3750.409912109375,2023-07-14,-1.014924,1931.0899658203125,2023-07-14,-1.983832,13.34000015258789,2023-07-14,0.119196,2023-07-16,True
2023-07-18,0.259217,0.385538,4522.7900390625,2023-07-17,0.929947,14244.9501953125,2023-07-17,2.317084,3837.31005859375,2023-07-17,1.045008,1951.27001953125,2023-07-17,1.049471,13.479999542236328,2023-07-17,-0.227858,2023-07-17,True
2023-07-19,0.550804,0.711728,4554.97998046875,2023-07-18,0.763003,14353.6396484375,2023-07-18,0.131604,3842.360107421875,2023-07-18,1.270963,1976.0699462890625,2023-07-18,-1.335307,13.300000190734863,2023-07-18,-0.040303,2023-07-18,True
2023-07-20,-0.653026,0.235791,4565.72021484375,2023-07-19,0.030514,14358.01953125,2023-07-19,-1.05925,3801.659912109375,2023-07-19,0.446344,1984.8900146484375,2023-07-19,3.458647,13.760000228881836,2023-07-19,0.01186,2023-07-19,True
2023-07-21,-0.727802,-0.67569,4534.8701171875,2023-07-20,-2.052581,14063.3095703125,2023-07-20,-3.624991,3663.85009765625,2023-07-20,-0.893248,1967.1600341796875,2023-07-20,1.671508,13.989999771118164,2023-07-20,1.052104,2023-07-20,True
2023-07-24,-0.058165,0.032409,4536.33984375,2023-07-21,-0.216876,14032.8095703125,2023-07-21,0.955279,3698.85009765625,2023-07-21,-0.350761,1960.260009765625,2023-07-21,-2.787701,13.600000381469727,2023-07-21,0.567115,2023-07-23,True
2023-07-25,0.202254,0.403415,4554.64013671875,2023-07-24,0.185712,14058.8701171875,2023-07-24,-0.176542,3692.320068359375,2023-07-24,0.276496,1965.6800537109375,2023-07-24,2.279408,13.90999984741211,2023-07-24,-0.398242,2023-07-24,True
2023-07-26,-0.043265,0.281467,4567.4599609375,2023-07-25,0.609505,14144.5595703125,2023-07-25,1.704889,3755.27001953125,2023-07-25,0.021872,1966.1099853515625,2023-07-25,-0.359455,13.859999656677246,2023-07-25,-0.500577,2023-07-25,True
2023-07-27,0.321449,-0.015544,4566.75,2023-07-26,-0.122162,14127.2802734375,2023-07-26,-1.488572,3699.3701171875,2023-07-26,0.724781,1980.3599853515625,2023-07-26,-4.834056,13.1899995803833,2023-07-26,0.082414,2023-07-26,True
2023-07-28,-0.635196,-0.642467,4537.41015625,2023-07-27,-0.546248,14050.1103515625,2023-07-27,1.862477,3768.27001953125,2023-07-27,-1.285623,1954.9000244140625,2023-07-27,9.249434,14.40999984741211,2023-07-27,0.683043,2023-07-27,True
2023-07-31,0.594548,0.987784,4582.22998046875,2023-07-28,1.897137,14316.66015625,2023-07-28,2.215605,3851.760009765625,2023-07-28,1.36273,1981.5400390625,2023-07-28,-7.494795,13.329999923706055,2023-07-28,-0.894943,2023-07-30,True
2023-08-01,0.245416,0.146871,4588.9599609375,2023-07-31,0.205071,14346.01953125,2023-07-31,0.256243,3861.6298828125,2023-07-31,1.092081,2003.1800537109375,2023-07-31,2.250564,13.630000114440918,2023-07-31,0.435404,2023-07-31,True
2023-08-02,-0.653316,-0.266509,4576.72998046875,2023-08-01,-0.432938,14283.91015625,2023-08-01,-0.088562,3858.2099609375,2023-08-01,-0.449785,1994.1700439453125,2023-08-01,2.201029,13.930000305175781,2023-08-01,0.870157,2023-08-01,True
2023-08-03,0.029036,-1.383954,4513.39013671875,2023-08-02,-2.173494,13973.4501953125,2023-08-02,-3.799945,3711.60009765625,2023-08-02,-1.371001,1966.8299560546875,2023-08-02,15.506101,16.09000015258789,2023-08-02,0.490279,2023-08-02,True
2023-08-04,0.190003,-0.254797,4501.89013671875,2023-08-03,-0.098261,13959.7197265625,2023-08-03,-0.094838,3708.080078125,2023-08-03,-0.276075,1961.4000244140625,2023-08-03,-1.056557,15.920000076293945,2023-08-03,0.079516,2023-08-03,True
2023-08-07,-0.511472,-0.530007,4478.02978515625,2023-08-04,-0.361608,13909.240234375,2023-08-04,-0.23948,3699.199951171875,2023-08-04,-0.20088,1957.4599609375,2023-08-04,7.412062,17.100000381469727,2023-08-04,0.512961,2023-08-06,True
2023-08-08,0.351597,0.902409,4518.43994140625,2023-08-07,0.612256,13994.400390625,2023-08-07,1.086991,3739.409912109375,2023-08-07,0.075607,1958.93994140625,2023-08-07,-7.777777,15.770000457763672,2023-08-07,0.360688,2023-08-07,True
2023-08-09,0.162506,-0.421828,4499.3798828125,2023-08-08,-0.786601,13884.3203125,2023-08-08,-1.604264,3679.419921875,2023-08-08,-0.588068,1947.4200439453125,2023-08-08,1.39505,15.989999771118164,2023-08-08,0.682091,2023-08-08,True
2023-08-10,-0.613766,-0.703873,4467.7099609375,2023-08-09,-1.16895,13722.01953125,2023-08-09,-1.873663,3610.47998046875,2023-08-09,-0.854979,1930.77001953125,2023-08-09,-0.187616,15.960000038146973,2023-08-09,-0.230128,2023-08-09,True
2023-08-11,0.205248,0.025071,4468.830078125,2023-08-10,0.116387,13737.990234375,2023-08-10,-0.372803,3597.02001953125,2023-08-10,-0.422113,1922.6199951171875,2023-08-10,-0.689221,15.850000381469727,2023-08-10,0.357019,2023-08-10,True
2023-08-14,-0.308869,-0.106969,4464.0498046875,2023-08-11,-0.677979,13644.849609375,2023-08-11,-2.29273,3514.550048828125,2023-08-11,0.12951,1925.1099853515625,2023-08-11,-6.372241,14.84000015258789,2023-08-11,0.85563,2023-08-13,True
2023-08-16,-0.756901,-1.155091,4437.85986328125,2023-08-15,-1.140677,13631.0498046875,2023-08-15,-1.700756,3553.9599609375,2023-08-15,-1.288212,1895.75,2023-08-15,11.066123,16.459999084472656,2023-08-15,0.299684,2023-08-15,True
2023-08-17,-0.617749,-0.75554,4404.330078125,2023-08-16,-1.147527,13474.6298828125,2023-08-16,-2.078805,3480.080078125,2023-08-16,-1.278121,1871.52001953125,2023-08-16,1.944117,16.780000686645508,2023-08-16,0.342857,2023-08-16,True
2023-08-18,-1.163669,-0.771291,4370.35986328125,2023-08-17,-1.170349,13316.9296875,2023-08-17,-0.96923,3446.35009765625,2023-08-17,-1.146659,1850.06005859375,2023-08-17,6.61501,17.889999389648438,2023-08-17,-0.316378,2023-08-17,True
2023-08-21,0.227894,-0.014871,4369.7099609375,2023-08-18,-0.196362,13290.7802734375,2023-08-18,0.475572,3462.739990234375,2023-08-18,0.505929,1859.4200439453125,2023-08-18,-3.297933,17.299999237060547,2023-08-18,0.006728,2023-08-20,True
2023-08-22,0.607257,0.687919,4399.77001953125,2023-08-21,1.556038,13497.58984375,2023-08-21,2.830129,3560.739990234375,2023-08-21,-0.183392,1856.010009765625,2023-08-21,-0.982659,17.1299991607666,2023-08-21,0.04256,2023-08-21,True
2023-08-23,-0.483895,-0.277747,4387.5498046875,2023-08-22,0.061346,13505.8701171875,2023-08-22,-0.928179,3527.68994140625,2023-08-22,-0.278557,1850.8399658203125,2023-08-22,-0.934033,16.969999313354492,2023-08-22,-0.003736,2023-08-22,True
2023-08-24,1.060767,1.104488,4436.009765625,2023-08-23,1.593086,13721.0302734375,2023-08-23,2.106763,3602.010009765625,2023-08-23,1.03683,1870.030029296875,2023-08-23,-5.833823,15.979999542236328,2023-08-23,-0.889005,2023-08-23,True
2023-08-25,-1.390342,-1.345797,4376.31005859375,2023-08-24,-1.873478,13463.9697265625,2023-08-24,-3.351183,3481.300048828125,2023-08-24,-1.270033,1846.280029296875,2023-08-24,7.634551,17.200000762939453,2023-08-24,-0.087366,2023-08-24,True
2023-08-28,0.634825,0.671797,4405.7099609375,2023-08-25,0.940886,13590.650390625,2023-08-25,0.412198,3495.64990234375,2023-08-25,0.398096,1853.6300048828125,2023-08-25,-8.837212,15.680000305175781,2023-08-25,-0.226893,2023-08-27,True
2023-08-29,0.495421,0.626462,4433.31005859375,2023-08-28,0.84234,13705.1298828125,2023-08-28,1.207793,3537.8701171875,2023-08-28,0.829724,1869.010009765625,2023-08-28,-3.826533,15.079999923706055,2023-08-28,-0.059688,2023-08-28,True
2023-08-30,0.986252,1.450831,4497.6298828125,2023-08-29,1.741172,13943.759765625,2023-08-29,2.591954,3629.570068359375,2023-08-29,1.41947,1895.5400390625,2023-08-29,-4.17772,14.449999809265137,2023-08-29,-0.132293,2023-08-29,True
2023-08-31,0.208582,0.383318,4514.8701171875,2023-08-30,0.541818,14019.3095703125,2023-08-30,0.39536,3643.919921875,2023-08-30,0.40463,1903.2099609375,2023-08-30,-3.944635,13.880000114440918,2023-08-30,0.148371,2023-08-30,True
2023-09-01,-0.268057,-0.159694,4507.66015625,2023-08-31,0.111704,14034.9697265625,2023-08-31,0.741235,3670.929931640625,2023-08-31,-0.185471,1899.6800537109375,2023-08-31,-2.233432,13.569999694824219,2023-08-31,0.121689,2023-08-31,True
2023-09-04,0.294898,0.179913,4515.77001953125,2023-09-01,-0.022516,14031.8095703125,2023-09-01,0.324445,3682.840087890625,2023-09-01,1.11334,1920.8299560546875,2023-09-01,-3.537211,13.09000015258789,2023-09-01,-0.542038,2023-09-03,True
2023-09-05,-0.249084,0.179913,4515.77001953125,2023-09-01,-0.022516,14031.8095703125,2023-09-01,0.324445,3682.840087890625,2023-09-01,1.11334,1920.8299560546875,2023-09-01,,,2023-09-04,0.037192,2023-09-04,False
2023-09-06,-0.190672,-0.419418,4496.830078125,2023-09-05,-0.077391,14020.9501953125,2023-09-05,0.025794,3683.7900390625,2023-09-05,-2.102217,1880.449951171875,2023-09-05,7.028266,14.010000228881836,2023-09-05,1.045565,2023-09-05,True
2023-09-07,-0.28065,-0.69716,4465.47998046875,2023-09-06,-1.05899,13872.4697265625,2023-09-06,-0.796193,3654.4599609375,2023-09-06,-0.328109,1874.280029296875,2023-09-06,3.140611,14.449999809265137,2023-09-06,0.129905,2023-09-06,True
2023-09-08,0.13361,-0.321127,4451.14013671875,2023-09-07,-0.891259,13748.830078125,2023-09-07,-1.979769,3582.110107421875,2023-09-07,-0.988114,1855.760009765625,2023-09-07,-0.346022,14.399999618530273,2023-09-07,0.042,2023-09-07,True
2023-09-11,0.044471,0.142662,4457.490234375,2023-09-08,0.092373,13761.5302734375,2023-09-08,-0.450017,3565.989990234375,2023-09-08,-0.227399,1851.5400390625,2023-09-08,-3.888885,13.84000015258789,2023-09-08,0.097444,2023-09-10,True
2023-09-12,0.339985,0.672345,4487.4599609375,2023-09-11,1.136206,13917.8896484375,2023-09-11,0.090858,3569.22998046875,2023-09-11,0.194431,1855.1400146484375,2023-09-11,-0.289017,13.800000190734863,2023-09-11,-1.11434,2023-09-11,True
2023-09-13,0.0,-0.569589,4461.89990234375,2023-09-12,-1.036646,13773.6103515625,2023-09-12,-0.788402,3541.090087890625,2023-09-12,0.009699,1855.3199462890625,2023-09-12,3.115937,14.229999542236328,2023-09-12,0.277183,2023-09-12,True
2023-09-14,0.282108,0.124163,4467.43994140625,2023-09-13,0.290262,13813.58984375,2023-09-13,0.547003,3560.4599609375,2023-09-13,-0.780457,1840.8399658203125,2023-09-13,-5.270555,13.479999542236328,2023-09-13,0.428219,2023-09-13,True
2023-09-15,0.11713,0.842992,4505.10009765625,2023-09-14,0.814126,13926.0498046875,2023-09-14,0.667611,3584.22998046875,2023-09-14,1.400993,1866.6300048828125,2023-09-14,-4.896141,12.819999694824219,2023-09-14,-0.203792,2023-09-14,True
2023-09-18,-0.78046,-1.215961,4450.31982421875,2023-09-15,-1.563399,13708.330078125,2023-09-15,-3.008738,3476.389892578125,2023-09-15,-1.050019,1847.030029296875,2023-09-15,7.566305,13.789999961853027,2023-09-15,0.102481,2023-09-17,True
2023-09-19,0.204798,0.072129,4453.52978515625,2023-09-18,0.013934,13710.240234375,2023-09-18,0.462551,3492.469970703125,2023-09-18,-0.689214,1834.300048828125,2023-09-18,1.522843,14.0,2023-09-18,0.093343,2023-09-18,True
2023-09-20,-0.058962,-0.215101,4443.9501953125,2023-09-19,-0.233765,13678.1904296875,2023-09-19,-0.957773,3459.02001953125,2023-09-19,-0.423596,1826.530029296875,2023-09-19,0.785712,14.109999656677246,2023-09-19,-0.084984,2023-09-19,True
2023-09-21,-0.58971,-0.939479,4402.2001953125,2023-09-20,-1.528423,13469.1298828125,2023-09-20,-1.740665,3398.81005859375,2023-09-20,-0.899523,1810.0999755859375,2023-09-20,7.299792,15.140000343322754,2023-09-20,0.286778,2023-09-20,True
2023-09-22,-0.945378,-1.640093,4330.0,2023-09-21,-1.820084,13223.98046875,2023-09-21,-1.764146,3338.85009765625,2023-09-21,-1.561793,1781.8299560546875,2023-09-21,15.852051,17.540000915527344,2023-09-21,0.66275,2023-09-21,True
2023-09-25,-0.286145,-0.22956,4320.06005859375,2023-09-22,-0.092037,13211.8095703125,2023-09-22,0.791888,3365.2900390625,2023-09-22,-0.299128,1776.5,2023-09-22,-1.938427,17.200000762939453,2023-09-22,-0.485398,2023-09-24,True
2023-09-26,0.0,0.402307,4337.43994140625,2023-09-25,0.450436,13271.3203125,2023-09-25,0.718212,3389.4599609375,2023-09-25,0.435688,1784.239990234375,2023-09-25,-1.744193,16.899999618530273,2023-09-25,0.283961,2023-09-25,True
2023-09-27,-0.533618,-1.473453,4273.52978515625,2023-09-26,-1.565104,13063.6103515625,2023-09-26,-1.765468,3329.6201171875,2023-09-26,-1.268327,1761.6099853515625,2023-09-26,12.071012,18.940000534057617,2023-09-26,1.143117,2023-09-26,True
2023-10-04,-1.201521,-1.374407,4229.4501953125,2023-10-03,-1.865826,13059.4697265625,2023-10-03,-2.095482,3376.580078125,2023-10-03,-1.688842,1727.1500244140625,2023-10-03,12.322544,19.780000686645508,2023-10-03,0.371442,2023-10-03,True
2023-10-05,0.718638,0.810975,4263.75,2023-10-04,1.351816,13236.009765625,2023-10-04,1.431621,3424.919921875,2023-10-04,0.107691,1729.010009765625,2023-10-04,-6.066738,18.579999923706055,2023-10-04,-0.592982,2023-10-04,True
2023-10-06,0.140559,-0.130403,4258.18994140625,2023-10-05,-0.12224,13219.830078125,2023-10-05,-0.523806,3406.97998046875,2023-10-05,0.144591,1731.510009765625,2023-10-05,-0.484393,18.489999771118164,2023-10-05,-0.377452,2023-10-05,True
2023-10-10,1.028839,0.630385,4335.66015625,2023-10-09,0.393858,13484.240234375,2023-10-09,-0.226169,3467.35009765625,2023-10-09,0.597512,1755.989990234375,2023-10-09,1.432665,17.700000762939453,2023-10-09,0.262776,2023-10-09,True
2023-10-11,1.384137,0.520799,4358.240234375,2023-10-10,0.5829,13562.83984375,2023-10-10,1.289745,3512.070068359375,2023-10-10,1.136679,1775.949951171875,2023-10-10,-3.785311,17.030000686645508,2023-10-10,-0.371226,2023-10-10,True
2023-10-12,0.535332,0.429301,4376.9501953125,2023-10-11,0.714009,13659.6796875,2023-10-11,0.733471,3537.830078125,2023-10-11,-0.14921,1773.300048828125,2023-10-11,-5.519674,16.09000015258789,2023-10-11,-0.270514,2023-10-11,True
2023-10-13,-0.922565,-0.624643,4349.60986328125,2023-10-12,-0.625637,13574.2197265625,2023-10-12,0.30499,3548.6201171875,2023-10-12,-2.202112,1734.25,2023-10-12,3.729027,16.690000534057617,2023-10-12,0.753214,2023-10-12,True
2023-10-16,-0.488251,-0.501886,4327.77978515625,2023-10-13,-1.230194,13407.23046875,2023-10-13,-2.695418,3452.969970703125,2023-10-13,-0.838405,1719.7099609375,2023-10-13,15.757933,19.31999969482422,2023-10-13,0.276635,2023-10-15,True
2023-10-17,0.707257,1.059437,4373.6298828125,2023-10-16,1.19898,13567.98046875,2023-10-16,1.434708,3502.510009765625,2023-10-16,1.59039,1747.06005859375,2023-10-16,-10.921328,17.209999084472656,2023-10-16,-0.318766,2023-10-16,True
2023-10-18,-0.258202,-0.009825,4373.2001953125,2023-10-17,-0.252289,13533.75,2023-10-17,-0.795147,3474.659912109375,2023-10-17,1.086968,1766.050048828125,2023-10-17,3.893086,17.8799991607666,2023-10-17,0.38805,2023-10-17,True
2023-10-19,-1.285541,-1.339982,4314.60009765625,2023-10-18,-1.621503,13314.2998046875,2023-10-18,-1.76161,3413.449951171875,2023-10-18,-2.10866,1728.81005859375,2023-10-18,7.494408,19.219999313354492,2023-10-18,0.116044,2023-10-18,True
2023-10-20,-0.786309,-0.848285,4278.0,2023-10-19,-0.962275,13186.1796875,2023-10-19,-1.338234,3367.77001953125,2023-10-19,-1.510294,1702.699951171875,2023-10-19,11.342354,21.399999618530273,2023-10-19,0.123281,2023-10-19,True
2023-10-23,-0.10958,-1.258528,4224.16015625,2023-10-20,-1.534714,12983.8095703125,2023-10-20,-1.533066,3316.139892578125,2023-10-20,-1.286775,1680.7900390625,2023-10-20,1.448596,21.709999084472656,2023-10-20,-0.508027,2023-10-22,True
2023-10-24,0.472144,-0.168557,4217.0400390625,2023-10-23,0.265873,13018.330078125,2023-10-23,-0.530733,3298.5400390625,2023-10-23,-0.887085,1665.8800048828125,2023-10-23,-6.172263,20.3700008392334,2023-10-23,-1.104245,2023-10-23,True
2023-10-25,0.281118,0.726579,4247.68017578125,2023-10-24,0.933607,13139.8701171875,2023-10-24,1.376364,3343.93994140625,2023-10-24,0.817586,1679.5,2023-10-24,-6.872859,18.969999313354492,2023-10-24,0.689433,2023-10-24,True
2023-10-26,-1.523241,-1.433963,4186.77001953125,2023-10-25,-2.425065,12821.2197265625,2023-10-25,-4.129854,3205.840087890625,2023-10-25,-1.671328,1651.4300537109375,2023-10-25,6.431214,20.190000534057617,2023-10-25,0.672802,2023-10-25,True
2023-10-27,0.451249,-1.183252,4137.22998046875,2023-10-26,-1.759656,12595.6103515625,2023-10-26,-0.543388,3188.419921875,2023-10-26,0.33728,1657.0,2023-10-26,2.426943,20.68000030517578,2023-10-26,-0.172996,2023-10-26,True
2023-10-30,-0.788923,-0.480028,4117.3701171875,2023-10-27,0.376317,12643.009765625,2023-10-27,1.212832,3227.090087890625,2023-10-27,-1.210625,1636.93994140625,2023-10-27,2.852999,21.270000457763672,2023-10-27,-0.172996,2023-10-26,True
2023-10-31,0.531572,1.201002,4166.81982421875,2023-10-30,1.158511,12789.48046875,2023-10-30,-1.298698,3185.179931640625,2023-10-30,0.632283,1647.2900390625,2023-10-30,-7.146217,19.75,2023-10-30,0.361391,2023-10-30,True
2023-11-01,0.636008,0.647496,4193.7998046875,2023-10-31,0.482895,12851.240234375,2023-10-31,0.964152,3215.889892578125,2023-10-31,0.909979,1662.280029296875,2023-10-31,-8.151902,18.139999389648438,2023-10-31,-0.527591,2023-10-31,True
2023-11-02,1.656748,1.0506,4237.85986328125,2023-11-01,1.635869,13061.4697265625,2023-11-01,2.334037,3290.949951171875,2023-11-01,0.44637,1669.699951171875,2023-11-01,-7.001095,16.8700008392334,2023-11-01,0.155043,2023-11-01,True
2023-11-03,0.949367,1.885856,4317.77978515625,2023-11-02,1.781734,13294.1904296875,2023-11-02,2.357681,3368.5400390625,2023-11-02,2.665749,1714.2099609375,2023-11-02,-7.172501,15.65999984741211,2023-11-02,-0.171837,2023-11-02,True
2023-11-06,1.644737,0.939373,4358.33984375,2023-11-03,1.384739,13478.2802734375,2023-11-03,2.553926,3454.570068359375,2023-11-03,2.712036,1760.699951171875,2023-11-03,-4.789272,14.90999984741211,2023-11-03,-1.050563,2023-11-03,True
2023-11-07,-0.778094,0.175299,4365.97998046875,2023-11-06,0.300483,13518.7802734375,2023-11-06,-0.280214,3444.889892578125,2023-11-06,-1.292668,1737.93994140625,2023-11-06,-0.134135,14.890000343322754,2023-11-06,-1.937503,2023-11-06,True
2023-11-08,0.731484,0.284012,4378.3798828125,2023-11-07,0.895644,13639.8603515625,2023-11-07,0.771289,3471.4599609375,2023-11-07,-0.275609,1733.1500244140625,2023-11-07,-0.537273,14.8100004196167,2023-11-07,-0.820435,2023-11-07,True
2023-11-09,0.0,0.100492,4382.77978515625,2023-11-08,0.077345,13650.41015625,2023-11-08,0.034855,3472.669921875,2023-11-08,-1.10089,1714.0699462890625,2023-11-08,-2.430794,14.449999809265137,2023-11-08,0.573588,2023-11-08,True
2023-11-10,-0.995101,-0.808384,4347.35009765625,2023-11-09,-0.944733,13521.4501953125,2023-11-09,-0.585424,3452.340087890625,2023-11-09,-1.565278,1687.239990234375,2023-11-09,5.81315,15.289999961853027,2023-11-09,0.273653,2023-11-09,True
2023-11-13,0.985373,1.561644,4415.240234375,2023-11-10,2.046083,13798.1103515625,2023-11-10,4.037838,3591.739990234375,2023-11-10,1.07157,1705.3199462890625,2023-11-10,-7.325048,14.170000076293945,2023-11-10,0.541231,2023-11-10,True
2023-11-14,0.847458,-0.083584,4411.5498046875,2023-11-13,-0.220103,13767.740234375,2023-11-13,-0.974179,3556.75,2023-11-13,0.010558,1705.5,2023-11-13,4.163727,14.760000228881836,2023-11-13,0.336074,2023-11-13,True
2023-11-15,2.08937,1.907502,4495.7001953125,2023-11-14,2.3725,14094.3798828125,2023-11-14,3.621848,3685.570068359375,2023-11-14,5.442389,1798.3199462890625,2023-11-14,-4.065043,14.15999984741211,2023-11-14,-0.041682,2023-11-14,True
2023-11-16,-0.074638,0.159701,4502.8798828125,2023-11-15,0.067119,14103.83984375,2023-11-15,0.719564,3712.090087890625,2023-11-15,0.161263,1801.219970703125,2023-11-15,0.141246,14.180000305175781,2023-11-15,-1.124274,2023-11-15,True
2023-11-17,-0.074694,0.119043,4508.240234375,2023-11-16,0.069698,14113.669921875,2023-11-16,0.323538,3724.10009765625,2023-11-16,-1.52452,1773.760009765625,2023-11-16,0.987302,14.319999694824219,2023-11-16,-0.182482,2023-11-16,True
2023-11-20,-0.15015,0.128205,4514.02001953125,2023-11-17,0.083682,14125.48046875,2023-11-17,0.659214,3748.64990234375,2023-11-17,1.353622,1797.77001953125,2023-11-17,-3.631282,13.800000190734863,2023-11-17,-0.722815,2023-11-17,True
2023-11-21,0.491583,0.739028,4547.3798828125,2023-11-20,1.125978,14284.5302734375,2023-11-20,1.52482,3805.81005859375,2023-11-20,0.51786,1807.0799560546875,2023-11-20,-2.826089,13.40999984741211,2023-11-20,0.158617,2023-11-20,True
2023-11-22,-0.696812,-0.202093,4538.18994140625,2023-11-21,-0.591898,14199.98046875,2023-11-21,-1.918646,3732.7900390625,2023-11-21,-1.318146,1783.260009765625,2023-11-21,-0.447423,13.350000381469727,2023-11-21,-0.490535,2023-11-21,True
2023-11-23,0.044398,0.406113,4556.6201171875,2023-11-22,0.463943,14265.8603515625,2023-11-22,0.326027,3744.9599609375,2023-11-22,0.688628,1795.5400390625,2023-11-22,-3.745318,12.850000381469727,2023-11-22,0.546514,2023-11-22,True
2023-11-24,0.0,0.406113,4556.6201171875,2023-11-22,0.463943,14265.8603515625,2023-11-22,0.326027,3744.9599609375,2023-11-22,0.688628,1795.5400390625,2023-11-22,,,2023-11-23,0.277959,2023-11-23,False
2023-11-27,0.029828,0.059687,4559.33984375,2023-11-24,-0.105221,14250.849609375,2023-11-24,0.079306,3747.929931640625,2023-11-24,0.666093,1807.5,2023-11-24,-3.035022,12.460000038146973,2023-11-24,0.107024,2023-11-24,True
2023-11-28,0.343437,-0.195416,4550.43017578125,2023-11-27,-0.068979,14241.01953125,2023-11-27,-0.22999,3739.31005859375,2023-11-27,-0.351313,1801.1500244140625,2023-11-27,1.845903,12.6899995803833,2023-11-27,-0.799121,2023-11-27,True
2023-11-29,-0.162386,0.098012,4554.89013671875,2023-11-28,0.286077,14281.759765625,2023-11-28,-0.56053,3718.35009765625,2023-11-28,-0.463036,1792.81005859375,2023-11-28,0.0,12.6899995803833,2023-11-28,0.987757,2023-11-28,True
2023-11-30,-0.222156,-0.094625,4550.580078125,2023-11-29,-0.162932,14258.490234375,2023-11-29,0.941547,3753.360107421875,2023-11-29,0.613562,1803.81005859375,2023-11-29,2.285264,12.979999542236328,2023-11-29,-1.151605,2023-11-29,True
2023-12-01,-0.515388,0.378407,4567.7998046875,2023-11-30,-0.226325,14226.2197265625,2023-11-30,-0.76678,3724.580078125,2023-11-30,0.288831,1809.02001953125,2023-11-30,-0.462246,12.920000076293945,2023-11-30,0.064461,2023-11-30,True
2023-12-04,0.714924,0.587374,4594.6298828125,2023-12-01,0.553981,14305.0302734375,2023-12-01,0.367557,3738.27001953125,2023-12-01,2.964035,1862.6400146484375,2023-12-01,-2.244582,12.630000114440918,2023-12-01,0.644234,2023-12-01,True
2023-12-05,-0.459395,-0.540851,4569.77978515625,2023-12-04,-0.83565,14185.490234375,2023-12-04,-1.19922,3693.43994140625,2023-12-04,1.040459,1882.02001953125,2023-12-04,3.562944,13.079999923706055,2023-12-04,0.19511,2023-12-04,True
2023-12-06,0.479473,-0.056887,4567.18017578125,2023-12-05,0.313136,14229.91015625,2023-12-05,-0.56966,3672.39990234375,2023-12-05,-1.380431,1856.0400390625,2023-12-05,-1.758406,12.850000381469727,2023-12-05,0.662729,2023-12-05,True
2023-12-07,-0.31362,-0.39062,4549.33984375,2023-12-06,-0.584685,14146.7099609375,2023-12-06,-0.723773,3645.820068359375,2023-12-06,-0.214973,1852.050048828125,2023-12-06,0.933851,12.970000267028809,2023-12-06,0.425902,2023-12-06,True
2023-12-08,0.83958,0.796819,4585.58984375,2023-12-07,1.366256,14339.990234375,2023-12-07,2.790044,3747.5400390625,2023-12-07,0.874704,1868.25,2023-12-07,0.69391,13.0600004196167,2023-12-07,0.026647,2023-12-07,True
2023-12-11,0.206886,0.40955,4604.3701171875,2023-12-08,0.446161,14403.9697265625,2023-12-08,0.710596,3774.169921875,2023-12-08,0.672819,1880.8199462890625,2023-12-08,-5.436447,12.350000381469727,2023-12-08,-0.073072,2023-12-08,True
2023-12-12,0.250368,0.392449,4622.43994140625,2023-12-11,0.198004,14432.490234375,2023-12-11,3.397303,3902.389892578125,2023-12-11,0.152067,1883.6800537109375,2023-12-11,2.267204,12.630000114440918,2023-12-11,0.285658,2023-12-11,True
2023-12-13,-0.044001,0.459936,4643.7001953125,2023-12-12,0.699187,14533.400390625,2023-12-12,0.712129,3930.179931640625,2023-12-12,-0.127943,1881.27001953125,2023-12-12,-4.433891,12.069999694824219,2023-12-12,-0.219521,2023-12-12,True
2023-12-14,1.362559,1.365068,4707.08984375,2023-12-13,1.379991,14733.9599609375,2023-12-13,1.54624,3990.949951171875,2023-12-13,3.521025,1947.510009765625,2023-12-13,0.9942,12.1899995803833,2023-12-13,-0.264915,2023-12-13,True
2023-12-15,0.32192,0.264706,4719.5498046875,2023-12-14,0.18732,14761.5595703125,2023-12-14,2.669045,4097.47021484375,2023-12-14,2.721424,2000.510009765625,2023-12-14,2.378999,12.479999542236328,2023-12-14,-1.383822,2023-12-14,True
2023-12-18,0.261894,-0.007625,4719.18994140625,2023-12-15,0.354707,14813.919921875,2023-12-15,0.47663,4117.0,2023-12-15,-0.768804,1985.1300048828125,2023-12-15,-1.602563,12.279999732971191,2023-12-15,-0.006963,2023-12-15,True
2023-12-19,-0.261059,0.452834,4740.56005859375,2023-12-18,0.613542,14904.8095703125,2023-12-18,-0.320864,4103.7900390625,2023-12-18,-0.136513,1982.4200439453125,2023-12-18,2.280136,12.5600004196167,2023-12-18,-1.1959,2023-12-18,True
2023-12-20,0.753514,0.586641,4768.3701171875,2023-12-19,0.660258,15003.2197265625,2023-12-19,0.530486,4125.56005859375,2023-12-19,1.943579,2020.949951171875,2023-12-19,-0.238859,12.529999732971191,2023-12-19,2.072911,2023-12-19,True
2023-12-21,-0.739266,-1.468427,4698.35009765625,2023-12-20,-1.50154,14777.9404296875,2023-12-20,-2.857797,4007.659912109375,2023-12-20,-1.885746,1982.8399658203125,2023-12-20,9.098167,13.670000076293945,2023-12-20,-0.396801,2023-12-20,True
2023-12-22,0.930166,1.030147,4746.75,2023-12-21,1.258157,14963.8701171875,2023-12-21,2.767948,4118.58984375,2023-12-21,1.725812,2017.06005859375,2023-12-21,-0.146309,13.649999618530273,2023-12-21,-0.060106,2023-12-21,True
2023-12-26,0.499287,0.166006,4754.6298828125,2023-12-22,0.194466,14992.9697265625,2023-12-22,0.346241,4132.85009765625,2023-12-22,0.837848,2033.9599609375,2023-12-22,,,2023-12-25,0.437407,2023-12-25,False
2023-12-27,0.184685,0.423169,4774.75,2023-12-26,0.544259,15074.5703125,2023-12-26,1.805052,4207.4501953125,2023-12-26,1.240436,2059.18994140625,2023-12-26,-0.306984,12.989999771118164,2023-12-26,-0.214284,2023-12-26,True
2023-12-28,0.042153,0.143046,4781.580078125,2023-12-27,0.163251,15099.1796875,2023-12-27,0.169691,4214.58984375,2023-12-27,0.340912,2066.2099609375,2023-12-27,-4.311004,12.430000305175781,2023-12-27,-0.050975,2023-12-27,True
2024-01-02,-0.511474,-0.282648,4769.830078125,2023-12-29,-0.55508,15011.349609375,2023-12-29,-0.789083,4175.47021484375,2023-12-29,-1.519192,2027.0699462890625,2023-12-29,,,2024-01-01,1.227858,2024-01-01,False
2024-01-03,-1.140423,-0.566058,4742.830078125,2024-01-02,-1.634824,14765.9404296875,2024-01-02,-3.650611,4023.0400390625,2024-01-02,-0.703967,2012.800048828125,2024-01-02,6.024096,13.199999809265137,2024-01-02,0.000774,2024-01-02,True
2024-01-04,-0.763143,-0.801631,4704.81005859375,2024-01-03,-1.176562,14592.2099609375,2024-01-03,-2.034036,3941.2099609375,2024-01-03,-2.662962,1959.199951171875,2024-01-03,6.363638,14.039999961853027,2024-01-03,1.088482,2024-01-03,True
2024-01-05,-0.042772,-0.342838,4688.68017578125,2024-01-04,-0.561328,14510.2998046875,2024-01-04,-0.821064,3908.85009765625,2024-01-04,-0.075029,1957.72998046875,2024-01-04,0.641027,14.130000114440918,2024-01-04,0.14607,2024-01-04,True
2024-01-08,0.529025,0.182569,4697.240234375,2024-01-05,0.094902,14524.0703125,2024-01-05,0.630362,3933.489990234375,2024-01-05,-0.336613,1951.1400146484375,2024-01-05,-5.520168,13.350000381469727,2024-01-05,0.131343,2024-01-05,True
2024-01-09,1.305408,1.411463,4763.5400390625,2024-01-08,2.201168,14843.76953125,2024-01-08,3.279276,4062.47998046875,2024-01-08,1.940916,1989.010009765625,2024-01-08,-2.022475,13.079999923706055,2024-01-08,0.143375,2024-01-08,True
2024-01-10,0.0,-0.14779,4756.5,2024-01-09,0.093914,14857.7099609375,2024-01-09,0.053414,4064.64990234375,2024-01-09,-1.054292,1968.0400390625,2024-01-09,-2.446481,12.760000228881836,2024-01-09,-0.101281,2024-01-09,True
2024-01-11,0.189256,0.566597,4783.4501953125,2024-01-10,0.753416,14969.650390625,2024-01-10,-0.388959,4048.840087890625,2024-01-10,0.112801,1970.260009765625,2024-01-10,-0.548594,12.6899995803833,2024-01-10,0.609086,2024-01-10,True
2024-01-12,-0.348837,-0.067106,4780.240234375,2024-01-11,0.003608,14970.1904296875,2024-01-11,0.470748,4067.89990234375,2024-01-11,-0.751172,1955.4599609375,2024-01-11,-1.970055,12.4399995803833,2024-01-11,-0.173515,2024-01-11,True
2024-01-15,0.278838,0.075098,4783.830078125,2024-01-12,0.017163,14972.759765625,2024-01-12,-0.380294,4052.429931640625,2024-01-12,-0.230125,1950.9599609375,2024-01-12,2.090034,12.699999809265137,2024-01-12,-0.418217,2024-01-12,True
2024-01-16,-0.599152,0.075098,4783.830078125,2024-01-12,0.017163,14972.759765625,2024-01-12,-0.380294,4052.429931640625,2024-01-12,-0.230125,1950.9599609375,2024-01-12,,,2024-01-15,0.065548,2024-01-15,False
2024-01-17,0.414876,-0.373134,4765.97998046875,2024-01-16,-0.189746,14944.349609375,2024-01-16,1.320443,4105.93994140625,2024-01-16,-1.212732,1927.300048828125,2024-01-16,8.976381,13.84000015258789,2024-01-16,0.522526,2024-01-16,True
2024-01-18,0.288578,-0.56169,4739.2099609375,2024-01-17,-0.593733,14855.6201171875,2024-01-17,-0.876535,4069.949951171875,2024-01-17,-0.73315,1913.1700439453125,2024-01-17,6.86416,14.789999961853027,2024-01-17,1.370004,2024-01-17,True
2024-01-19,1.043084,0.880526,4780.93994140625,2024-01-18,1.346496,15055.650390625,2024-01-18,3.355571,4206.52001953125,2024-01-18,0.547781,1923.6500244140625,2024-01-18,-4.462474,14.130000114440918,2024-01-18,0.467937,2024-01-18,True
2024-01-22,1.057492,1.23135,4839.81005859375,2024-01-19,1.695837,15310.9697265625,2024-01-19,4.02066,4375.64990234375,2024-01-19,1.078158,1944.3900146484375,2024-01-19,-5.874026,13.300000190734863,2024-01-19,-0.47543,2024-01-19,True
2024-01-23,0.461241,0.219433,4850.43017578125,2024-01-22,0.322124,15360.2900390625,2024-01-22,0.250253,4386.60009765625,2024-01-22,2.005256,1983.3800048828125,2024-01-22,-0.827072,13.1899995803833,2024-01-22,-0.332676,2024-01-22,True
2024-01-24,0.074008,0.292137,4864.60009765625,2024-01-23,0.427403,15425.9404296875,2024-01-23,0.653346,4415.259765625,2024-01-23,-0.358478,1976.27001953125,2024-01-23,-4.852156,12.550000190734863,2024-01-23,0.414791,2024-01-23,True
2024-01-25,0.059435,0.081193,4868.5498046875,2024-01-24,0.362892,15481.919921875,2024-01-24,1.541706,4483.330078125,2024-01-24,-0.729153,1961.8599853515625,2024-01-24,4.701196,13.140000343322754,2024-01-24,-0.146403,2024-01-24,True
2024-01-26,-0.474918,0.526037,4894.16015625,2024-01-25,0.184603,15510.5,2024-01-25,-0.246922,4472.259765625,2024-01-25,0.714629,1975.8800048828125,2024-01-25,2.359204,13.449999809265137,2024-01-25,-0.515419,2024-01-25,True
2024-01-29,0.340741,-0.065179,4890.97021484375,2024-01-26,-0.355499,15455.3603515625,2024-01-26,-2.910378,4342.10009765625,2024-01-26,0.123993,1978.3299560546875,2024-01-26,-1.412636,13.260000228881836,2024-01-26,0.461693,2024-01-26,True
2024-01-30,0.234261,0.755677,4927.93017578125,2024-01-29,1.11728,15628.0400390625,2024-01-29,1.063309,4388.27001953125,2024-01-29,1.672627,2011.4200439453125,2024-01-29,2.564104,13.600000381469727,2024-01-29,0.054638,2024-01-29,True
2024-01-31,-0.75011,-0.060065,4924.97021484375,2024-01-30,-0.755947,15509.900390625,2024-01-30,-1.555961,4319.990234375,2024-01-30,-0.754693,1996.239990234375,2024-01-30,-2.132353,13.3100004196167,2024-01-30,-0.265571,2024-01-30,True
2024-02-01,-0.118238,-1.610574,4845.64990234375,2024-01-31,-2.230128,15164.009765625,2024-01-31,-1.367371,4260.919921875,2024-01-31,-2.449606,1947.3399658203125,2024-01-31,7.813673,14.350000381469727,2024-01-31,-0.494293,2024-01-31,True
2024-02-02,0.813717,1.249369,4906.18994140625,2024-02-01,1.303282,15361.6396484375,2024-02-01,0.459057,4280.47998046875,2024-02-01,1.390619,1974.4200439453125,2024-02-01,-3.275263,13.880000114440918,2024-02-01,0.54952,2024-02-01,True
2024-02-05,-0.267455,1.068445,4958.60986328125,2024-02-02,1.740117,15628.9501953125,2024-02-02,1.314105,4336.72998046875,2024-02-02,-0.592076,1962.72998046875,2024-02-02,-0.216136,13.850000381469727,2024-02-02,-0.371845,2024-02-02,True
2024-02-06,-0.413223,-0.318634,4942.81005859375,2024-02-05,-0.200081,15597.6796875,2024-02-05,1.184536,4388.10009765625,2024-02-05,-1.298701,1937.239990234375,2024-02-05,-1.299641,13.670000076293945,2024-02-05,0.660674,2024-02-05,True
2024-02-07,0.500644,0.231041,4954.22998046875,2024-02-06,0.072577,15609.0,2024-02-06,-1.135573,4338.27001953125,2024-02-06,0.84605,1953.6300048828125,2024-02-06,-4.462324,13.0600004196167,2024-02-06,-0.324428,2024-02-06,True
2024-02-08,0.409027,0.824146,4995.06005859375,2024-02-07,0.945862,15756.6396484375,2024-02-07,1.624149,4408.72998046875,2024-02-07,-0.167382,1950.3599853515625,2024-02-07,-1.761106,12.829999923706055,2024-02-07,-0.494977,2024-02-07,True
2024-02-13,1.19752,-0.094895,5021.83984375,2024-02-12,-0.300865,15942.5498046875,2024-02-12,-0.158951,4560.0400390625,2024-02-12,1.754736,2045.260009765625,2024-02-12,7.733952,13.930000305175781,2024-02-12,-0.105891,2024-02-12,True
2024-02-14,-1.544885,-1.367426,4953.169921875,2024-02-13,-1.799902,15655.599609375,2024-02-13,-2.014453,4468.18017578125,2024-02-13,-3.964775,1964.1700439453125,2024-02-13,13.783202,15.850000381469727,2024-02-13,-0.117292,2024-02-13,True
2024-02-15,1.044165,0.957976,5000.6201171875,2024-02-14,1.300179,15859.150390625,2024-02-14,2.176053,4565.41015625,2024-02-14,2.440213,2012.0999755859375,2024-02-14,-9.274449,14.380000114440918,2024-02-14,0.925106,2024-02-14,True
2024-02-16,0.805426,0.582125,5029.72998046875,2024-02-15,0.296482,15906.169921875,2024-02-15,-0.160118,4558.10009765625,2024-02-15,2.454153,2061.47998046875,2024-02-15,-2.573017,14.010000228881836,2024-02-15,-1.103084,2024-02-15,True
2024-02-19,0.293788,-0.480347,5005.56982421875,2024-02-16,-0.820559,15775.650390625,2024-02-16,-0.667382,4527.68017578125,2024-02-16,-0.792633,2045.1400146484375,2024-02-16,1.641681,14.239999771118164,2024-02-16,0.125191,2024-02-16,True
2024-02-20,-0.275482,-0.480347,5005.56982421875,2024-02-16,-0.820559,15775.650390625,2024-02-16,-0.667382,4527.68017578125,2024-02-16,-0.792633,2045.1400146484375,2024-02-16,,,2024-02-19,0.29525,2024-02-19,False
2024-02-21,-0.055749,-0.600532,4975.509765625,2024-02-20,-0.918315,15630.7802734375,2024-02-20,-1.563937,4456.8701171875,2024-02-20,-2.004753,2004.1400146484375,2024-02-20,8.286519,15.420000076293945,2024-02-20,0.132175,2024-02-20,True
2024-02-22,0.935885,0.12642,4981.7998046875,2024-02-21,-0.319307,15580.8701171875,2024-02-21,-0.235821,4446.35986328125,2024-02-21,-0.46903,1994.739990234375,2024-02-21,-0.518806,15.34000015258789,2024-02-21,0.030752,2024-02-21,True
2024-02-23,0.889383,2.112288,5087.02978515625,2024-02-22,2.957152,16041.6201171875,2024-02-22,4.970589,4667.3701171875,2024-02-22,0.957517,2013.8399658203125,2024-02-22,-5.215125,14.539999961853027,2024-02-22,-0.06598,2024-02-22,True
2024-02-26,-0.595733,0.034795,5088.7998046875,2024-02-23,-0.279272,15996.8203125,2024-02-23,-1.12141,4615.02978515625,2024-02-23,0.141519,2016.68994140625,2024-02-23,-5.433287,13.75,2024-02-23,-0.427645,2024-02-23,True
2024-02-27,0.041899,-0.378675,5069.52978515625,2024-02-26,-0.12859,15976.25,2024-02-26,1.049623,4663.47021484375,2024-02-26,0.60892,2028.969970703125,2024-02-26,-0.072729,13.739999771118164,2024-02-26,0.213232,2024-02-26,True
2024-02-28,0.253557,0.170635,5078.18017578125,2024-02-27,0.36961,16035.2998046875,2024-02-27,-0.183985,4654.89013671875,2024-02-27,1.337631,2056.110107421875,2024-02-27,-2.256182,13.430000305175781,2024-02-27,0.129321,2024-02-27,True
2024-02-29,-0.361815,-0.165816,5069.759765625,2024-02-28,-0.546043,15947.740234375,2024-02-28,-1.123336,4602.60009765625,2024-02-28,-0.768444,2040.31005859375,2024-02-28,3.052866,13.84000015258789,2024-02-28,0.005261,2024-02-28,True
2024-03-04,1.046463,0.800783,5137.080078125,2024-03-01,1.137344,16274.9404296875,2024-03-01,4.287362,4929.580078125,2024-03-01,1.048734,2076.389892578125,2024-03-01,-2.164179,13.109999656677246,2024-03-01,0.136491,2024-03-01,True
2024-03-05,-0.316369,-0.119326,5130.9501953125,2024-03-04,-0.414322,16207.509765625,2024-03-04,1.062771,4981.97021484375,2024-03-04,-0.100166,2074.31005859375,2024-03-04,2.898552,13.489999771118164,2024-03-04,-0.322044,2024-03-04,True
2024-03-06,-0.499168,-1.01931,5078.64990234375,2024-03-05,-1.65306,15939.58984375,2024-03-05,-2.050196,4879.830078125,2024-03-05,-0.993106,2053.7099609375,2024-03-05,7.190514,14.460000038146973,2024-03-05,-0.147275,2024-03-05,True
2024-03-07,0.389647,0.51411,5104.759765625,2024-03-06,0.576867,16031.5400390625,2024-03-06,2.420168,4997.93017578125,2024-03-06,0.700202,2068.090087890625,2024-03-06,0.276625,14.5,2024-03-06,0.337872,2024-03-06,True
2024-03-08,1.195939,1.030413,5157.35986328125,2024-03-07,1.508525,16273.3798828125,2024-03-07,3.359389,5165.830078125,2024-03-07,0.805086,2084.739990234375,2024-03-07,-0.413796,14.4399995803833,2024-03-07,-0.475472,2024-03-07,True
2024-03-11,-0.575658,-0.652852,5123.68994140625,2024-03-08,-1.156917,16085.1103515625,2024-03-08,-4.027432,4957.77978515625,2024-03-08,-0.097376,2082.7099609375,2024-03-08,2.077564,14.739999771118164,2024-03-08,-0.445329,2024-03-08,True
2024-03-12,0.317899,-0.112224,5117.93994140625,2024-03-11,-0.409328,16019.26953125,2024-03-11,-1.363102,4890.2001953125,2024-03-11,-0.808086,2065.8798828125,2024-03-11,3.256448,15.220000267028809,2024-03-11,-0.393593,2024-03-11,True
2024-03-13,0.383719,1.120179,5175.27001953125,2024-03-12,1.537961,16265.6396484375,2024-03-12,2.092135,4992.509765625,2024-03-12,-0.019357,2065.47998046875,2024-03-12,-9.067018,13.84000015258789,2024-03-12,-0.413376,2024-03-12,True
2024-03-14,0.109126,-0.192453,5165.31005859375,2024-03-13,-0.540219,16177.76953125,2024-03-13,-2.474899,4868.9501953125,2024-03-13,0.301624,2071.7099609375,2024-03-13,-0.65029,13.75,2024-03-13,0.046545,2024-03-13,True
2024-03-15,-0.81114,-0.287109,5150.47998046875,2024-03-14,-0.304364,16128.5302734375,2024-03-14,-1.751924,4783.64990234375,2024-03-14,-1.95635,2031.1800537109375,2024-03-14,4.72727,14.399999618530273,2024-03-14,0.190672,2024-03-14,True
2024-03-18,0.316892,-0.648292,5117.08984375,2024-03-15,-0.963264,15973.169921875,2024-03-15,-0.542263,4757.7099609375,2024-03-15,0.400747,2039.3199462890625,2024-03-15,0.069446,14.40999984741211,2024-03-15,0.629545,2024-03-15,True
2024-03-19,-0.780394,0.631806,5149.419921875,2024-03-18,0.815619,16103.4501953125,2024-03-18,-0.002309,4757.60009765625,2024-03-18,-0.714942,2024.739990234375,2024-03-18,-0.555169,14.329999923706055,2024-03-18,0.561299,2024-03-18,True
2024-03-20,0.76209,0.564915,5178.509765625,2024-03-19,0.393331,16166.7900390625,2024-03-19,-0.941442,4712.81005859375,2024-03-19,0.541797,2035.7099609375,2024-03-19,-3.558969,13.819999694824219,2024-03-19,0.507771,2024-03-19,True
2024-03-21,1.62037,0.890417,5224.6201171875,2024-03-20,1.253311,16369.41015625,2024-03-20,1.599261,4788.18017578125,2024-03-20,1.924141,2074.8798828125,2024-03-20,-5.643992,13.039999961853027,2024-03-20,0.06961,2024-03-20,True
2024-03-22,-0.013257,0.323654,5241.52978515625,2024-03-21,0.198112,16401.83984375,2024-03-21,2.291052,4897.8798828125,2024-03-21,1.141279,2098.56005859375,2024-03-21,-0.920245,12.920000076293945,2024-03-21,-0.516824,2024-03-21,True
2024-03-25,0.398883,-0.140219,5234.18017578125,2024-03-22,0.164497,16428.8203125,2024-03-22,0.211926,4908.259765625,2024-03-22,-1.265633,2072.0,2024-03-22,1.083594,13.0600004196167,2024-03-22,0.343586,2024-03-22,True
2024-03-26,0.841009,-0.305496,5218.18994140625,2024-03-25,-0.26995,16384.470703125,2024-03-25,-0.341659,4891.490234375,2024-03-25,0.104243,2074.159912109375,2024-03-25,0.995399,13.1899995803833,2024-03-25,0.668319,2024-03-25,True
2024-03-27,-0.515532,-0.27998,5203.580078125,2024-03-26,-0.41973,16315.7001953125,2024-03-26,-0.809781,4851.8798828125,2024-03-26,-0.192849,2070.159912109375,2024-03-26,0.379077,13.239999771118164,2024-03-26,-0.332686,2024-03-26,True
2024-03-28,-0.039635,0.863063,5248.490234375,2024-03-27,0.513734,16399.51953125,2024-03-27,0.990756,4899.9501953125,2024-03-27,2.134627,2114.35009765625,2024-03-27,-3.474321,12.779999732971191,2024-03-27,0.293478,2024-03-27,True
2024-03-29,0.436219,0.111649,5254.35009765625,2024-03-28,-0.122318,16379.4599609375,2024-03-28,0.107343,4905.2099609375,2024-03-28,0.482415,2124.550048828125,2024-03-28,1.799691,13.010000228881836,2024-03-28,0.501838,2024-03-28,True
2024-04-01,0.935441,0.111649,5254.35009765625,2024-03-28,-0.122318,16379.4599609375,2024-03-28,0.107343,4905.2099609375,2024-03-28,0.482415,2124.550048828125,2024-03-28,,,2024-03-29,-0.332641,2024-03-31,False
2024-04-02,-0.065833,-0.201358,5243.77001953125,2024-04-01,0.106048,16396.830078125,2024-04-01,1.15979,4962.10009765625,2024-04-01,-1.021862,2102.840087890625,2024-04-01,4.919288,13.649999618530273,2024-04-01,0.759674,2024-04-01,True
2024-04-03,-0.603992,-0.723906,5205.81005859375,2024-04-02,-0.95372,16240.4501953125,2024-04-02,-1.514684,4886.93994140625,2024-04-02,-1.797571,2065.0400390625,2024-04-02,7.032968,14.609999656677246,2024-04-02,-0.354109,2024-04-02,True
2024-04-04,1.119851,0.109112,5211.490234375,2024-04-03,0.227886,16277.4599609375,2024-04-03,0.338864,4903.5,2024-04-03,0.540421,2076.199951171875,2024-04-03,-1.916494,14.329999923706055,2024-04-03,-0.436062,2024-04-03,True
2024-04-05,-0.959516,-1.233434,5147.2099609375,2024-04-04,-1.403044,16049.080078125,2024-04-04,-3.006632,4756.06982421875,2024-04-04,-1.077443,2053.830078125,2024-04-04,14.096305,16.350000381469727,2024-04-04,0.484818,2024-04-04,True
2024-04-08,0.212483,1.109919,5204.33984375,2024-04-05,1.242685,16248.51953125,2024-04-05,1.325886,4819.1298828125,2024-04-05,0.469362,2063.469970703125,2024-04-05,-1.957185,16.030000686645508,2024-04-05,-0.080657,2024-04-07,True
2024-04-09,0.502513,-0.037463,5202.39013671875,2024-04-08,0.033483,16253.9599609375,2024-04-08,0.129904,4825.39013671875,2024-04-08,0.496251,2073.7099609375,2024-04-08,-5.240181,15.1899995803833,2024-04-08,0.29253,2024-04-08,True
2024-04-11,-1.5835,-0.945698,5160.64013671875,2024-04-10,-0.835729,16170.3603515625,2024-04-10,-1.65188,4790.35009765625,2024-04-10,-2.518744,2028.3900146484375,2024-04-10,5.47397,15.800000190734863,2024-04-10,1.128626,2024-04-10,True
2024-04-12,0.013312,0.74448,5199.06005859375,2024-04-11,1.681093,16442.19921875,2024-04-11,2.421953,4906.3701171875,2024-04-11,0.700554,2042.5999755859375,2024-04-11,-5.632913,14.90999984741211,2024-04-11,0.29917,2024-04-11,True
2024-04-15,-0.685576,-1.455069,5123.41015625,2024-04-12,-1.624536,16175.08984375,2024-04-12,-3.287977,4745.0498046875,2024-04-12,-1.93038,2003.1700439453125,2024-04-12,16.096577,17.309999465942383,2024-04-12,0.860482,2024-04-14,True
2024-04-16,-1.255739,-1.202135,5061.81982421875,2024-04-15,-1.793315,15885.01953125,2024-04-15,-1.389863,4679.10009765625,2024-04-15,-1.370831,1975.7099609375,2024-04-15,11.091855,19.229999542236328,2024-04-15,0.584227,2024-04-15,True
2024-04-17,0.207326,-0.205651,5051.41015625,2024-04-16,-0.124454,15865.25,2024-04-16,0.88542,4720.52978515625,2024-04-16,-0.416558,1967.47998046875,2024-04-16,-4.316172,18.399999618530273,2024-04-16,-0.023786,2024-04-16,True
2024-04-18,0.265511,-0.57806,5022.2099609375,2024-04-17,-1.146404,15683.3701171875,2024-04-17,-3.245816,4567.31005859375,2024-04-17,-0.992642,1947.949951171875,2024-04-17,-1.032612,18.209999084472656,2024-04-17,-0.562222,2024-04-17,True
2024-04-19,-1.53825,-0.220816,5011.1201171875,2024-04-18,-0.522019,15601.5,2024-04-18,-1.655243,4491.7099609375,2024-04-18,-0.256166,1942.9599609375,2024-04-18,-1.153208,18.0,2024-04-18,-0.010149,2024-04-18,True
2024-04-22,0.853863,-0.875855,4967.22998046875,2024-04-19,-2.047817,15282.009765625,2024-04-19,-4.115133,4306.8701171875,2024-04-19,0.241903,1947.6600341796875,2024-04-19,3.944439,18.709999084472656,2024-04-19,-0.396547,2024-04-21,True
2024-04-23,0.220994,0.873125,5010.60009765625,2024-04-22,1.107837,15451.3095703125,2024-04-22,1.74256,4381.919921875,2024-04-22,1.017115,1967.469970703125,2024-04-22,-9.460174,16.940000534057617,2024-04-22,0.357363,2024-04-22,True
2024-04-24,1.355088,1.196458,5070.5498046875,2024-04-23,1.587762,15696.6396484375,2024-04-23,2.2109,4478.7998046875,2024-04-23,1.787577,2002.6400146484375,2024-04-23,-7.37899,15.6899995803833,2024-04-23,-0.606306,2024-04-23,True
2024-04-25,-1.221996,0.021301,5071.6298828125,2024-04-24,0.102636,15712.75,2024-04-24,1.058328,4526.2001953125,2024-04-24,-0.360023,1995.4300537109375,2024-04-24,1.784581,15.970000267028809,2024-04-24,0.473556,2024-04-24,True
2024-04-26,1.050014,-0.457643,5048.419921875,2024-04-25,-0.642728,15611.759765625,2024-04-25,1.962791,4615.0400390625,2024-04-25,-0.717142,1981.1199951171875,2024-04-25,-3.757047,15.369999885559082,2024-04-25,-0.382726,2024-04-25,True
2024-04-29,-0.382461,1.020914,5099.9599609375,2024-04-26,2.025016,15927.900390625,2024-04-26,2.605611,4735.2900390625,2024-04-26,1.05395,2002.0,2024-04-26,-2.212103,15.029999732971191,2024-04-26,0.392944,2024-04-28,True
2024-04-30,0.054765,0.317845,5116.169921875,2024-04-29,0.346434,15983.080078125,2024-04-29,0.6441,4765.7900390625,2024-04-29,0.700801,2016.030029296875,2024-04-29,-2.395207,14.670000076293945,2024-04-29,-0.177908,2024-04-29,True
2024-05-02,-0.804911,-0.343544,5018.39013671875,2024-05-01,-0.334273,15605.48046875,2024-05-01,-3.543955,4507.68017578125,2024-05-01,0.320174,1980.22998046875,2024-05-01,-1.661337,15.390000343322754,2024-05-01,-0.754981,2024-05-01,True
2024-05-03,1.054361,0.912844,5064.2001953125,2024-05-02,1.508954,15840.9599609375,2024-05-02,2.166745,4605.35009765625,2024-05-02,1.811911,2016.1099853515625,2024-05-02,-4.613385,14.680000305175781,2024-05-02,-0.753453,2024-05-02,True
2024-05-07,1.617103,1.032612,5180.740234375,2024-05-06,1.194083,16349.25,2024-05-06,2.210688,4820.4501953125,2024-05-06,1.225608,2060.669921875,2024-05-06,0.0,13.489999771118164,2024-05-06,-0.212539,2024-05-06,True
2024-05-08,-0.053576,0.134343,5187.7001953125,2024-05-07,-0.102087,16332.5595703125,2024-05-07,-0.737904,4784.8798828125,2024-05-07,0.19314,2064.64990234375,2024-05-07,-1.927355,13.229999542236328,2024-05-07,0.411186,2024-05-07,True
2024-05-09,0.05339,-0.000584,5187.669921875,2024-05-08,-0.182456,16302.759765625,2024-05-08,0.114945,4790.3798828125,2024-05-08,-0.460611,2055.139892578125,2024-05-08,-1.73847,13.0,2024-05-08,0.310074,2024-05-08,True
2024-05-10,0.863931,0.509095,5214.080078125,2024-05-09,0.266826,16346.259765625,2024-05-09,-0.638986,4759.77001953125,2024-05-09,0.899695,2073.6298828125,2024-05-09,-2.384619,12.6899995803833,2024-05-09,0.254055,2024-05-09,True
2024-05-13,0.282031,0.16494,5222.68017578125,2024-05-10,-0.032972,16340.8701171875,2024-05-10,1.01391,4808.02978515625,2024-05-10,-0.667904,2059.780029296875,2024-05-10,-1.103226,12.550000190734863,2024-05-10,0.344951,2024-05-12,True
2024-05-14,0.269107,-0.02413,5221.419921875,2024-05-13,0.289887,16388.240234375,2024-05-13,0.313227,4823.08984375,2024-05-13,0.113609,2062.1201171875,2024-05-13,8.366535,13.600000381469727,2024-05-13,-0.461273,2024-05-13,True
2024-05-16,1.705385,1.171593,5308.14990234375,2024-05-15,1.40033,16742.390625,2024-05-15,2.878302,5045.080078125,2024-05-15,1.139672,2109.4599609375,2024-05-15,-7.22802,12.449999809265137,2024-05-15,-0.656862,2024-05-15,True
2024-05-17,-0.199521,-0.208167,5297.10009765625,2024-05-16,-0.263226,16698.3203125,2024-05-16,-0.545879,5017.5400390625,2024-05-16,-0.626225,2096.25,2024-05-16,-0.240962,12.420000076293945,2024-05-16,-0.558506,2024-05-16,True
2024-05-20,0.888291,0.116477,5303.27001953125,2024-05-17,-0.073957,16685.970703125,2024-05-17,-0.687987,4983.02001953125,2024-05-17,-0.025285,2095.719970703125,2024-05-17,-3.46216,11.989999771118164,2024-05-17,0.546044,2024-05-19,True
2024-05-21,-0.333689,0.091639,5308.1298828125,2024-05-20,0.652635,16794.869140625,2024-05-20,2.153916,5090.35009765625,2024-05-20,0.323518,2102.5,2024-05-20,1.334444,12.149999618530273,2024-05-20,0.500227,2024-05-20,True
2024-05-22,-0.174426,0.250187,5321.41015625,2024-05-21,0.224771,16832.619140625,2024-05-21,-0.313342,5074.39990234375,2024-05-21,-0.196903,2098.360107421875,2024-05-21,-2.386831,11.859999656677246,2024-05-21,0.239678,2024-05-21,True
2024-05-23,-0.134174,-0.270612,5307.009765625,2024-05-22,-0.184642,16801.5390625,2024-05-22,1.032835,5126.81005859375,2024-05-22,-0.793484,2081.7099609375,2024-05-22,3.625635,12.289999961853027,2024-05-22,0.175296,2024-05-22,True
2024-05-24,-1.475916,-0.738079,5267.83984375,2024-05-23,-0.389903,16736.029296875,2024-05-23,-0.016191,5125.97998046875,2024-05-23,-1.599649,2048.409912109375,2024-05-23,3.905618,12.770000457763672,2024-05-23,0.132517,2024-05-23,True
2024-05-27,0.272591,0.700104,5304.72021484375,2024-05-24,1.103964,16920.7890625,2024-05-24,1.852133,5220.919921875,2024-05-24,1.037879,2069.669921875,2024-05-24,-6.577918,11.930000305175781,2024-05-24,-0.139661,2024-05-26,True
2024-05-28,-0.309181,0.700104,5304.72021484375,2024-05-24,1.103964,16920.7890625,2024-05-24,1.852133,5220.919921875,2024-05-24,1.037879,2069.669921875,2024-05-24,,,2024-05-27,-0.349994,2024-05-27,False
2024-05-29,-0.362562,0.02488,5306.0400390625,2024-05-28,0.585622,17019.880859375,2024-05-28,1.856956,5317.8701171875,2024-05-28,-0.136245,2066.85009765625,2024-05-28,8.298405,12.920000076293945,2024-05-28,0.134464,2024-05-28,True
2024-05-30,-0.844917,-0.736705,5266.9501953125,2024-05-29,-0.58344,16920.580078125,2024-05-29,-1.853191,5219.31982421875,2024-05-29,-1.483424,2036.18994140625,2024-05-29,10.526313,14.279999732971191,2024-05-29,0.571637,2024-05-29,True
2024-05-31,0.832755,-0.597504,5235.47998046875,2024-05-30,-1.084478,16737.080078125,2024-05-30,-0.882492,5173.259765625,2024-05-30,1.00237,2056.60009765625,2024-05-30,1.330536,14.470000267028809,2024-05-30,0.369921,2024-05-30,True
2024-06-03,0.708137,0.802788,5277.509765625,2024-05-31,-0.012311,16735.01953125,2024-05-31,-0.964574,5123.35986328125,2024-05-31,0.657871,2070.1298828125,2024-05-31,-10.711819,12.920000076293945,2024-05-31,0.471059,2024-06-02,True
2024-06-04,-0.627387,0.111608,5283.39990234375,2024-06-03,0.559607,16828.669921875,2024-06-03,0.568961,5152.509765625,2024-06-03,-0.504797,2059.679931640625,2024-06-03,1.470585,13.109999656677246,2024-06-03,-0.818315,2024-06-03,True
2024-06-05,0.838142,0.150281,5291.33984375,2024-06-04,0.168646,16857.05078125,2024-06-04,-0.703342,5116.27001953125,2024-06-04,-1.249708,2033.93994140625,2024-06-04,0.38139,13.15999984741211,2024-06-04,0.21374,2024-06-04,True
2024-06-07,0.952251,-0.019982,5352.9599609375,2024-06-06,-0.085998,17173.119140625,2024-06-06,-0.855732,5301.68017578125,2024-06-06,-0.69918,2049.43994140625,2024-06-06,-0.395884,12.579999923706055,2024-06-06,-0.254978,2024-06-06,True
2024-06-10,-1.168099,-0.111522,5346.990234375,2024-06-07,-0.232854,17133.130859375,2024-06-07,-0.272365,5287.240234375,2024-06-07,-1.116885,2026.550048828125,2024-06-07,-2.861683,12.220000267028809,2024-06-07,1.010807,2024-06-09,True
2024-06-11,0.203169,0.258085,5360.7900390625,2024-06-10,0.346688,17192.529296875,2024-06-10,1.421529,5362.39990234375,2024-06-10,0.249682,2031.6099853515625,2024-06-10,4.255315,12.739999771118164,2024-06-10,-0.369101,2024-06-10,True
2024-06-12,-0.202977,0.271038,5375.31982421875,2024-06-11,0.878413,17343.55078125,2024-06-11,0.055572,5365.3798828125,2024-06-11,-0.357353,2024.3499755859375,2024-06-11,0.863427,12.850000381469727,2024-06-11,0.247462,2024-06-11,True
2024-06-13,1.234071,0.850367,5421.02978515625,2024-06-12,1.527304,17608.439453125,2024-06-12,2.898028,5520.8701171875,2024-06-12,1.617809,2057.10009765625,2024-06-12,-6.303505,12.039999961853027,2024-06-12,-0.504585,2024-06-12,True
2024-06-14,0.053291,0.234466,5433.740234375,2024-06-13,0.335754,17667.560546875,2024-06-13,1.477119,5602.419921875,2024-06-13,-0.884258,2038.9100341796875,2024-06-13,-0.830568,11.9399995803833,2024-06-13,0.24299,2024-06-13,True
2024-06-17,-0.491303,-0.039386,5431.60009765625,2024-06-14,0.120675,17688.880859375,2024-06-14,-0.073359,5598.31005859375,2024-06-14,-1.60625,2006.1600341796875,2024-06-14,6.030153,12.65999984741211,2024-06-14,0.621663,2024-06-16,True
2024-06-18,0.694259,0.766439,5473.22998046875,2024-06-17,0.950533,17857.01953125,2024-06-17,1.603878,5688.10009765625,2024-06-17,0.790065,2022.010009765625,2024-06-17,0.710902,12.75,2024-06-17,-0.232946,2024-06-17,True
2024-06-19,0.924825,0.252133,5487.02978515625,2024-06-18,0.029181,17862.23046875,2024-06-18,1.354055,5765.1201171875,2024-06-18,0.159246,2025.22998046875,2024-06-18,-3.52941,12.300000190734863,2024-06-18,-0.032636,2024-06-18,True
2024-06-20,-0.091122,0.252133,5487.02978515625,2024-06-18,0.029181,17862.23046875,2024-06-18,1.354055,5765.1201171875,2024-06-18,0.159246,2025.22998046875,2024-06-18,,,2024-06-19,0.184246,2024-06-19,False
2024-06-21,-0.778008,-0.252593,5473.169921875,2024-06-20,-0.787363,17721.58984375,2024-06-20,-2.690496,5610.009765625,2024-06-20,-0.387115,2017.3900146484375,2024-06-20,7.967476,13.279999732971191,2024-06-20,0.772539,2024-06-20,True
2024-06-24,-0.732409,-0.156213,5464.6201171875,2024-06-21,-0.181871,17689.359375,2024-06-21,-1.273968,5538.5400390625,2024-06-21,0.230001,2022.030029296875,2024-06-21,-0.602409,13.199999809265137,2024-06-21,-0.246435,2024-06-23,True
2024-06-25,0.026357,-0.306517,5447.8701171875,2024-06-24,-1.088446,17496.8203125,2024-06-24,-3.015596,5371.52001953125,2024-06-24,0.434219,2030.81005859375,2024-06-24,0.984849,13.329999923706055,2024-06-24,-0.164221,2024-06-24,True
2024-06-26,-0.473062,0.393359,5469.2998046875,2024-06-25,1.262115,17717.650390625,2024-06-25,1.789812,5467.66015625,2024-06-25,-0.416587,2022.3499755859375,2024-06-25,-3.675917,12.84000015258789,2024-06-25,0.344852,2024-06-25,True
2024-06-27,-1.029584,0.157243,5477.89990234375,2024-06-26,0.493913,17805.16015625,2024-06-26,-0.280565,5452.31982421875,2024-06-26,-0.209162,2018.1199951171875,2024-06-26,-2.258567,12.550000190734863,2024-06-26,0.179021,2024-06-26,True
2024-06-28,0.365344,0.090732,5482.8701171875,2024-06-27,0.300584,17858.6796875,2024-06-27,-0.572783,5421.08984375,2024-06-27,1.001921,2038.3399658203125,2024-06-27,-2.470123,12.239999771118164,2024-06-27,-0.461472,2024-06-27,True
2024-07-01,-0.402127,-0.408365,5460.47998046875,2024-06-28,-0.705988,17732.599609375,2024-06-28,0.943905,5472.259765625,2024-06-28,0.458705,2047.68994140625,2024-06-28,1.633985,12.4399995803833,2024-06-28,-0.480184,2024-06-30,True
2024-07-02,-0.530813,0.267556,5475.08984375,2024-07-01,0.827296,17879.30078125,2024-07-01,0.089362,5477.14990234375,2024-07-01,-0.860482,2030.0699462890625,2024-07-01,-1.768483,12.220000267028809,2024-07-01,0.226764,2024-07-01,True
2024-07-03,0.417264,0.619532,5509.009765625,2024-07-02,0.835933,18028.759765625,2024-07-02,1.238606,5544.990234375,2024-07-02,0.187188,2033.8699951171875,2024-07-02,-1.554832,12.029999732971191,2024-07-02,0.0,2024-07-02,True
2024-07-04,0.80509,0.508444,5537.02001953125,2024-07-03,0.884925,18188.30078125,2024-07-03,1.9248,5651.72021484375,2024-07-03,0.13521,2036.6199951171875,2024-07-03,0.498757,12.09000015258789,2024-07-03,0.169867,2024-07-03,True
2024-07-05,0.525372,0.508444,5537.02001953125,2024-07-03,0.884925,18188.30078125,2024-07-03,1.9248,5651.72021484375,2024-07-03,0.13521,2036.6199951171875,2024-07-03,,,2024-07-04,-0.398336,2024-07-04,False
2024-07-08,-0.113236,0.544877,5567.18994140625,2024-07-05,0.904202,18352.759765625,2024-07-05,0.081211,5656.31005859375,2024-07-05,-0.485609,2026.72998046875,2024-07-05,3.225801,12.479999542236328,2024-07-05,-0.266622,2024-07-07,True
2024-07-09,0.631154,0.10167,5572.85009765625,2024-07-08,0.277781,18403.740234375,2024-07-08,1.925282,5765.2099609375,2024-07-08,0.589129,2038.6700439453125,2024-07-08,-0.881408,12.369999885559082,2024-07-08,0.448946,2024-07-08,True
2024-07-10,-0.389937,0.074107,5576.97998046875,2024-07-09,0.138824,18429.2890625,2024-07-09,-0.000169,5765.2001953125,2024-07-09,-0.451278,2029.469970703125,2024-07-09,1.131773,12.510000228881836,2024-07-09,-0.023862,2024-07-09,True
2024-07-11,0.805335,1.020807,5633.91015625,2024-07-10,1.183769,18647.44921875,2024-07-10,2.416912,5904.5400390625,2024-07-10,1.097825,2051.75,2024-07-10,2.717827,12.850000381469727,2024-07-10,0.041228,2024-07-10,True
2024-07-12,-0.787894,-0.876303,5584.5400390625,2024-07-11,-1.952219,18283.41015625,2024-07-11,-3.46987,5699.66015625,2024-07-11,3.572075,2125.0400390625,2024-07-11,0.544745,12.920000076293945,2024-07-11,-0.847437,2024-07-11,True
2024-07-15,0.557951,0.551703,5615.35009765625,2024-07-12,0.629199,18398.44921875,2024-07-12,1.325163,5775.18994140625,2024-07-12,1.093155,2148.27001953125,2024-07-12,-3.560372,12.460000038146973,2024-07-12,0.207105,2024-07-14,True
2024-07-16,-0.327621,0.28262,5631.22021484375,2024-07-15,0.402866,18472.5703125,2024-07-15,0.043635,5777.7099609375,2024-07-15,1.803777,2187.02001953125,2024-07-15,5.296949,13.119999885559082,2024-07-15,0.697175,2024-07-15,True
2024-07-17,0.012593,0.638938,5667.2001953125,2024-07-16,0.199049,18509.33984375,2024-07-16,0.455541,5804.02978515625,2024-07-16,3.504765,2263.669921875,2024-07-16,0.533534,13.1899995803833,2024-07-16,-0.075879,2024-07-16,True
2024-07-18,-1.28254,-1.392754,5588.27001953125,2024-07-17,-2.76844,17996.919921875,2024-07-17,-6.811127,5408.7099609375,2024-07-17,-1.060225,2239.669921875,2024-07-17,9.780136,14.479999542236328,2024-07-17,-0.288578,2024-07-17,True
2024-07-19,-1.100166,-0.78164,5544.58984375,2024-07-18,-0.698449,17871.220703125,2024-07-18,0.512321,5436.419921875,2024-07-18,-1.847588,2198.2900390625,2024-07-18,10.013818,15.930000305175781,2024-07-18,0.478001,2024-07-18,True
2024-07-22,-0.090615,-0.714027,5505.0,2024-07-19,-0.807339,17726.939453125,2024-07-19,-3.113442,5267.16015625,2024-07-19,-0.634127,2184.35009765625,2024-07-19,3.703705,16.520000457763672,2024-07-19,0.257722,2024-07-21,True
2024-07-23,0.745293,1.079204,5564.41015625,2024-07-22,1.583076,18007.5703125,2024-07-22,3.999687,5477.830078125,2024-07-22,1.661813,2220.64990234375,2024-07-22,-9.745766,14.90999984741211,2024-07-22,-0.123133,2024-07-22,True
2024-07-24,-0.847458,-0.15581,5555.740234375,2024-07-23,-0.056758,17997.349609375,2024-07-23,-1.459158,5397.89990234375,2024-07-23,1.018626,2243.27001953125,2024-07-23,-1.27431,14.720000267028809,2024-07-23,-0.182397,2024-07-23,True
2024-07-25,-1.442623,-2.314909,5427.1298828125,2024-07-24,-3.639088,17342.41015625,2024-07-24,-5.414143,5105.64990234375,2024-07-24,-2.135271,2195.3701171875,2024-07-24,22.554352,18.040000915527344,2024-07-24,-0.138666,2024-07-24,True
2024-07-26,0.200374,-0.514262,5399.22021484375,2024-07-25,-0.926569,17181.720703125,2024-07-25,-1.964295,5005.35986328125,2024-07-25,1.25764,2222.97998046875,2024-07-25,2.328149,18.459999084472656,2024-07-25,-0.088234,2024-07-25,True
2024-07-29,0.637789,1.109047,5459.10009765625,2024-07-26,1.025277,17357.880859375,2024-07-26,1.953306,5103.1298828125,2024-07-26,1.668485,2260.070068359375,2024-07-26,-11.213433,16.389999389648438,2024-07-26,0.04777,2024-07-28,True
2024-07-30,-1.536239,0.081331,5463.5400390625,2024-07-29,0.070967,17370.19921875,2024-07-29,-0.303927,5087.6201171875,2024-07-29,-1.094656,2235.330078125,2024-07-29,1.281275,16.600000381469727,2024-07-29,-0.052817,2024-07-29,True
2024-07-31,0.0,-0.496017,5436.43994140625,2024-07-30,-1.282537,17147.419921875,2024-07-30,-3.881387,4890.14990234375,2024-07-30,0.349381,2243.139892578125,2024-07-30,6.566266,17.690000534057617,2024-07-30,0.154921,2024-07-30,True
2024-08-01,0.813115,1.57934,5522.2998046875,2024-07-31,2.635851,17599.400390625,2024-07-31,7.014719,5233.18017578125,2024-07-31,0.505545,2254.47998046875,2024-07-31,-7.518371,16.360000610351562,2024-07-31,-1.126126,2024-07-31,True
2024-08-02,-2.398113,-1.36935,5446.68017578125,2024-08-01,-2.302635,17194.150390625,2024-08-01,-7.138878,4859.58984375,2024-08-01,-3.030414,2186.159912109375,2024-08-01,13.630804,18.59000015258789,2024-08-01,0.076754,2024-08-01,True
2024-08-05,-2.621518,-1.838186,5346.56005859375,2024-08-02,-2.431003,16776.16015625,2024-08-02,-5.182126,4607.759765625,2024-08-02,-3.51529,2109.31005859375,2024-08-02,25.820329,23.389999389648438,2024-08-02,-0.861957,2024-08-04,True
2024-08-06,3.983764,-2.99688,5186.330078125,2024-08-05,-3.433921,16200.080078125,2024-08-05,-1.91654,4519.4501953125,2024-08-05,-3.325733,2039.1600341796875,2024-08-05,64.899533,38.56999969482422,2024-08-05,0.753773,2024-08-05,True
2024-08-07,-0.409596,1.035409,5240.02978515625,2024-08-06,1.029436,16366.849609375,2024-08-06,1.064723,4567.56982421875,2024-08-06,1.232861,2064.300048828125,2024-08-06,-28.1566,27.709999084472656,2024-08-06,0.212815,2024-08-06,True
2024-08-08,-1.730549,-0.773465,5199.5,2024-08-07,-1.045039,16195.8095703125,2024-08-07,-3.093544,4426.27001953125,2024-08-07,-1.414042,2035.1099853515625,2024-08-07,0.505237,27.850000381469727,2024-08-07,0.366333,2024-08-07,True
2024-08-09,1.902017,2.304261,5319.31005859375,2024-08-08,2.866235,16660.01953125,2024-08-08,6.862206,4730.009765625,2024-08-08,2.422962,2084.419921875,2024-08-08,-14.578095,23.790000915527344,2024-08-08,-0.114151,2024-08-08,True
2024-08-12,0.724947,0.467168,5344.16015625,2024-08-09,0.511892,16745.30078125,2024-08-09,-0.434662,4709.4501953125,2024-08-09,-0.167912,2080.919921875,2024-08-09,-14.375788,20.3700008392334,2024-08-09,-0.722109,2024-08-11,True
2024-08-13,0.379427,0.004303,5344.39013671875,2024-08-12,0.210857,16780.609375,2024-08-12,0.729801,4743.81982421875,2024-08-12,-0.905361,2062.080078125,2024-08-12,1.669113,20.709999084472656,2024-08-12,0.417943,2024-08-12,True
2024-08-14,1.246499,1.684758,5434.43017578125,2024-08-13,2.425418,17187.609375,2024-08-13,4.184186,4942.31005859375,2024-08-13,1.605654,2095.18994140625,2024-08-13,-12.506028,18.1200008392334,2024-08-13,-0.538137,2024-08-13,True
2024-08-16,2.220064,1.613325,5543.22021484375,2024-08-15,2.337636,17594.5,2024-08-15,4.865452,5173.3798828125,2024-08-15,2.454033,2135.469970703125,2024-08-15,-5.929592,15.229999542236328,2024-08-15,0.575348,2024-08-15,True
2024-08-19,0.298184,0.198978,5554.25,2024-08-16,0.211547,17631.720703125,2024-08-16,-0.0605,5170.25,2024-08-16,0.302039,2141.919921875,2024-08-16,-2.823371,14.800000190734863,2024-08-16,-1.065634,2024-08-18,True
2024-08-20,1.080268,0.972228,5608.25,2024-08-19,1.389818,17876.76953125,2024-08-19,1.862963,5266.56982421875,2024-08-19,1.194259,2167.5,2024-08-19,-1.013517,14.649999618530273,2024-08-19,-1.341753,2024-08-19,True
2024-08-21,-0.636339,-0.198456,5597.1201171875,2024-08-20,-0.334681,17816.939453125,2024-08-20,-1.334265,5196.2998046875,2024-08-20,-1.167707,2142.18994140625,2024-08-20,8.395908,15.880000114440918,2024-08-20,-0.24796,2024-08-20,True
2024-08-22,0.311822,0.423968,5620.85009765625,2024-08-21,0.572774,17918.990234375,2024-08-21,1.378488,5267.93017578125,2024-08-21,1.324351,2170.56005859375,2024-08-21,2.455922,16.270000457763672,2024-08-21,0.457982,2024-08-21,True
2024-08-23,-0.609178,-0.893281,5570.64013671875,2024-08-22,-1.672196,17619.349609375,2024-08-22,-3.436459,5086.89990234375,2024-08-22,-0.94584,2150.030029296875,2024-08-22,7.867233,17.549999237060547,2024-08-22,0.440892,2024-08-22,True
2024-08-26,0.311569,1.148337,5634.60986328125,2024-08-23,1.466793,17877.7890625,2024-08-23,2.786569,5228.64990234375,2024-08-23,3.193905,2218.699951171875,2024-08-23,-9.629628,15.859999656677246,2024-08-23,-1.169061,2024-08-25,True
2024-08-27,-0.095329,-0.315373,5616.83984375,2024-08-26,-0.850326,17725.76953125,2024-08-26,-2.511161,5097.35009765625,2024-08-26,-0.035157,2217.919921875,2024-08-26,1.828499,16.149999618530273,2024-08-26,0.208479,2024-08-26,True
2024-08-28,-0.068437,0.15952,5625.7998046875,2024-08-27,0.16389,17754.8203125,2024-08-27,1.104099,5153.6298828125,2024-08-27,-0.672699,2203.0,2024-08-27,-4.4582,15.430000305175781,2024-08-27,-0.021108,2024-08-27,True
2024-08-29,-1.571253,-0.597597,5592.18017578125,2024-08-28,-1.119645,17556.029296875,2024-08-28,-1.825312,5059.56005859375,2024-08-28,-0.651843,2188.639892578125,2024-08-28,10.887883,17.110000610351562,2024-08-28,0.77882,2024-08-28,True
2024-08-30,0.553863,-0.003938,5591.9599609375,2024-08-29,-0.225561,17516.4296875,2024-08-29,-0.599065,5029.25,2024-08-29,0.655205,2202.97998046875,2024-08-29,-8.533027,15.649999618530273,2024-08-29,-0.285028,2024-08-29,True
2024-09-02,0.0,1.009305,5648.39990234375,2024-08-30,1.12574,17713.619140625,2024-08-30,2.576325,5158.81982421875,2024-08-30,0.665004,2217.6298828125,2024-08-30,-4.153352,15.0,2024-08-30,0.277591,2024-09-01,True
2024-09-03,0.0,1.009305,5648.39990234375,2024-08-30,1.12574,17713.619140625,2024-08-30,2.576325,5158.81982421875,2024-08-30,0.665004,2217.6298828125,2024-08-30,,,2024-09-02,0.07258,2024-09-02,False
2024-09-04,-3.031567,-2.115107,5528.93017578125,2024-09-03,-3.259178,17136.30078125,2024-09-03,-7.750219,4759.0,2024-09-03,-3.085272,2149.2099609375,2024-09-03,38.133329,20.719999313354492,2024-09-03,0.213823,2024-09-03,True
2024-09-05,0.489843,-0.160254,5520.06982421875,2024-09-04,-0.303449,17084.30078125,2024-09-04,0.249004,4770.85009765625,2024-09-04,-0.185649,2145.219970703125,2024-09-04,2.895755,21.31999969482422,2024-09-04,-0.70128,2024-09-04,True
2024-09-06,0.07215,-0.301802,5503.41015625,2024-09-05,0.253797,17127.66015625,2024-09-05,-0.595914,4742.419921875,2024-09-05,-0.613919,2132.050048828125,2024-09-05,-6.660413,19.899999618530273,2024-09-05,0.133735,2024-09-05,True
2024-09-09,-2.038439,-1.726025,5408.419921875,2024-09-06,-2.550436,16690.830078125,2024-09-06,-4.516675,4528.22021484375,2024-09-06,-1.906153,2091.409912109375,2024-09-06,12.462309,22.3799991607666,2024-09-06,0.373651,2024-09-08,True
2024-09-10,0.058634,1.158007,5471.0498046875,2024-09-09,1.160934,16884.599609375,2024-09-09,2.154479,4625.77978515625,2024-09-09,0.304585,2097.780029296875,2024-09-09,-13.09204,19.450000762939453,2024-09-09,0.261629,2024-09-09,True
2024-09-11,-0.220816,0.447267,5495.52001953125,2024-09-10,0.836746,17025.880859375,2024-09-10,1.186614,4680.669921875,2024-09-10,-0.016212,2097.43994140625,2024-09-10,-1.902318,19.079999923706055,2024-09-10,0.154327,2024-09-10,True
2024-09-12,1.367217,1.066503,5554.1298828125,2024-09-11,2.171097,17395.529296875,2024-09-11,4.903144,4910.169921875,2024-09-11,0.305618,2103.85009765625,2024-09-11,-7.285112,17.690000534057617,2024-09-11,-0.309669,2024-09-11,True
2024-09-13,0.058114,0.74953,5595.759765625,2024-09-12,1.001122,17569.6796875,2024-09-12,-0.238892,4898.43994140625,2024-09-12,1.215858,2129.429931640625,2024-09-12,-3.50481,17.06999969482422,2024-09-12,-0.260616,2024-09-12,True
2024-09-19,0.594375,-0.289646,5618.259765625,2024-09-18,-0.31064,17573.30078125,2024-09-18,-1.075101,4859.2900390625,2024-09-18,0.038999,2206.340087890625,2024-09-18,3.520721,18.229999542236328,2024-09-18,-0.050648,2024-09-18,True
2024-09-20,1.089166,1.697685,5713.64013671875,2024-09-19,2.507666,18013.98046875,2024-09-19,4.267287,5066.64990234375,2024-09-19,2.101665,2252.7099609375,2024-09-19,-10.422379,16.329999923706055,2024-09-19,0.404608,2024-09-19,True
2024-09-23,0.275243,-0.194103,5702.5498046875,2024-09-20,-0.364496,17948.3203125,2024-09-20,-1.314278,5000.06005859375,2024-09-20,-1.101787,2227.889892578125,2024-09-20,-1.102268,16.149999618530273,2024-09-20,0.293009,2024-09-22,True
2024-09-24,0.534373,0.280927,5718.56982421875,2024-09-23,0.144577,17974.26953125,2024-09-23,0.514994,5025.81005859375,2024-09-23,-0.341573,2220.280029296875,2024-09-23,-1.609903,15.890000343322754,2024-09-23,0.159219,2024-09-23,True
2024-09-25,0.927644,0.251118,5732.93017578125,2024-09-24,0.557742,18074.51953125,2024-09-24,1.312619,5091.77978515625,2024-09-24,0.167094,2223.989990234375,2024-09-24,-3.146633,15.390000343322754,2024-09-24,-0.654608,2024-09-24,True
2024-09-26,1.752607,-0.186125,5722.259765625,2024-09-25,0.042554,18082.2109375,2024-09-25,0.800118,5132.52001953125,2024-09-25,-1.193352,2197.449951171875,2024-09-25,0.129951,15.40999984741211,2024-09-25,0.766859,2024-09-25,True
2024-09-27,0.238229,0.403868,5745.3701171875,2024-09-26,0.597704,18190.2890625,2024-09-26,3.467692,5310.5,2024-09-26,0.565208,2209.8701171875,2024-09-26,-0.259571,15.369999885559082,2024-09-26,-1.629152,2024-09-26,True
2024-09-30,0.633179,-0.125322,5738.169921875,2024-09-27,-0.388665,18119.58984375,2024-09-27,-1.756332,5217.22998046875,2024-09-27,0.671073,2224.699951171875,2024-09-27,10.344822,16.959999084472656,2024-09-27,-0.304576,2024-09-29,True
2024-10-02,-1.612903,-0.932411,5708.75,2024-10-01,-1.532838,17910.359375,2024-10-01,-2.863298,5024.93994140625,2024-10-01,-1.477147,2197.030029296875,2024-10-01,15.122539,19.260000228881836,2024-10-01,0.723013,2024-10-01,True
2024-10-04,-0.247417,-0.168141,5699.93994140625,2024-10-03,-0.037036,17918.48046875,2024-10-03,0.510075,5125.2099609375,2024-10-03,-0.676995,2180.14990234375,2024-10-03,8.412699,20.489999771118164,2024-10-03,0.783971,2024-10-03,True
2024-10-07,0.247525,0.897025,5751.06982421875,2024-10-04,1.224262,18137.849609375,2024-10-04,1.592713,5206.83984375,2024-10-04,1.49761,2212.800048828125,2024-10-04,-6.246953,19.209999084472656,2024-10-04,0.859554,2024-10-06,True
2024-10-08,-0.802637,-0.958602,5695.93994140625,2024-10-07,-1.179573,17923.900390625,2024-10-07,-0.192824,5196.7998046875,2024-10-07,-0.890725,2193.090087890625,2024-10-07,17.855286,22.639999389648438,2024-10-07,-0.260797,2024-10-07,True
2024-10-10,0.808781,0.711341,5792.0400390625,2024-10-09,0.597809,18291.619140625,2024-10-09,1.059604,5321.89990234375,2024-10-09,0.255588,2200.590087890625,2024-10-09,-2.614377,20.860000610351562,2024-10-09,0.127484,2024-10-09,True
2024-10-11,0.605449,-0.207012,5780.0498046875,2024-10-10,-0.05231,18282.05078125,2024-10-10,-0.525376,5293.93994140625,2024-10-10,-0.553041,2188.419921875,2024-10-10,0.335569,20.93000030517578,2024-10-10,0.500363,2024-10-10,True
2024-10-14,0.201555,0.605185,5815.02978515625,2024-10-11,0.333052,18342.939453125,2024-10-11,0.79336,5335.93994140625,2024-10-11,2.101516,2234.409912109375,2024-10-11,-2.245586,20.459999084472656,2024-10-11,-0.104467,2024-10-13,True
2024-10-15,0.512237,0.770767,5859.85009765625,2024-10-14,0.870907,18502.689453125,2024-10-14,1.804181,5432.2099609375,2024-10-14,0.636856,2248.639892578125,2024-10-14,-3.714557,19.700000762939453,2024-10-14,0.663047,2024-10-14,True
2024-10-16,-1.375301,-0.760947,5815.259765625,2024-10-15,-1.011202,18315.58984375,2024-10-15,-5.283301,5145.2099609375,2024-10-15,0.052484,2249.820068359375,2024-10-15,4.771566,20.639999389648438,2024-10-15,0.435435,2024-10-15,True
2024-10-17,0.300472,0.467915,5842.47021484375,2024-10-16,0.281128,18367.080078125,2024-10-16,0.206987,5155.85986328125,2024-10-16,1.638347,2286.679931640625,2024-10-16,-5.135656,19.579999923706055,2024-10-16,0.074818,2024-10-16,True
2024-10-18,0.185582,-0.017116,5841.47021484375,2024-10-17,0.035549,18373.609375,2024-10-17,0.949409,5204.81005859375,2024-10-17,-0.254948,2280.85009765625,2024-10-17,-2.400405,19.110000610351562,2024-10-17,0.42883,2024-10-17,True
2024-10-21,0.057438,0.397155,5864.669921875,2024-10-18,0.631021,18489.55078125,2024-10-18,0.073203,5208.6201171875,2024-10-18,-0.208695,2276.090087890625,2024-10-18,-5.651491,18.030000686645508,2024-10-18,-0.075912,2024-10-20,True
2024-10-22,-0.400916,-0.182277,5853.97998046875,2024-10-21,0.272905,18540.009765625,2024-10-21,0.126518,5215.2099609375,2024-10-21,-1.598361,2239.7099609375,2024-10-21,1.885747,18.3700008392334,2024-10-21,0.54711,2024-10-21,True
2024-10-23,0.101715,-0.047485,5851.2001953125,2024-10-22,0.214454,18579.76953125,2024-10-22,-0.46978,5190.7099609375,2024-10-22,-0.365223,2231.530029296875,2024-10-22,-0.925422,18.200000762939453,2024-10-22,0.009445,2024-10-22,True
2024-10-24,-0.588151,-0.919132,5797.419921875,2024-10-23,-1.631447,18276.650390625,2024-10-23,-1.143193,5131.3701171875,2024-10-23,-0.792727,2213.840087890625,2024-10-23,5.71428,19.239999771118164,2024-10-23,0.051572,2024-10-23,True
2024-10-25,0.130189,0.214577,5809.85986328125,2024-10-24,0.759657,18415.490234375,2024-10-24,0.511359,5157.60986328125,2024-10-24,0.229458,2218.919921875,2024-10-24,-0.8316,19.079999923706055,2024-10-24,-0.074057,2024-10-24,True
2024-10-28,0.130095,-0.029945,5808.1201171875,2024-10-25,0.559959,18518.609375,2024-10-25,1.070655,5212.830078125,2024-10-25,-0.492579,2207.989990234375,2024-10-25,6.551363,20.329999923706055,2024-10-25,-0.074057,2024-10-24,True
2024-10-29,-0.157571,0.265144,5823.52001953125,2024-10-28,0.262331,18567.189453125,2024-10-28,-0.022256,5211.669921875,2024-10-28,1.634069,2244.070068359375,2024-10-28,-2.606988,19.799999237060547,2024-10-28,0.823943,2024-10-28,True
2024-10-30,-0.628661,0.161413,5832.919921875,2024-10-29,0.783967,18712.75,2024-10-29,2.312119,5332.169921875,2024-10-29,-0.266479,2238.090087890625,2024-10-29,-2.323228,19.34000015258789,2024-10-29,-0.410047,2024-10-29,True
2024-10-31,-0.940938,-0.330023,5813.669921875,2024-10-30,-0.560155,18607.9296875,2024-10-30,-3.350975,5153.490234375,2024-10-30,-0.225641,2233.0400390625,2024-10-30,5.222338,20.350000381469727,2024-10-30,0.087562,2024-10-30,True
2024-11-01,-0.777468,-1.86147,5705.4501953125,2024-10-31,-2.755703,18095.150390625,2024-10-31,-4.011655,4946.75,2024-10-31,-1.629623,2196.64990234375,2024-10-31,13.808351,23.15999984741211,2024-10-31,-0.333298,2024-10-31,True
2024-11-04,0.251145,0.409251,5728.7998046875,2024-11-01,0.800046,18239.919921875,2024-11-01,1.105376,5001.43017578125,2024-11-01,0.613661,2210.1298828125,2024-11-01,-5.526773,21.8799991607666,2024-11-01,-0.409112,2024-11-01,True
2024-11-05,-0.929962,-0.281208,5712.68994140625,2024-11-04,-0.328617,18179.98046875,2024-11-04,-0.548447,4974.0,2024-11-04,0.402698,2219.030029296875,2024-11-04,0.45704,21.979999542236328,2024-11-04,0.466878,2024-11-04,True
2024-11-06,0.409177,1.226564,5782.759765625,2024-11-05,1.425686,18439.169921875,2024-11-05,1.685365,5057.830078125,2024-11-05,1.884159,2260.840087890625,2024-11-05,-6.778889,20.489999771118164,2024-11-05,-0.469788,2024-11-05,True
2024-11-07,-0.439432,2.529593,5929.0400390625,2024-11-06,2.951872,18983.470703125,2024-11-06,3.118724,5215.56982421875,2024-11-06,5.842069,2392.919921875,2024-11-06,-20.595409,16.270000457763672,2024-11-06,0.374402,2024-11-06,True
2024-11-08,0.937866,0.743123,5973.10009765625,2024-11-07,1.506522,19269.4609375,2024-11-07,2.270517,5333.990234375,2024-11-07,-0.42751,2382.68994140625,2024-11-07,-6.576525,15.199999809265137,2024-11-07,1.582006,2024-11-07,True
2024-11-11,-0.630869,0.375683,5995.5400390625,2024-11-08,0.089875,19286.779296875,2024-11-08,-0.814966,5290.52001953125,2024-11-08,0.711379,2399.639892578125,2024-11-08,-1.710528,14.9399995803833,2024-11-08,-1.980289,2024-11-08,True
2024-11-12,-0.492097,0.096906,6001.35009765625,2024-11-11,0.062118,19298.759765625,2024-11-11,-2.535287,5156.39013671875,2024-11-11,1.472725,2434.97998046875,2024-11-11,0.200808,14.970000267028809,2024-11-11,1.830797,2024-11-11,True
2024-11-13,-0.807189,-0.289266,5983.990234375,2024-11-12,-0.089951,19281.400390625,2024-11-12,-0.926035,5108.64013671875,2024-11-12,-1.771262,2391.85009765625,2024-11-12,-1.736808,14.710000038146973,2024-11-12,0.239772,2024-11-12,True
2024-11-14,0.140669,0.023223,5985.3798828125,2024-11-13,-0.262842,19230.720703125,2024-11-13,-2.00347,5006.2900390625,2024-11-13,-0.939857,2369.3701171875,2024-11-13,-4.690684,14.020000457763672,2024-11-13,0.435541,2024-11-13,True
2024-11-15,0.047088,-0.604973,5949.169921875,2024-11-14,-0.639967,19107.650390625,2024-11-14,-0.033961,5004.58984375,2024-11-14,-1.368726,2336.93994140625,2024-11-14,2.068473,14.3100004196167,2024-11-14,-0.543847,2024-11-14,True
2024-11-18,1.106436,-1.320349,5870.6201171875,2024-11-15,-2.237487,18680.119140625,2024-11-15,-3.416863,4833.58984375,2024-11-15,-1.416376,2303.840087890625,2024-11-15,12.788252,16.139999389648438,2024-11-15,0.130805,2024-11-15,True
2024-11-19,-0.16753,0.391781,5893.6201171875,2024-11-18,0.597916,18791.810546875,2024-11-18,1.141598,4888.77001953125,2024-11-18,0.108514,2306.340087890625,2024-11-18,-3.469637,15.579999923706055,2024-11-18,-0.462582,2024-11-18,True
2024-11-20,-0.166945,0.396358,5916.97998046875,2024-11-19,1.041199,18987.470703125,2024-11-19,0.621632,4919.16015625,2024-11-19,0.801703,2324.830078125,2024-11-19,4.942237,16.350000381469727,2024-11-19,-0.347831,2024-11-19,True
2024-11-21,-0.530142,0.002195,5917.10986328125,2024-11-20,-0.112338,18966.140625,2024-11-20,-0.709677,4884.25,2024-11-20,0.030108,2325.530029296875,2024-11-20,4.954125,17.15999984741211,2024-11-20,0.191438,2024-11-20,True
2024-11-22,0.468986,0.534046,5948.7099609375,2024-11-21,0.033108,18972.419921875,2024-11-21,1.613345,4963.0498046875,2024-11-21,1.655106,2364.02001953125,2024-11-21,-1.689971,16.8700008392334,2024-11-21,0.392193,2024-11-21,True
2024-11-25,0.899685,0.346796,5969.33984375,2024-11-22,0.16461,19003.650390625,2024-11-22,-0.14608,4955.7998046875,2024-11-22,1.804126,2406.669921875,2024-11-22,-9.662128,15.239999771118164,2024-11-22,0.141668,2024-11-22,True
2024-11-26,-0.63732,0.302048,5987.3701171875,2024-11-25,0.269366,19054.83984375,2024-11-25,0.648132,4987.919921875,2024-11-25,1.469255,2442.030029296875,2024-11-25,-4.199471,14.600000381469727,2024-11-25,0.279368,2024-11-25,True
2024-11-27,-0.312221,0.572201,6021.6298828125,2024-11-26,0.626932,19174.30078125,2024-11-26,-1.210121,4927.56005859375,2024-11-26,-0.725625,2424.31005859375,2024-11-26,-3.424657,14.100000381469727,2024-11-26,-0.566434,2024-11-26,True
2024-11-28,-0.284687,-0.380124,5998.740234375,2024-11-27,-0.593609,19060.48046875,2024-11-27,-1.512925,4853.009765625,2024-11-27,0.077543,2426.18994140625,2024-11-27,0.0,14.100000381469727,2024-11-27,-0.020783,2024-11-27,True
2024-11-29,-0.360685,-0.380124,5998.740234375,2024-11-27,-0.593609,19060.48046875,2024-11-27,-1.512925,4853.009765625,2024-11-27,0.077543,2426.18994140625,2024-11-27,,,2024-11-28,-0.487364,2024-11-28,False
2024-12-02,0.980392,0.560779,6032.3798828125,2024-11-29,0.827311,19218.169921875,2024-11-29,1.51556,4926.56005859375,2024-11-29,0.351994,2434.72998046875,2024-11-29,-4.184398,13.510000228881836,2024-11-29,0.347871,2024-11-29,True
2024-12-03,0.504587,0.244846,6047.14990234375,2024-12-02,0.966686,19403.94921875,2024-12-02,2.613584,5055.31982421875,2024-12-02,-0.024236,2434.139892578125,2024-12-02,-1.258328,13.34000015258789,2024-12-02,0.47082,2024-12-02,True
2024-12-04,-1.76311,0.045145,6049.8798828125,2024-12-03,0.396625,19480.91015625,2024-12-03,-0.38494,5035.85986328125,2024-12-03,-0.730845,2416.35009765625,2024-12-03,-0.29985,13.300000190734863,2024-12-03,0.085728,2024-12-03,True
2024-12-05,0.076383,0.605142,6086.490234375,2024-12-04,1.304913,19735.119140625,2024-12-04,1.706162,5121.77978515625,2024-12-04,0.422536,2426.56005859375,2024-12-04,1.127817,13.449999809265137,2024-12-04,0.757283,2024-12-04,True
2024-12-06,0.261538,-0.186978,6075.10986328125,2024-12-05,-0.176636,19700.259765625,2024-12-05,-1.862823,5026.3701171875,2024-12-05,-1.252396,2396.169921875,2024-12-05,0.669146,13.539999961853027,2024-12-05,-0.061629,2024-12-05,True
2024-12-09,-1.407144,0.249545,6090.27001953125,2024-12-06,0.809684,19859.76953125,2024-12-06,0.694929,5061.2998046875,2024-12-06,0.535023,2408.989990234375,2024-12-06,-5.68685,12.770000457763672,2024-12-06,-0.766236,2024-12-06,True
2024-12-10,0.983191,-0.614421,6052.85009765625,2024-12-09,-0.619746,19736.689453125,2024-12-09,-0.838914,5018.83984375,2024-12-09,-0.670401,2392.840087890625,2024-12-09,11.119805,14.1899995803833,2024-12-09,1.730725,2024-12-09,True
2024-12-11,-0.45073,-0.296388,6034.91015625,2024-12-10,-0.250545,19687.240234375,2024-12-10,-2.473473,4894.7001953125,2024-12-10,-0.420842,2382.77001953125,2024-12-10,-0.070467,14.180000305175781,2024-12-10,0.167109,2024-12-10,True
2024-12-12,0.630672,0.816579,6084.18994140625,2024-12-11,1.765867,20034.890625,2024-12-11,2.71926,5027.7998046875,2024-12-11,0.478011,2394.159912109375,2024-12-11,-4.231314,13.579999923706055,2024-12-11,0.515209,2024-12-11,True
2024-12-13,-0.242645,-0.541402,6051.25,2024-12-12,-0.659104,19902.83984375,2024-12-12,-0.907154,4982.18994140625,2024-12-12,-1.381689,2361.080078125,2024-12-12,2.503683,13.920000076293945,2024-12-12,-0.334735,2024-12-12,True
2024-12-16,0.679348,-0.002647,6051.08984375,2024-12-13,0.119987,19926.720703125,2024-12-13,3.363779,5149.77978515625,2024-12-13,-0.60058,2346.89990234375,2024-12-13,-0.790227,13.8100004196167,2024-12-13,-0.090266,2024-12-13,True
2024-12-17,-0.136364,0.379935,6074.080078125,2024-12-16,1.240394,20173.890625,2024-12-16,2.063783,5256.06005859375,2024-12-16,0.64298,2361.989990234375,2024-12-16,6.372188,14.6899995803833,2024-12-16,0.461527,2024-12-16,True
2024-12-18,0.245248,-0.386399,6050.60986328125,2024-12-17,-0.321356,20109.060546875,2024-12-17,-1.641344,5169.7900390625,2024-12-17,-1.181627,2334.080078125,2024-12-17,8.032678,15.869999885559082,2024-12-17,-0.216109,2024-12-17,True
2024-12-19,-2.493954,-2.949285,5872.16015625,2024-12-18,-3.562429,19392.689453125,2024-12-18,-3.845612,4970.97998046875,2024-12-18,-4.394454,2231.510009765625,2024-12-18,74.039074,27.6200008392334,2024-12-18,0.354216,2024-12-18,True
2024-12-20,-0.417569,-0.086511,5867.080078125,2024-12-19,-0.102719,19372.76953125,2024-12-19,-1.559245,4893.47021484375,2024-12-19,-0.448576,2221.5,2024-12-19,-12.780596,24.09000015258789,2024-12-19,1.049829,2024-12-19,True
2024-12-23,0.863016,1.086912,5930.85009765625,2024-12-20,1.0315,19572.599609375,2024-12-20,1.459903,4964.91015625,2024-12-20,0.939461,2242.3701171875,2024-12-20,-23.785801,18.360000610351562,2024-12-20,-0.967968,2024-12-20,True
2024-12-24,0.447531,0.728727,5974.06982421875,2024-12-23,0.9824,19764.880859375,2024-12-23,3.098542,5118.75,2024-12-23,-0.219864,2237.43994140625,2024-12-23,-8.605664,16.780000686645508,2024-12-23,0.554461,2024-12-23,True
2024-12-26,0.354665,1.104276,6040.0400390625,2024-12-24,1.347086,20031.130859375,2024-12-24,1.07077,5173.56005859375,2024-12-24,1.001598,2259.85009765625,2024-12-24,,,2024-12-25,0.743058,2024-12-25,False
2024-12-27,-0.170622,-0.040566,6037.58984375,2024-12-26,-0.053774,20020.359375,2024-12-26,0.033826,5175.31005859375,2024-12-26,0.900053,2280.18994140625,2024-12-26,3.223539,14.729999542236328,2024-12-26,0.288282,2024-12-26,True
2024-12-30,-0.357754,-1.105574,5970.83984375,2024-12-27,-1.490133,19722.029296875,2024-12-27,-1.011337,5122.97021484375,2024-12-27,-1.561267,2244.590087890625,2024-12-27,8.282419,15.949999809265137,2024-12-27,0.64352,2024-12-27,True
2025-01-02,-0.40549,-0.42848,5881.6298828125,2024-12-31,-0.903176,19310.7890625,2024-12-31,-0.926679,4979.93017578125,2024-12-31,0.106828,2230.159912109375,2024-12-31,,,2025-01-01,,2025-01-01,False
2025-01-03,-0.03126,-0.222389,5868.5498046875,2025-01-02,-0.155354,19280.7890625,2025-01-02,0.834747,5021.5,2025-01-02,0.067709,2231.669921875,2025-01-02,3.342939,17.93000030517578,2025-01-02,0.417749,2025-01-02,True
2025-01-06,0.306466,1.259603,5942.47021484375,2025-01-03,1.768033,19621.6796875,2025-01-03,2.830825,5163.64990234375,2025-01-03,1.648992,2268.469970703125,2025-01-03,-10.039047,16.1299991607666,2025-01-03,-0.126907,2025-01-03,True
2025-01-07,0.945095,0.553805,5975.3798828125,2025-01-06,1.239959,19864.98046875,2025-01-06,2.836951,5310.14013671875,2025-01-06,-0.080233,2266.64990234375,2025-01-06,-0.557956,16.040000915527344,2025-01-06,-0.415859,2025-01-06,True
2025-01-08,-0.839832,-1.110391,5909.02978515625,2025-01-07,-1.889258,19489.6796875,2025-01-07,-1.843457,5212.25,2025-01-07,-0.743381,2249.800048828125,2025-01-07,11.097249,17.81999969482422,2025-01-07,-0.414872,2025-01-07,True
2025-01-09,-0.044563,0.156036,5918.25,2025-01-08,-0.055408,19478.880859375,2025-01-08,-0.957358,5162.35009765625,2025-01-08,-0.481825,2238.9599609375,2025-01-08,-0.673395,17.700000762939453,2025-01-08,-0.518685,2025-01-08,True
2025-01-10,-0.059374,0.156036,5918.25,2025-01-08,-0.055408,19478.880859375,2025-01-08,-0.957358,5162.35009765625,2025-01-08,-0.481825,2238.9599609375,2025-01-08,,,2025-01-09,0.419454,2025-01-09,False
2025-01-13,-0.550022,-1.541164,5827.0400390625,2025-01-10,-1.628687,19161.630859375,2025-01-10,-2.419051,5037.47021484375,2025-01-10,-2.22112,2189.22998046875,2025-01-10,10.395481,19.540000915527344,2025-01-10,-0.187932,2025-01-10,True
2025-01-14,0.587526,0.157544,5836.22021484375,2025-01-13,-0.383742,19088.099609375,2025-01-13,-0.34601,5020.0400390625,2025-01-13,0.236153,2194.39990234375,2025-01-13,-1.791199,19.190000534057617,2025-01-13,1.169576,2025-01-13,True
2025-01-15,0.389981,0.114628,5842.91015625,2025-01-14,-0.228986,19044.390625,2025-01-14,0.516134,5045.9501953125,2025-01-14,1.131976,2219.239990234375,2025-01-14,-2.50131,18.709999084472656,2025-01-14,-0.907454,2025-01-14,True
2025-01-16,1.366982,1.831279,5949.91015625,2025-01-15,2.451325,19511.23046875,2025-01-15,2.134776,5153.669921875,2025-01-15,1.984916,2263.2900390625,2025-01-15,-13.842856,16.1200008392334,2025-01-15,0.10624,2025-01-15,True
2025-01-17,-0.399882,-0.211269,5937.33984375,2025-01-16,-0.886369,19338.2890625,2025-01-16,0.180261,5162.9599609375,2025-01-16,0.154642,2266.7900390625,2025-01-16,2.977664,16.600000381469727,2025-01-16,-1.58993,2025-01-16,True
2025-01-20,0.48976,0.999106,5996.66015625,2025-01-17,1.509493,19630.19921875,2025-01-17,2.842948,5309.740234375,2025-01-17,0.401001,2275.8798828125,2025-01-17,-3.795181,15.970000267028809,2025-01-17,1.120217,2025-01-17,True
2025-01-21,0.609484,0.999106,5996.66015625,2025-01-17,1.509493,19630.19921875,2025-01-17,2.842948,5309.740234375,2025-01-17,0.401001,2275.8798828125,2025-01-17,,,2025-01-20,0.279364,2025-01-20,False
2025-01-22,0.712907,0.876823,6049.240234375,2025-01-21,0.644823,19756.779296875,2025-01-21,1.294974,5378.5,2025-01-21,1.849398,2317.969970703125,2025-01-21,-5.698183,15.0600004196167,2025-01-21,-1.499264,2025-01-21,True
2025-01-23,-0.132159,0.613794,6086.3701171875,2025-01-22,1.278349,20009.33984375,2025-01-22,1.688018,5469.2900390625,2025-01-22,-0.614762,2303.719970703125,2025-01-22,0.265604,15.100000381469727,2025-01-22,-0.678494,2025-01-22,True
2025-01-24,0.163277,0.531349,6118.7099609375,2025-01-23,0.221596,20053.6796875,2025-01-23,-0.449786,5444.68994140625,2025-01-23,0.472285,2314.60009765625,2025-01-23,-0.529801,15.020000457763672,2025-01-23,0.599662,2025-01-23,True
2025-01-31,-1.095485,0.527541,6071.169921875,2025-01-30,0.251777,19681.75,2025-01-30,2.286039,5030.52978515625,2025-01-30,1.066526,2307.449951171875,2025-01-30,-4.347822,15.84000015258789,2025-01-30,0.004153,2025-01-30,True
2025-02-03,-2.137838,-0.504683,6040.52978515625,2025-01-31,-0.275944,19627.439453125,2025-01-31,-0.291812,5015.85009765625,2025-01-31,-0.856357,2287.68994140625,2025-01-31,3.724748,16.43000030517578,2025-01-31,-0.115007,2025-01-31,True
2025-02-04,1.229634,-0.76086,5994.56982421875,2025-02-03,-1.199741,19391.9609375,2025-02-03,-1.815047,4924.81005859375,2025-02-03,-1.279457,2258.419921875,2025-02-03,13.329279,18.6200008392334,2025-02-03,1.048791,2025-02-03,True
2025-02-05,1.077881,0.722488,6037.8798828125,2025-02-04,1.351377,19654.01953125,2025-02-04,1.051407,4976.58984375,2025-02-04,1.407623,2290.2099609375,2025-02-04,-7.572512,17.209999084472656,2025-02-04,0.155824,2025-02-04,True
2025-02-06,0.645161,0.390867,6061.47998046875,2025-02-05,0.194925,19692.330078125,2025-02-05,2.309014,5091.5,2025-02-05,1.136141,2316.22998046875,2025-02-05,-8.367221,15.770000457763672,2025-02-05,-0.609302,2025-02-05,True
2025-02-07,0.059418,0.36443,6083.56982421875,2025-02-06,0.506086,19791.990234375,2025-02-06,0.021405,5092.58984375,2025-02-06,-0.393306,2307.1201171875,2025-02-06,-1.712114,15.5,2025-02-06,-0.432367,2025-02-06,True
2025-02-10,-0.523325,-0.946477,6025.990234375,2025-02-07,-1.357063,19523.400390625,2025-02-07,-1.634728,5009.33984375,2025-02-07,-1.188068,2279.7099609375,2025-02-07,6.709683,16.540000915527344,2025-02-07,-0.120507,2025-02-07,True
2025-02-11,0.522232,0.671254,6066.43994140625,2025-02-10,0.977643,19714.26953125,2025-02-10,1.463867,5082.669921875,2025-02-10,0.36101,2287.93994140625,2025-02-10,-4.413546,15.8100004196167,2025-02-10,0.587316,2025-02-10,True
2025-02-12,-0.162842,0.033958,6068.5,2025-02-11,-0.357153,19643.859375,2025-02-11,-0.053116,5079.97021484375,2025-02-11,-0.534979,2275.699951171875,2025-02-11,1.328273,16.020000457763672,2025-02-11,0.178542,2025-02-11,True
2025-02-13,0.340035,-0.272387,6051.97021484375,2025-02-12,0.031001,19649.94921875,2025-02-12,0.21299,5090.7900390625,2025-02-12,-0.870504,2255.889892578125,2025-02-12,-0.811486,15.890000343322754,2025-02-12,-0.169278,2025-02-12,True
2025-02-14,0.160842,1.042629,6115.06982421875,2025-02-13,1.504795,19945.640625,2025-02-13,1.288603,5156.39013671875,2025-02-13,1.165395,2282.179931640625,2025-02-13,-4.97168,15.100000381469727,2025-02-13,0.094434,2025-02-13,True
2025-02-17,0.334643,-0.007194,6114.6298828125,2025-02-14,0.40675,20026.76953125,2025-02-14,0.088236,5160.93994140625,2025-02-14,-0.096397,2279.97998046875,2025-02-14,-2.18543,14.770000457763672,2025-02-14,-0.921412,2025-02-14,True
2025-02-18,0.101112,-0.007194,6114.6298828125,2025-02-14,0.40675,20026.76953125,2025-02-14,0.088236,5160.93994140625,2025-02-14,-0.096397,2279.97998046875,2025-02-14,,,2025-02-17,-0.426763,2025-02-17,False
2025-02-19,0.372813,0.244499,6129.580078125,2025-02-18,0.072354,20041.259765625,2025-02-18,1.684188,5247.85986328125,2025-02-18,0.454834,2290.35009765625,2025-02-18,3.926878,15.350000381469727,2025-02-18,0.606594,2025-02-18,True
2025-02-20,-0.267004,0.237697,6144.14990234375,2025-02-19,0.074797,20056.25,2025-02-19,1.178196,5309.68994140625,2025-02-19,-0.344495,2282.4599609375,2025-02-19,-0.521172,15.270000457763672,2025-02-19,-0.083958,2025-02-19,True
2025-02-21,0.226822,-0.433419,6117.52001953125,2025-02-20,-0.468136,19962.359375,2025-02-20,0.017702,5310.6298828125,2025-02-20,-0.907791,2261.739990234375,2025-02-20,2.554023,15.65999984741211,2025-02-20,-0.006942,2025-02-20,True
2025-02-24,-0.849618,-1.706413,6013.1298828125,2025-02-21,-2.195881,19524.009765625,2025-02-21,-3.277201,5136.58984375,2025-02-21,-2.935346,2195.35009765625,2025-02-21,16.28352,18.209999084472656,2025-02-21,-0.57501,2025-02-21,True
2025-02-25,-1.22542,-0.496911,5983.25,2025-02-24,-1.2143,19286.9296875,2025-02-24,-2.590236,5003.5400390625,2025-02-24,-0.778012,2178.27001953125,2025-02-24,4.228449,18.979999542236328,2025-02-24,0.18091,2025-02-24,True
2025-02-26,-0.100272,-0.467973,5955.25,2025-02-25,-1.350858,19026.390625,2025-02-25,-2.291581,4888.8798828125,2025-02-25,-0.375984,2170.080078125,2025-02-25,2.370921,19.43000030517578,2025-02-25,-0.393227,2025-02-25,True
2025-02-27,0.085519,0.013602,5956.06005859375,2025-02-26,0.256849,19075.259765625,2025-02-26,2.085139,4990.81982421875,2025-02-26,0.188465,2174.169921875,2025-02-26,-1.698404,19.100000381469727,2025-02-26,0.059495,2025-02-26,True
2025-02-28,-1.602748,-1.586455,5861.56982421875,2025-02-27,-2.782871,18544.419921875,2025-02-27,-6.092583,4686.75,2025-02-27,-1.587273,2139.659912109375,2025-02-27,10.628266,21.1299991607666,2025-02-27,0.344179,2025-02-27,True
2025-03-04,-0.503256,-1.759674,5849.72021484375,2025-03-03,-2.637462,18350.189453125,2025-03-03,-4.014892,4575.3701171875,2025-03-03,-2.81221,2102.239990234375,2025-03-03,16.046875,22.780000686645508,2025-03-03,0.685588,2025-03-03,True
2025-03-05,0.727111,-1.223483,5778.14990234375,2025-03-04,-0.354379,18285.16015625,2025-03-04,0.636881,4604.509765625,2025-03-04,-1.080274,2079.530029296875,2025-03-04,3.204563,23.510000228881836,2025-03-04,-0.128099,2025-03-04,True
2025-03-06,0.471281,1.115928,5842.6298828125,2025-03-05,1.463319,18552.73046875,2025-03-05,2.090999,4700.7900390625,2025-03-05,1.020421,2100.75,2025-03-05,-6.720544,21.93000030517578,2025-03-05,-0.348445,2025-03-05,True
2025-03-07,-0.918769,-1.781901,5738.52001953125,2025-03-06,-2.605927,18069.259765625,2025-03-06,-4.529876,4487.85009765625,2025-03-06,-1.627988,2066.550048828125,2025-03-06,13.406295,24.8700008392334,2025-03-06,-0.675909,2025-03-06,True
2025-03-10,-0.586081,0.552062,5770.2001953125,2025-03-07,0.702635,18196.220703125,2025-03-07,3.158299,4629.58984375,2025-03-07,0.432118,2075.47998046875,2025-03-07,-6.031363,23.3700008392334,2025-03-07,0.240464,2025-03-07,True
2025-03-11,-2.368075,-2.697309,5614.56005859375,2025-03-10,-4.000283,17468.3203125,2025-03-10,-4.849242,4405.08984375,2025-03-10,-2.717927,2019.0699462890625,2025-03-10,19.212664,27.860000610351562,2025-03-10,-0.016591,2025-03-10,True
2025-03-12,0.443525,-0.756787,5572.06982421875,2025-03-11,-0.184452,17436.099609375,2025-03-11,-0.704186,4374.06982421875,2025-03-11,0.223866,2023.5899658203125,2025-03-11,-3.374015,26.920000076293945,2025-03-11,0.744681,2025-03-11,True
2025-03-13,0.596711,0.488687,5599.2998046875,2025-03-12,1.217873,17648.44921875,2025-03-12,2.445096,4481.02001953125,2025-03-12,0.142322,2026.469970703125,2025-03-12,-9.992573,24.229999542236328,2025-03-12,-0.412484,2025-03-12,True
2025-03-14,0.116993,-1.389098,5521.52001953125,2025-03-13,-1.957336,17303.009765625,2025-03-13,-0.619943,4453.240234375,2025-03-13,-1.617593,1993.68994140625,2025-03-13,1.774661,24.65999984741211,2025-03-13,-0.156443,2025-03-13,True
2025-03-17,0.756254,2.126587,5638.93994140625,2025-03-14,2.606946,17754.08984375,2025-03-14,3.268402,4598.7900390625,2025-03-14,2.528479,2044.0999755859375,2025-03-14,-11.719381,21.770000457763672,2025-03-14,0.309231,2025-03-14,True
2025-03-18,1.141227,0.641613,5675.1201171875,2025-03-17,0.307368,17808.66015625,2025-03-17,1.417333,4663.97021484375,2025-03-17,1.185368,2068.330078125,2025-03-17,-5.787782,20.510000228881836,2025-03-17,-0.28763,2025-03-17,True
2025-03-19,0.056923,-1.065351,5614.66015625,2025-03-18,-1.710073,17504.119140625,2025-03-18,-1.606795,4589.02978515625,2025-03-18,-0.88913,2049.93994140625,2025-03-18,5.80205,21.700000762939453,2025-03-18,-0.452714,2025-03-18,True
2025-03-20,0.733738,1.07985,5675.2900390625,2025-03-19,1.409211,17750.7890625,2025-03-19,0.991495,4634.52978515625,2025-03-19,1.567857,2082.080078125,2025-03-19,-8.294936,19.899999618530273,2025-03-19,0.44714,2025-03-19,True
2025-03-21,-0.210231,-0.218489,5662.89013671875,2025-03-20,-0.333271,17691.630859375,2025-03-20,-0.715492,4601.3701171875,2025-03-20,-0.645998,2068.6298828125,2025-03-20,-0.502514,19.799999237060547,2025-03-20,-0.383034,2025-03-20,True
2025-03-24,-0.390571,0.082465,5667.56005859375,2025-03-21,0.522393,17784.05078125,2025-03-21,-0.94363,4557.9501953125,2025-03-21,-0.56317,2056.97998046875,2025-03-21,-2.626255,19.280000686645508,2025-03-21,1.553976,2025-03-21,True
2025-03-25,0.587906,1.7646,5767.56982421875,2025-03-24,2.27473,18188.58984375,2025-03-24,2.989722,4694.22021484375,2025-03-24,2.547419,2109.3798828125,2025-03-24,-9.336105,17.479999542236328,2025-03-24,-0.070944,2025-03-24,True
2025-03-26,0.421882,0.157433,5776.64990234375,2025-03-25,0.457812,18271.859375,2025-03-25,-0.700444,4661.33984375,2025-03-25,-0.663702,2095.3798828125,2025-03-25,-1.887871,17.149999618530273,2025-03-25,0.101721,2025-03-25,True
2025-03-27,-1.031934,-1.115693,5712.2001953125,2025-03-26,-2.040514,17899.01953125,2025-03-26,-3.273728,4508.740234375,2025-03-26,-1.028444,2073.830078125,2025-03-26,6.880468,18.329999923706055,2025-03-26,-0.285081,2025-03-26,True
2025-03-28,-0.409431,-0.330698,5693.31005859375,2025-03-27,-0.530701,17804.029296875,2025-03-27,-2.073533,4415.25,2025-03-27,-0.392034,2065.699951171875,2025-03-27,1.963997,18.690000534057617,2025-03-27,0.245545,2025-03-27,True
2025-03-31,-1.793658,-1.973722,5580.93994140625,2025-03-28,-2.701855,17322.990234375,2025-03-28,-2.952038,4284.91015625,2025-03-28,-2.054022,2023.27001953125,2025-03-28,15.837341,21.649999618530273,2025-03-28,0.514404,2025-03-30,True
2025-04-01,0.75299,0.553852,5611.85009765625,2025-03-31,-0.136819,17299.2890625,2025-03-31,-0.33793,4270.43017578125,2025-03-31,-0.561467,2011.9100341796875,2025-03-31,2.909936,22.280000686645508,2025-03-31,0.173534,2025-03-31,True
2025-04-02,0.131004,0.378124,5633.06982421875,2025-04-01,0.870565,17449.890625,2025-04-01,0.2817,4282.4599609375,2025-04-01,0.0164,2012.239990234375,2025-04-01,-2.289049,21.770000457763672,2025-04-01,-0.135193,2025-04-01,True
2025-04-03,-3.013458,0.672819,5670.97021484375,2025-04-02,0.866253,17601.05078125,2025-04-02,0.894113,4320.75,2025-04-02,1.645927,2045.3599853515625,2025-04-02,-1.194305,21.510000228881836,2025-04-02,-0.267348,2025-04-02,True
2025-04-04,-1.288698,-4.839563,5396.52001953125,2025-04-03,-5.968061,16550.609375,2025-04-03,-9.883934,3893.68994140625,2025-04-03,-6.591013,1910.550048828125,2025-04-03,39.562995,30.020000457763672,2025-04-03,-1.047719,2025-04-03,True
2025-04-07,-4.468689,-5.974961,5074.080078125,2025-04-04,-5.817425,15587.7900390625,2025-04-04,-7.602815,3597.659912109375,2025-04-04,-4.371517,1827.030029296875,2025-04-04,50.932714,45.310001373291016,2025-04-04,0.540434,2025-04-06,True
2025-04-08,1.901743,-0.233147,5062.25,2025-04-07,0.099243,15603.259765625,2025-04-07,2.704259,3694.949951171875,2025-04-07,-0.924452,1810.1400146484375,2025-04-07,3.685716,46.97999954223633,2025-04-07,0.783666,2025-04-07,True
2025-04-09,-0.20612,-1.570052,4982.77001953125,2025-04-08,-2.149228,15267.91015625,2025-04-08,-3.572714,3562.93994140625,2025-04-08,-2.730731,1760.7099609375,2025-04-08,11.38783,52.33000183105469,2025-04-08,1.100721,2025-04-08,True
2025-04-10,5.578846,9.515388,5456.89990234375,2025-04-09,12.163161,17124.970703125,2025-04-09,18.734816,4230.4501953125,2025-04-09,8.658443,1913.1600341796875,2025-04-09,-35.753874,33.619998931884766,2025-04-09,-2.838248,2025-04-09,True
2025-04-11,-1.655529,-3.460758,5268.0498046875,2025-04-10,-4.307512,16387.310546875,2025-04-10,-7.969604,3893.300048828125,2025-04-10,-4.274082,1831.3900146484375,2025-04-10,21.118389,40.720001220703125,2025-04-10,0.560275,2025-04-10,True
2025-04-14,0.548446,1.80921,5363.35986328125,2025-04-11,2.057387,16724.4609375,2025-04-11,2.506867,3990.89990234375,2025-04-11,1.573119,1860.199951171875,2025-04-11,-7.760314,37.560001373291016,2025-04-11,-2.271975,2025-04-13,True
2025-04-15,0.13624,0.794471,5405.97021484375,2025-04-14,0.639898,16831.48046875,2025-04-14,0.308704,4003.219970703125,2025-04-14,1.111711,1880.8800048828125,2025-04-14,-17.758258,30.889999389648438,2025-04-14,0.026073,2025-04-14,True
2025-04-16,-0.419727,-0.172778,5396.6298828125,2025-04-15,-0.049375,16823.169921875,2025-04-15,0.466373,4021.889892578125,2025-04-15,0.108462,1882.9200439453125,2025-04-15,-2.492711,30.1200008392334,2025-04-15,0.535428,2025-04-15,True
2025-04-17,0.274098,-2.240837,5275.7001953125,2025-04-16,-3.067256,16307.16015625,2025-04-16,-4.095586,3857.169921875,2025-04-16,-1.032442,1863.47998046875,2025-04-16,8.366529,32.63999938964844,2025-04-16,-0.896276,2025-04-16,True
2025-04-18,0.165862,0.132684,5282.7001953125,2025-04-17,-0.126999,16286.4501953125,2025-04-17,-0.640365,3832.469970703125,2025-04-17,0.919785,1880.6199951171875,2025-04-17,-9.160539,29.649999618530273,2025-04-17,,2025-04-17,True
2025-04-21,0.014977,0.132684,5282.7001953125,2025-04-17,-0.126999,16286.4501953125,2025-04-17,-0.640365,3832.469970703125,2025-04-17,0.919785,1880.6199951171875,2025-04-17,,,2025-04-18,,2025-04-20,False
2025-04-22,-0.493569,-2.356749,5158.2001953125,2025-04-21,-2.551506,15870.900390625,2025-04-21,-2.10204,3751.909912109375,2025-04-21,-2.142913,1840.3199462890625,2025-04-21,14.064081,33.81999969482422,2025-04-21,0.523962,2025-04-21,True
2025-04-23,1.665666,2.51172,5287.759765625,2025-04-22,2.706334,16300.419921875,2025-04-22,2.135982,3832.050048828125,2025-04-22,2.71475,1890.280029296875,2025-04-22,-9.609698,30.56999969482422,2025-04-22,0.533184,2025-04-22,True
2025-04-24,0.014741,1.666114,5375.85986328125,2025-04-23,2.500738,16708.05078125,2025-04-23,3.96315,3983.919921875,2025-04-23,1.526757,1919.1400146484375,2025-04-23,-6.9349,28.450000762939453,2025-04-23,-0.193813,2025-04-23,True
2025-04-25,1.092735,2.025911,5484.77001953125,2025-04-24,2.741123,17166.0390625,2025-04-24,5.629381,4208.18994140625,2025-04-24,2.003499,1957.5899658203125,2025-04-24,-6.959583,26.469999313354492,2025-04-24,0.253083,2025-04-24,True
2025-04-28,0.175567,0.737313,5525.2099609375,2025-04-25,1.263544,17382.939453125,2025-04-25,1.031796,4251.60986328125,2025-04-25,0.001534,1957.6199951171875,2025-04-25,-6.157912,24.84000015258789,2025-04-25,0.510463,2025-04-27,True
2025-04-29,-0.964912,0.064071,5528.75,2025-04-28,-0.096696,17366.130859375,2025-04-28,-0.376087,4235.6201171875,2025-04-28,0.405086,1965.550048828125,2025-04-28,1.247985,25.149999618530273,2025-04-28,-0.102965,2025-04-28,True
2025-04-30,-0.102926,0.580241,5560.830078125,2025-04-29,0.548133,17461.3203125,2025-04-29,-0.917696,4196.75,2025-04-29,0.558112,1976.52001953125,2025-04-29,-3.896619,24.170000076293945,2025-04-29,-0.328716,2025-04-29,True
2025-05-02,-0.07367,0.62991,5604.14013671875,2025-05-01,1.515506,17710.740234375,2025-05-01,0.415365,4247.66015625,2025-05-01,0.597723,1975.8599853515625,2025-05-01,-0.40486,24.600000381469727,2025-05-01,0.797189,2025-05-01,True
2025-05-07,1.074636,-0.769324,5606.91015625,2025-05-06,-0.866274,17689.66015625,2025-05-06,-1.032556,4311.2001953125,2025-05-06,-1.051264,1983.18994140625,2025-05-06,4.737736,24.760000228881836,2025-05-06,0.029106,2025-05-06,True
2025-05-08,0.160561,0.434636,5631.27978515625,2025-05-07,0.274171,17738.16015625,2025-05-07,1.743358,4386.35986328125,2025-05-07,0.326247,1989.6600341796875,2025-05-07,-4.886918,23.549999237060547,2025-05-07,1.638094,2025-05-07,True
2025-05-09,0.18967,0.579978,5663.93994140625,2025-05-08,1.071027,17928.140625,2025-05-08,1.004935,4430.43994140625,2025-05-08,1.847049,2026.4100341796875,2025-05-08,-4.543523,22.479999542236328,2025-05-08,0.469476,2025-05-08,True
2025-05-12,0.685831,-0.071148,5659.91015625,2025-05-09,0.004347,17928.919921875,2025-05-09,0.813916,4466.5,2025-05-09,-0.164828,2023.0699462890625,2025-05-09,-2.580071,21.899999618530273,2025-05-09,-0.618295,2025-05-11,True
2025-05-13,0.431655,3.255878,5844.18994140625,2025-05-12,4.347278,18708.33984375,2025-05-12,7.039744,4780.93017578125,2025-05-12,3.417084,2092.199951171875,2025-05-12,-16.027399,18.389999389648438,2025-05-12,1.495157,2025-05-12,True
2025-05-14,0.904393,0.72482,5886.5498046875,2025-05-13,1.612917,19010.08984375,2025-05-13,3.146248,4931.35009765625,2025-05-13,0.485142,2102.35009765625,2025-05-13,-0.924416,18.219999313354492,2025-05-13,-0.002121,2025-05-13,True
2025-05-15,-0.26916,0.102442,5892.580078125,2025-05-14,0.719201,19146.810546875,2025-05-14,0.595778,4960.72998046875,2025-05-14,-0.882348,2083.800048828125,2025-05-14,2.195398,18.6200008392334,2025-05-14,-0.612291,2025-05-14,True
2025-05-16,0.371058,0.413233,5916.93017578125,2025-05-15,-0.180136,19112.3203125,2025-05-15,-0.570073,4932.4501953125,2025-05-15,0.522598,2094.68994140625,2025-05-15,-4.242754,17.829999923706055,2025-05-15,-0.732588,2025-05-15,True
2025-05-19,-0.483435,0.700527,5958.3798828125,2025-05-16,0.516836,19211.099609375,2025-05-16,-0.208015,4922.18994140625,2025-05-16,0.886053,2113.25,2025-05-16,-3.309031,17.239999771118164,2025-05-16,0.079454,2025-05-18,True
2025-05-20,0.776531,0.087611,5963.60009765625,2025-05-19,0.022702,19215.4609375,2025-05-19,-0.497339,4897.7099609375,2025-05-19,-0.41737,2104.429931640625,2025-05-19,5.220415,18.139999389648438,2025-05-19,-0.685198,2025-05-19,True
2025-05-21,0.473594,-0.388023,5940.4599609375,2025-05-20,-0.378601,19142.7109375,2025-05-20,-0.141498,4890.77978515625,2025-05-20,0.054654,2105.580078125,2025-05-20,-0.27563,18.09000015258789,2025-05-20,0.301029,2025-05-20,True
2025-05-22,-0.556189,-1.613513,5844.60986328125,2025-05-21,-1.410826,18872.640625,2025-05-21,-1.800732,4802.7099609375,2025-05-21,-2.803029,2046.56005859375,2025-05-21,15.36761,20.8700008392334,2025-05-21,-1.354893,2025-05-21,True
2025-05-23,0.274487,-0.044487,5842.009765625,2025-05-22,0.281358,18925.740234375,2025-05-22,-0.567174,4775.47021484375,2025-05-22,-0.048862,2045.56005859375,2025-05-22,-2.827025,20.280000686645508,2025-05-22,0.54445,2025-05-22,True
2025-05-26,0.245381,-0.67083,5802.81982421875,2025-05-23,-0.996153,18737.2109375,2025-05-23,-1.530537,4702.3798828125,2025-05-23,-0.279145,2039.8499755859375,2025-05-23,9.911243,22.290000915527344,2025-05-23,-1.202455,2025-05-25,True
2025-05-27,-0.269963,-0.67083,5802.81982421875,2025-05-23,-0.996153,18737.2109375,2025-05-23,-1.530537,4702.3798828125,2025-05-23,-0.279145,2039.8499755859375,2025-05-23,,,2025-05-26,0.246935,2025-05-26,False
2025-05-28,0.325779,2.045906,5921.5400390625,2025-05-27,2.465411,19199.16015625,2025-05-27,3.375099,4861.08984375,2025-05-27,2.47812,2090.39990234375,2025-05-27,-14.939442,18.959999084472656,2025-05-27,0.489736,2025-05-27,True
2025-05-29,1.131917,-0.557123,5888.5498046875,2025-05-28,-0.511589,19100.939453125,2025-05-28,-0.548641,4834.419921875,2025-05-28,-1.081126,2067.800048828125,2025-05-28,1.845994,19.309999465942383,2025-05-28,-0.087291,2025-05-28,True
2025-05-30,-0.369964,0.401119,5912.169921875,2025-05-29,0.392283,19175.869140625,2025-05-29,0.539052,4860.47998046875,2025-05-29,0.337556,2074.780029296875,2025-05-29,-0.673222,19.18000030517578,2025-05-29,-0.232232,2025-05-29,True
2025-06-02,-0.276702,-0.008119,5911.68994140625,2025-05-30,-0.323842,19113.76953125,2025-05-30,-2.107198,4758.06005859375,2025-05-30,-0.4092,2066.2900390625,2025-05-30,-3.180399,18.56999969482422,2025-05-30,0.844999,2025-06-01,True
2025-06-04,1.356401,0.580029,5970.3701171875,2025-06-03,0.812528,19398.9609375,2025-06-03,2.723481,4964.41015625,2025-06-03,1.585388,2102.97998046875,2025-06-03,-3.649238,17.690000534057617,2025-06-03,0.119908,2025-06-03,True
2025-06-05,0.780829,0.007369,5970.81005859375,2025-06-04,0.317178,19460.490234375,2025-06-04,1.388683,5033.35009765625,2025-06-04,-0.213982,2098.47998046875,2025-06-04,-0.452232,17.610000610351562,2025-06-04,-1.207067,2025-06-04,True
2025-06-09,1.56126,1.028068,6000.35986328125,2025-06-06,1.199578,19529.94921875,2025-06-06,0.54162,5038.06005859375,2025-06-06,1.664,2132.25,2025-06-06,-9.253242,16.770000457763672,2025-06-06,0.342541,2025-06-08,True
2025-06-10,0.676291,0.091995,6005.8798828125,2025-06-09,0.313831,19591.240234375,2025-06-09,1.957104,5136.66015625,2025-06-09,0.572163,2144.449951171875,2025-06-09,2.325578,17.15999984741211,2025-06-09,-0.392879,2025-06-09,True
2025-06-11,0.504267,0.548299,6038.81005859375,2025-06-10,0.63166,19714.990234375,2025-06-10,2.06048,5242.5,2025-06-10,0.557717,2156.409912109375,2025-06-10,-1.223771,16.950000762939453,2025-06-10,0.740852,2025-06-10,True
2025-06-12,0.063898,-0.274389,6022.240234375,2025-06-11,-0.502711,19615.880859375,2025-06-11,-0.190181,5232.52978515625,2025-06-11,-0.379331,2148.22998046875,2025-06-11,1.828905,17.260000228881836,2025-06-11,0.132705,2025-06-11,True
2025-06-13,0.382702,0.382242,6045.259765625,2025-06-12,0.23761,19662.490234375,2025-06-12,0.317631,5249.14990234375,2025-06-12,-0.378912,2140.090087890625,2025-06-12,4.403246,18.020000457763672,2025-06-12,-1.16424,2025-06-12,True
2025-06-16,0.347356,-1.129638,5976.97021484375,2025-06-13,-1.300243,19406.830078125,2025-06-13,-2.608226,5112.240234375,2025-06-13,-1.849459,2100.510009765625,2025-06-13,15.538286,20.81999969482422,2025-06-13,1.137212,2025-06-15,True
2025-06-17,0.366393,0.939266,6033.10986328125,2025-06-16,1.516893,19701.2109375,2025-06-16,3.033104,5267.2998046875,2025-06-16,1.124483,2124.1298828125,2025-06-16,-8.213252,19.110000610351562,2025-06-16,-0.539138,2025-06-16,True
2025-06-18,-0.693044,-0.835218,5982.72021484375,2025-06-17,-0.914264,19521.08984375,2025-06-17,-0.828696,5223.64990234375,2025-06-17,-1.043718,2101.9599609375,2025-06-17,13.029826,21.600000381469727,2025-06-17,1.673317,2025-06-17,True
2025-06-19,0.649756,-0.030924,5980.8701171875,2025-06-18,0.128987,19546.26953125,2025-06-18,0.523965,5251.02001953125,2025-06-18,0.523321,2112.9599609375,2025-06-18,-6.759264,20.139999389648438,2025-06-18,-0.706266,2025-06-18,True
2025-06-20,0.411677,-0.030924,5980.8701171875,2025-06-18,0.128987,19546.26953125,2025-06-18,0.523965,5251.02001953125,2025-06-18,0.523321,2112.9599609375,2025-06-18,,,2025-06-19,0.302026,2025-06-19,False
2025-06-23,-0.935039,-0.217866,5967.83984375,2025-06-20,-0.505771,19447.41015625,2025-06-20,-0.752997,5211.47998046875,2025-06-20,-0.174634,2109.27001953125,2025-06-20,2.383324,20.6200008392334,2025-06-20,-0.394217,2025-06-22,True
2025-06-24,1.539409,0.96065,6025.169921875,2025-06-23,0.943882,19630.970703125,2025-06-23,0.62976,5244.2998046875,2025-06-23,1.109858,2132.679931640625,2025-06-23,-3.831236,19.829999923706055,2025-06-23,-0.54985,2025-06-23,True
2025-06-25,0.679542,1.112172,6092.18017578125,2025-06-24,1.434257,19912.529296875,2025-06-24,3.767334,5441.8701171875,2025-06-24,1.337755,2161.2099609375,2025-06-24,-11.850733,17.479999542236328,2025-06-24,-0.599139,2025-06-24,True
2025-06-26,0.0,-0.000329,6092.16015625,2025-06-25,0.306448,19973.55078125,2025-06-25,0.945074,5493.2998046875,2025-06-25,-1.158149,2136.179931640625,2025-06-25,-4.118989,16.760000228881836,2025-06-25,0.240069,2025-06-25,True
2025-06-27,0.011993,0.802012,6141.02001953125,2025-06-26,0.973084,20167.91015625,2025-06-26,0.876707,5541.4599609375,2025-06-26,1.681983,2172.110107421875,2025-06-26,-1.01432,16.59000015258789,2025-06-26,-0.314659,2025-06-26,True
2025-06-30,0.615422,0.521897,6173.06982421875,2025-06-27,0.52336,20273.4609375,2025-06-27,0.063707,5544.990234375,2025-06-27,0.019332,2172.530029296875,2025-06-27,-1.627489,16.31999969482422,2025-06-27,0.800582,2025-06-29,True
2025-07-01,0.455635,0.516443,6204.9501953125,2025-06-30,0.474855,20369.73046875,2025-06-30,0.02795,5546.5400390625,2025-06-30,0.115534,2175.0400390625,2025-06-30,2.512254,16.729999542236328,2025-06-30,-1.106635,2025-06-30,True
2025-07-02,-0.227164,-0.111853,6198.009765625,2025-07-01,-0.819058,20202.890625,2025-07-01,-0.703863,5507.5,2025-07-01,1.034464,2197.5400390625,2025-07-01,0.597731,16.829999923706055,2025-07-01,0.525767,2025-07-01,True
2025-07-03,0.696111,0.47451,6227.419921875,2025-07-02,0.941649,20393.130859375,2025-07-02,1.88016,5611.0498046875,2025-07-02,1.312369,2226.3798828125,2025-07-02,-1.12894,16.639999389648438,2025-07-02,-0.061963,2025-07-02,True
2025-07-04,0.401844,0.833896,6279.35009765625,2025-07-03,1.019798,20601.099609375,2025-07-03,0.642844,5647.1201171875,2025-07-03,1.017803,2249.0400390625,2025-07-03,-1.562501,16.3799991607666,2025-07-03,0.173462,2025-07-03,True
2025-07-07,-0.506146,0.833896,6279.35009765625,2025-07-03,1.019798,20601.099609375,2025-07-03,0.642844,5647.1201171875,2025-07-03,1.017803,2249.0400390625,2025-07-03,,,2025-07-04,0.3758,2025-07-06,False
2025-07-08,0.312838,-0.78623,6229.97998046875,2025-07-07,-0.915388,20412.51953125,2025-07-07,-1.875645,5541.2001953125,2025-07-07,-1.547774,2214.22998046875,2025-07-07,8.60807,17.790000915527344,2025-07-07,0.913233,2025-07-07,True
2025-07-09,0.03544,-0.071589,6225.52001953125,2025-07-08,0.029107,20418.4609375,2025-07-08,1.805024,5641.22021484375,2025-07-08,0.655307,2228.739990234375,2025-07-08,-5.508721,16.809999465942383,2025-07-08,-0.315717,2025-07-08,True
2025-07-10,0.282686,0.60621,6263.259765625,2025-07-09,0.94463,20611.33984375,2025-07-09,0.43909,5665.990234375,2025-07-09,1.065625,2252.489990234375,2025-07-09,-5.17549,15.9399995803833,2025-07-09,0.197034,2025-07-09,True
2025-07-11,0.197674,0.274621,6280.4599609375,2025-07-10,0.093736,20630.66015625,2025-07-10,0.746375,5708.27978515625,2025-07-10,0.484793,2263.409912109375,2025-07-10,-1.003763,15.779999732971191,2025-07-10,-0.026219,2025-07-10,True
2025-07-14,-0.092969,-0.329752,6259.75,2025-07-11,-0.218756,20585.529296875,2025-07-11,-0.210041,5696.2900390625,2025-07-11,-1.262689,2234.830078125,2025-07-11,3.929023,16.399999618530273,2025-07-11,0.402875,2025-07-13,True
2025-07-15,-0.264824,0.140741,6268.56005859375,2025-07-14,0.26621,20640.330078125,2025-07-14,-0.870212,5646.72021484375,2025-07-14,0.666713,2249.72998046875,2025-07-14,4.878056,17.200000762939453,2025-07-14,0.278628,2025-07-14,True
2025-07-16,-0.217342,-0.39563,6243.759765625,2025-07-15,0.181541,20677.80078125,2025-07-15,1.273122,5718.60986328125,2025-07-15,-1.986013,2205.050048828125,2025-07-15,1.046502,17.3799991607666,2025-07-15,0.321267,2025-07-15,True
2025-07-17,0.334873,0.319366,6263.7001953125,2025-07-16,0.254812,20730.490234375,2025-07-16,-0.391702,5696.2099609375,2025-07-16,0.994986,2226.989990234375,2025-07-16,-1.265819,17.15999984741211,2025-07-16,-0.110347,2025-07-16,True
2025-07-18,0.19592,0.537377,6297.35986328125,2025-07-17,0.748464,20885.650390625,2025-07-17,0.727329,5737.64013671875,2025-07-17,1.198476,2253.679931640625,2025-07-17,-3.7296,16.520000457763672,2025-07-17,0.480888,2025-07-17,True
2025-07-21,-0.057683,-0.009049,6296.7900390625,2025-07-18,0.04788,20895.650390625,2025-07-18,-0.087493,5732.6201171875,2025-07-18,-0.60656,2240.010009765625,2025-07-18,-0.665863,16.40999984741211,2025-07-18,-0.07258,2025-07-20,True
2025-07-22,-0.068666,0.139913,6305.60009765625,2025-07-21,0.375816,20974.1796875,2025-07-21,0.118616,5739.419921875,2025-07-21,-0.396432,2231.1298828125,2025-07-21,1.462521,16.649999618530273,2025-07-21,-0.629238,2025-07-21,True
2025-07-23,0.696217,0.063753,6309.6201171875,2025-07-22,-0.388526,20892.689453125,2025-07-22,-1.754706,5638.7099609375,2025-07-22,0.790188,2248.760009765625,2025-07-22,-0.900899,16.5,2025-07-22,-0.147625,2025-07-22,True
2025-07-24,0.589664,0.781189,6358.91015625,2025-07-23,0.609448,21020.01953125,2025-07-23,-0.016314,5637.7900390625,2025-07-23,1.528392,2283.1298828125,2025-07-23,-6.848486,15.369999885559082,2025-07-23,-0.439205,2025-07-23,True
2025-07-25,-0.219907,0.069822,6363.35009765625,2025-07-24,0.180501,21057.9609375,2025-07-24,0.116714,5644.3701171875,2025-07-24,-1.357785,2252.1298828125,2025-07-24,0.130127,15.390000343322754,2025-07-24,-0.125205,2025-07-24,True
2025-07-28,0.923574,0.397433,6388.64013671875,2025-07-25,0.239146,21108.3203125,2025-07-25,0.026393,5645.85986328125,2025-07-25,0.396966,2261.070068359375,2025-07-25,-2.988954,14.930000305175781,2025-07-25,0.785716,2025-07-27,True
2025-07-29,-0.41346,0.017686,6389.77001953125,2025-07-28,0.332853,21178.580078125,2025-07-28,1.616056,5737.10009765625,2025-07-28,-0.191948,2256.72998046875,2025-07-28,0.669789,15.029999732971191,2025-07-28,0.398473,2025-07-28,True
2025-07-30,-0.422085,-0.295944,6370.85986328125,2025-07-29,-0.379114,21098.2890625,2025-07-29,0.046887,5739.7900390625,2025-07-29,-0.610176,2242.9599609375,2025-07-29,6.320691,15.979999542236328,2025-07-29,0.041054,2025-07-29,True
2025-07-31,0.783557,-0.124943,6362.89990234375,2025-07-30,0.148737,21129.669921875,2025-07-30,0.828075,5787.31982421875,2025-07-30,-0.470809,2232.39990234375,2025-07-30,-3.128911,15.479999542236328,2025-07-30,0.263528,2025-07-30,True
2025-08-01,-1.445646,-0.369482,6339.39013671875,2025-07-31,-0.034173,21122.44921875,2025-07-31,-3.099879,5607.919921875,2025-07-31,-0.929493,2211.64990234375,2025-07-31,8.010335,16.719999313354492,2025-07-31,-0.072531,2025-07-31,True
2025-08-04,-0.02373,-1.599213,6238.009765625,2025-08-01,-2.236097,20650.130859375,2025-08-01,-1.432083,5527.60986328125,2025-08-01,-2.028796,2166.780029296875,2025-08-01,21.889952,20.3799991607666,2025-08-01,-0.095576,2025-08-03,True
2025-08-05,1.1261,1.47371,6329.93994140625,2025-08-04,1.953737,21053.580078125,2025-08-04,1.751214,5624.41015625,2025-08-04,2.100814,2212.300048828125,2025-08-04,-14.03336,17.520000457763672,2025-08-04,-0.474046,2025-08-04,True
2025-08-06,-0.694364,-0.485787,6299.18994140625,2025-08-05,-0.65086,20916.55078125,2025-08-05,-1.115143,5561.68994140625,2025-08-05,0.604343,2225.669921875,2025-08-05,1.883561,17.850000381469727,2025-08-05,0.216104,2025-08-05,True
2025-08-07,0.729504,0.728191,6345.06005859375,2025-08-06,1.208943,21169.419921875,2025-08-06,-0.204796,5550.2998046875,2025-08-06,-0.196789,2221.2900390625,2025-08-06,-6.05042,16.770000457763672,2025-08-06,-0.157938,2025-08-06,True
2025-08-08,0.091848,-0.079748,6340.0,2025-08-07,0.346156,21242.69921875,2025-08-07,1.502629,5633.7001953125,2025-08-07,-0.295777,2214.719970703125,2025-08-07,-1.19261,16.56999969482422,2025-08-07,0.041893,2025-08-07,True
2025-08-11,0.138106,0.779972,6389.4501953125,2025-08-08,0.97596,21450.01953125,2025-08-08,0.786691,5678.02001953125,2025-08-08,0.167062,2218.419921875,2025-08-08,-8.569705,15.149999618530273,2025-08-08,0.205065,2025-08-10,True
2025-08-12,0.103555,-0.250413,6373.4501953125,2025-08-11,-0.301254,21385.400390625,2025-08-11,-0.134728,5670.3701171875,2025-08-11,-0.086093,2216.510009765625,2025-08-11,7.260729,16.25,2025-08-11,0.142669,2025-08-11,True
2025-08-13,0.969641,1.134544,6445.759765625,2025-08-12,1.38646,21681.900390625,2025-08-12,2.993098,5840.08984375,2025-08-12,2.989836,2282.780029296875,2025-08-12,-9.353849,14.729999542236328,2025-08-12,-0.482092,2025-08-12,True
2025-08-14,0.251371,0.323008,6466.580078125,2025-08-13,0.144084,21713.140625,2025-08-13,0.899302,5892.60986328125,2025-08-13,1.983548,2328.06005859375,2025-08-13,-1.629326,14.489999771118164,2025-08-13,-0.311616,2025-08-13,True
2025-08-18,-0.514639,-0.289714,6449.7998046875,2025-08-15,-0.4039,21622.98046875,2025-08-15,-2.255547,5752.740234375,2025-08-15,-0.546308,2286.52001953125,2025-08-15,1.753205,15.09000015258789,2025-08-15,0.007925,2025-08-17,True
2025-08-19,0.267069,-0.010076,6449.14990234375,2025-08-18,0.031397,21629.76953125,2025-08-18,0.409715,5776.31005859375,2025-08-18,0.347688,2294.469970703125,2025-08-18,-0.662693,14.989999771118164,2025-08-18,-0.077087,2025-08-18,True
2025-08-20,-0.900479,-0.58581,6411.3701171875,2025-08-19,-1.455495,21314.94921875,2025-08-19,-1.814312,5671.509765625,2025-08-19,-0.778387,2276.610107421875,2025-08-19,3.869246,15.569999694824219,2025-08-19,0.31941,2025-08-19,True
2025-08-21,0.235294,-0.243167,6395.77978515625,2025-08-20,-0.666621,21172.859375,2025-08-20,-0.717445,5630.81982421875,2025-08-20,-0.318896,2269.35009765625,2025-08-20,0.770712,15.6899995803833,2025-08-20,0.400338,2025-08-20,True
2025-08-22,0.645464,-0.400418,6370.169921875,2025-08-21,-0.34265,21100.310546875,2025-08-21,-0.48945,5603.259765625,2025-08-21,0.209311,2274.10009765625,2025-08-21,5.799878,16.600000381469727,2025-08-21,0.19328,2025-08-21,True
2025-08-25,0.872905,1.518644,6466.91015625,2025-08-22,1.877833,21496.5390625,2025-08-22,2.698433,5754.4599609375,2025-08-22,3.86306,2361.949951171875,2025-08-22,-14.33735,14.220000267028809,2025-08-22,-1.194616,2025-08-24,True
2025-08-26,-0.310452,-0.426639,6439.31982421875,2025-08-25,-0.219803,21449.2890625,2025-08-25,0.031972,5756.2998046875,2025-08-25,-0.964459,2339.169921875,2025-08-25,4.008437,14.789999961853027,2025-08-25,0.445446,2025-08-25,True
2025-08-27,0.104469,0.4134,6465.93994140625,2025-08-26,0.442814,21544.26953125,2025-08-26,0.896759,5807.919921875,2025-08-26,0.830644,2358.60009765625,2025-08-26,-1.149426,14.619999885559082,2025-08-26,0.352752,2025-08-26,True
2025-08-28,-0.49832,0.239098,6481.39990234375,2025-08-27,0.212916,21590.140625,2025-08-27,0.287365,5824.60986328125,2025-08-27,0.644448,2373.800048828125,2025-08-27,1.573191,14.850000381469727,2025-08-27,-0.086083,2025-08-27,True
2025-08-29,0.299781,0.315672,6501.85986328125,2025-08-28,0.532741,21705.16015625,2025-08-28,0.488272,5853.0498046875,2025-08-28,0.194198,2378.409912109375,2025-08-28,-2.828283,14.430000305175781,2025-08-28,-0.598813,2025-08-28,True
2025-09-01,-0.902778,-0.639818,6460.259765625,2025-08-29,-1.15,21455.55078125,2025-08-29,-3.145537,5668.93994140625,2025-08-29,-0.504118,2366.419921875,2025-08-29,6.444902,15.359999656677246,2025-08-29,0.319987,2025-08-31,True
2025-09-02,0.235433,-0.639818,6460.259765625,2025-08-29,-1.15,21455.55078125,2025-08-29,-3.145537,5668.93994140625,2025-08-29,-0.504118,2366.419921875,2025-08-29,,,2025-09-01,0.295209,2025-09-01,False
2025-09-03,0.023296,-0.692228,6415.5400390625,2025-09-02,-0.819927,21279.630859375,2025-09-02,-1.119786,5605.4599609375,2025-09-02,-0.600483,2352.2099609375,2025-09-02,11.783857,17.170000076293945,2025-09-02,0.117019,2025-09-02,True
2025-09-04,-0.046361,0.510007,6448.259765625,2025-09-03,1.024922,21497.73046875,2025-09-03,-0.225497,5592.81982421875,2025-09-03,-0.095229,2349.969970703125,2025-09-03,-4.77577,16.350000381469727,2025-09-03,-0.354227,2025-09-03,True
2025-09-05,0.311778,0.834649,6502.080078125,2025-09-04,0.976657,21707.689453125,2025-09-04,1.341721,5667.85986328125,2025-09-04,1.261299,2379.610107421875,2025-09-04,-6.422019,15.300000190734863,2025-09-04,0.174871,2025-09-04,True
2025-09-08,0.230017,-0.316515,6481.5,2025-09-05,-0.033623,21700.390625,2025-09-05,1.650359,5761.39990234375,2025-09-05,0.480749,2391.050048828125,2025-09-05,-0.784313,15.180000305175781,2025-09-05,-0.470529,2025-09-07,True
2025-09-09,0.286402,0.210598,6495.14990234375,2025-09-08,0.453027,21798.69921875,2025-09-08,0.836775,5809.60986328125,2025-09-08,0.160592,2394.889892578125,2025-09-08,-0.461137,15.109999656677246,2025-09-08,0.015154,2025-09-08,True
2025-09-10,0.361664,0.268815,6512.60986328125,2025-09-09,0.370623,21879.490234375,2025-09-09,0.175919,5819.830078125,2025-09-09,-0.545738,2381.820068359375,2025-09-09,-0.463267,15.039999961853027,2025-09-09,0.110414,2025-09-09,True
2025-09-11,0.597742,0.298347,6532.0400390625,2025-09-10,0.03003,21886.060546875,2025-09-10,2.375667,5958.08984375,2025-09-10,-0.159964,2378.010009765625,2025-09-10,2.061173,15.350000381469727,2025-09-10,-0.003608,2025-09-10,True
2025-09-12,1.143737,0.848589,6587.47021484375,2025-09-11,0.717396,22043.0703125,2025-09-11,0.626044,5995.39013671875,2025-09-11,1.830102,2421.530029296875,2025-09-11,-4.169383,14.710000038146973,2025-09-11,0.165805,2025-09-11,True
2025-09-15,0.732996,-0.048276,6584.2900390625,2025-09-12,0.444717,22141.099609375,2025-09-12,0.105916,6001.740234375,2025-09-12,-1.010517,2397.06005859375,2025-09-12,0.339906,14.760000228881836,2025-09-12,0.302263,2025-09-14,True
2025-09-16,0.203601,0.470662,6615.27978515625,2025-09-15,0.93785,22348.75,2025-09-15,0.967883,6059.830078125,2025-09-15,0.336655,2405.1298828125,2025-09-15,6.300809,15.6899995803833,2025-09-15,-0.623516,2025-09-15,True
2025-09-17,-0.590468,-0.128793,6606.759765625,2025-09-16,-0.066174,22333.9609375,2025-09-16,0.319978,6079.22021484375,2025-09-16,-0.087307,2403.030029296875,2025-09-16,4.270242,16.360000610351562,2025-09-16,-0.532126,2025-09-16,True
2025-09-18,0.704526,-0.097017,6600.35009765625,2025-09-17,-0.325204,22261.330078125,2025-09-17,-0.31254,6060.22021484375,2025-09-17,0.179359,2407.340087890625,2025-09-17,-3.911982,15.720000267028809,2025-09-17,0.076212,2025-09-17,True
2025-09-19,0.167856,0.478912,6631.9599609375,2025-09-18,0.940602,22470.720703125,2025-09-18,3.596238,6278.16015625,2025-09-18,2.507326,2467.699951171875,2025-09-18,-0.127229,15.699999809265137,2025-09-18,0.584617,2025-09-18,True
2025-09-22,0.58966,0.488542,6664.35986328125,2025-09-19,0.715419,22631.48046875,2025-09-19,-0.731268,6232.25,2025-09-19,-0.767108,2448.77001953125,2025-09-19,-1.592357,15.449999809265137,2025-09-19,0.683611,2025-09-21,True
2025-09-23,0.750782,0.441005,6693.75,2025-09-22,0.695933,22788.98046875,2025-09-22,1.570382,6330.1201171875,2025-09-22,0.594995,2463.340087890625,2025-09-22,4.207123,16.100000381469727,2025-09-22,-0.489888,2025-09-22,True
2025-09-24,0.103445,-0.550216,6656.919921875,2025-09-23,-0.945675,22573.470703125,2025-09-23,-0.346125,6308.2099609375,2025-09-23,-0.236674,2457.510009765625,2025-09-23,3.354031,16.639999389648438,2025-09-23,0.177053,2025-09-23,True
2025-09-25,-0.570717,-0.284662,6637.97021484375,2025-09-24,-0.334957,22497.859375,2025-09-24,-0.177704,6297.0,2025-09-24,-0.916783,2434.97998046875,2025-09-24,-2.764418,16.18000030517578,2025-09-24,0.847796,2025-09-24,True
2025-09-26,-1.037344,-0.500906,6604.72021484375,2025-09-25,-0.502982,22384.69921875,2025-09-25,-0.195809,6284.669921875,2025-09-25,-0.983168,2411.0400390625,2025-09-25,3.46106,16.739999771118164,2025-09-25,0.375451,2025-09-25,True
2025-09-29,0.669572,0.590184,6643.7001953125,2025-09-26,0.443924,22484.0703125,2025-09-26,0.324279,6305.0498046875,2025-09-26,0.96556,2434.320068359375,2025-09-26,-8.661887,15.289999961853027,2025-09-26,-0.014911,2025-09-28,True
2025-09-30,-0.041872,0.263554,6661.2099609375,2025-09-29,0.476249,22591.150390625,2025-09-29,0.159556,6315.10986328125,2025-09-29,0.038201,2435.25,2025-09-29,5.42839,16.1200008392334,2025-09-29,-0.665858,2025-09-29,True
2025-10-01,0.440852,0.409085,6688.4599609375,2025-09-30,0.304807,22660.009765625,2025-09-30,0.866334,6369.81982421875,2025-09-30,0.050507,2436.47998046875,2025-09-30,0.992555,16.280000686645508,2025-09-30,0.272993,2025-09-30,True
2025-10-02,2.430664,0.339992,6711.2001953125,2025-10-01,0.419904,22755.16015625,2025-10-01,2.048095,6500.27978515625,2025-10-01,0.240926,2442.35009765625,2025-10-01,0.061426,16.290000915527344,2025-10-01,-0.094792,2025-10-01,True
2025-10-10,1.876135,-0.275557,6735.10986328125,2025-10-09,-0.081368,23024.630859375,2025-10-09,-0.291537,6840.2001953125,2025-10-09,-0.609499,2468.85009765625,2025-10-09,0.797553,16.43000030517578,2025-10-09,-0.071001,2025-10-09,True
2025-10-13,-2.065709,-2.711167,6552.509765625,2025-10-10,-3.562277,22204.4296875,2025-10-10,-6.324378,6407.60009765625,2025-10-10,-3.007878,2394.590087890625,2025-10-10,31.832011,21.65999984741211,2025-10-10,0.529016,2025-10-12,True
2025-10-14,0.496376,1.559867,6654.72021484375,2025-10-13,2.207576,22694.609375,2025-10-13,4.929617,6723.47021484375,2025-10-13,2.790867,2461.419921875,2025-10-13,-12.142194,19.030000686645508,2025-10-13,-0.207139,2025-10-13,True
2025-10-15,0.491425,-0.156433,6644.31005859375,2025-10-14,-0.7619,22521.69921875,2025-10-14,-2.277695,6570.330078125,2025-10-14,1.38457,2495.5,2025-10-14,9.353645,20.809999465942383,2025-10-14,0.23562,2025-10-14,True
2025-10-16,0.156128,0.4026,6671.06005859375,2025-10-15,0.658835,22670.080078125,2025-10-15,2.994218,6767.06005859375,2025-10-15,0.971749,2519.75,2025-10-15,-0.816915,20.639999389648438,2025-10-15,-0.653413,2025-10-15,True
2025-10-17,-0.427879,-0.629439,6629.06982421875,2025-10-16,-0.474374,22562.5390625,2025-10-16,0.487065,6800.02001953125,2025-10-16,-2.092667,2467.02001953125,2025-10-16,22.62597,25.309999465942383,2025-10-16,-0.307727,2025-10-16,True
2025-10-20,0.862805,0.527072,6664.009765625,2025-10-17,0.520472,22679.970703125,2025-10-17,-0.324117,6777.97998046875,2025-10-17,-0.601945,2452.169921875,2025-10-17,-17.89806,20.780000686645508,2025-10-17,0.283956,2025-10-19,True
2025-10-21,0.903166,1.067227,6735.1298828125,2025-10-20,1.369351,22990.5390625,2025-10-20,1.579376,6885.02978515625,2025-10-20,1.946847,2499.909912109375,2025-10-20,-12.27142,18.229999542236328,2025-10-20,0.0,2025-10-20,True
2025-10-22,-0.315897,0.00327,6735.35009765625,2025-10-21,-0.160367,22953.669921875,2025-10-21,-0.664627,6839.27001953125,2025-10-21,-0.488816,2487.68994140625,2025-10-21,-1.97476,17.8700008392334,2025-10-21,0.77479,2025-10-21,True
2025-10-23,-1.4791,-0.533754,6699.39990234375,2025-10-22,-0.92913,22740.400390625,2025-10-22,-2.36429,6677.56982421875,2025-10-22,-1.452749,2451.550048828125,2025-10-22,4.085056,18.600000381469727,2025-10-22,-0.023762,2025-10-22,True
2025-10-24,1.309192,0.582739,6738.43994140625,2025-10-23,0.88565,22941.80078125,2025-10-23,2.543145,6847.39013671875,2025-10-23,1.268987,2482.659912109375,2025-10-23,-6.989253,17.299999237060547,2025-10-23,0.380309,2025-10-23,True
2025-10-27,1.628812,0.790242,6791.68994140625,2025-10-24,1.146677,23204.869140625,2025-10-24,1.891959,6976.93994140625,2025-10-24,1.24101,2513.469970703125,2025-10-24,-5.375714,16.3700008392334,2025-10-24,0.380309,2025-10-23,True
2025-10-28,-0.766182,1.229005,6875.16015625,2025-10-27,1.864229,23637.4609375,2025-10-27,2.738164,7167.97998046875,2025-10-27,0.277305,2520.43994140625,2025-10-27,-3.543072,15.789999961853027,2025-10-27,0.0787,2025-10-27,True
2025-10-29,1.22754,0.228794,6890.89013671875,2025-10-28,0.803933,23827.490234375,2025-10-28,0.372908,7194.7099609375,2025-10-28,-0.547128,2506.64990234375,2025-10-28,3.989868,16.420000076293945,2025-10-28,-0.417545,2025-10-28,True
2025-10-30,0.775464,-0.004358,6890.58984375,2025-10-29,0.549703,23958.470703125,2025-10-29,1.851641,7327.93017578125,2025-10-29,-0.871276,2484.81005859375,2025-10-29,3.045067,16.920000076293945,2025-10-29,-0.349413,2025-10-29,True
2025-10-31,0.269823,-0.990481,6822.33984375,2025-10-30,-1.574934,23581.140625,2025-10-30,-1.527446,7216.0,2025-10-30,-0.759016,2465.949951171875,2025-10-30,-0.059103,16.90999984741211,2025-10-30,-0.137448,2025-10-30,True
2025-11-03,0.240777,0.261792,6840.2001953125,2025-10-31,0.609895,23724.9609375,2025-10-31,0.175446,7228.66015625,2025-10-31,0.544615,2479.3798828125,2025-10-31,3.134244,17.440000534057617,2025-10-31,0.000703,2025-10-31,True
2025-11-04,-0.016686,0.172071,6851.97021484375,2025-11-03,0.462634,23834.720703125,2025-11-03,0.58531,7270.97021484375,2025-11-03,-0.328304,2471.239990234375,2025-11-03,-1.548168,17.170000076293945,2025-11-03,0.221206,2025-11-03,True
2025-11-05,-1.896019,-1.173683,6771.5498046875,2025-11-04,-2.039378,23348.640625,2025-11-04,-4.007724,6979.56982421875,2025-11-04,-1.776432,2427.340087890625,2025-11-04,10.658124,19.0,2025-11-04,0.126119,2025-11-04,True
2025-11-06,2.408894,0.365356,6796.2900390625,2025-11-05,0.647405,23499.80078125,2025-11-05,3.018813,7190.27001953125,2025-11-05,1.542427,2464.780029296875,2025-11-05,-5.210525,18.010000228881836,2025-11-05,0.758595,2025-11-05,True
2025-11-07,-1.80781,-1.117819,6720.31982421875,2025-11-06,-1.897082,23053.990234375,2025-11-06,-2.390451,7018.39013671875,2025-11-06,-1.864668,2418.820068359375,2025-11-06,8.27318,19.5,2025-11-06,-0.004867,2025-11-06,True
2025-11-10,1.00992,0.126184,6728.7998046875,2025-11-07,-0.214502,23004.5390625,2025-11-07,-1.012059,6947.35986328125,2025-11-07,0.578795,2432.820068359375,2025-11-07,-2.153847,19.079999923706055,2025-11-07,0.566771,2025-11-07,True
2025-11-11,1.378892,1.540102,6832.43017578125,2025-11-10,2.27186,23527.169921875,2025-11-10,3.016834,7156.9501953125,2025-11-10,0.93841,2455.64990234375,2025-11-10,-7.756811,17.600000381469727,2025-11-10,0.421298,2025-11-10,True
2025-11-12,-0.085918,0.207535,6846.60986328125,2025-11-11,-0.250218,23468.30078125,2025-11-11,-2.476614,6979.7001953125,2025-11-11,0.107105,2458.280029296875,2025-11-11,-1.81818,17.280000686645508,2025-11-11,0.143739,2025-11-11,True
2025-11-13,-0.697279,0.062952,6850.919921875,2025-11-12,-0.263504,23406.4609375,2025-11-12,1.467537,7082.1298828125,2025-11-12,-0.304277,2450.800048828125,2025-11-12,1.331016,17.510000228881836,2025-11-12,0.257539,2025-11-12,True
2025-11-14,-2.971051,-1.655685,6737.490234375,2025-11-13,-2.2904,22870.359375,2025-11-13,-3.719074,6818.740234375,2025-11-13,-2.767262,2382.97998046875,2025-11-13,14.220444,20.0,2025-11-13,0.560339,2025-11-13,True
2025-11-17,1.574942,-0.050173,6734.10986328125,2025-11-14,0.132182,22900.58984375,2025-11-14,-0.110578,6811.2001953125,2025-11-14,0.220312,2388.22998046875,2025-11-14,-0.85,19.829999923706055,2025-11-14,0.046998,2025-11-14,True
2025-11-18,-1.273499,-0.916227,6672.41015625,2025-11-17,-0.840675,22708.0703125,2025-11-17,-1.548332,6705.740234375,2025-11-17,-1.961708,2341.3798828125,2025-11-17,12.8593,22.3799991607666,2025-11-17,-1.510164,2025-11-17,True
2025-11-19,0.224014,-0.825644,6617.31982421875,2025-11-18,-1.211995,22432.849609375,2025-11-18,-2.307135,6551.02978515625,2025-11-18,0.314349,2348.739990234375,2025-11-18,10.321722,24.690000534057617,2025-11-18,1.048019,2025-11-18,True
2025-11-20,2.92366,0.375384,6642.16015625,2025-11-19,0.585663,22564.23046875,2025-11-19,1.816508,6670.02978515625,2025-11-19,-0.036194,2347.889892578125,2025-11-19,-4.171732,23.65999984741211,2025-11-19,-0.35164,2025-11-19,True
2025-11-21,-4.266784,-1.556728,6538.759765625,2025-11-20,-2.154648,22078.05078125,2025-11-20,-4.766995,6352.06982421875,2025-11-20,-1.822052,2305.110107421875,2025-11-20,11.665259,26.420000076293945,2025-11-20,0.657716,2025-11-20,True
2025-11-24,1.798064,0.982304,6602.990234375,2025-11-21,0.883363,22273.080078125,2025-11-21,0.85579,6406.43017578125,2025-11-21,2.797262,2369.590087890625,2025-11-21,-11.317183,23.43000030517578,2025-11-21,0.485632,2025-11-21,True
2025-11-25,2.831581,1.546722,6705.1201171875,2025-11-24,2.689029,22872.009765625,2025-11-24,4.632377,6703.2001953125,2025-11-24,1.885978,2414.280029296875,2025-11-24,-12.419974,20.520000457763672,2025-11-24,-0.374683,2025-11-24,True
2025-11-26,0.869884,0.90617,6765.8798828125,2025-11-25,0.671476,23025.58984375,2025-11-25,0.163802,6714.18017578125,2025-11-25,2.141423,2465.97998046875,2025-11-25,-9.551662,18.559999465942383,2025-11-25,0.485785,2025-11-25,True
2025-11-27,0.909415,0.690671,6812.60986328125,2025-11-26,0.821258,23214.689453125,2025-11-26,2.75953,6899.4599609375,2025-11-26,0.816719,2486.1201171875,2025-11-26,-7.38146,17.190000534057617,2025-11-26,-0.673958,2025-11-26,True
2025-11-28,0.469234,0.690671,6812.60986328125,2025-11-26,0.821258,23214.689453125,2025-11-26,2.75953,6899.4599609375,2025-11-26,0.816719,2486.1201171875,2025-11-26,,,2025-11-27,0.387047,2025-11-27,False
2025-12-01,1.006289,0.535477,6849.08984375,2025-11-28,0.65045,23365.689453125,2025-11-28,1.821736,7025.14990234375,2025-11-28,0.575588,2500.429931640625,2025-11-28,-4.886563,16.350000381469727,2025-11-28,-0.624915,2025-11-28,True
2025-12-02,0.62978,-0.532333,6812.6298828125,2025-12-01,-0.384194,23275.919921875,2025-12-01,-0.065765,7020.52978515625,2025-12-01,-1.251787,2469.1298828125,2025-12-01,5.443421,17.239999771118164,2025-12-01,0.288762,2025-12-01,True
2025-12-03,0.388178,0.245724,6829.3701171875,2025-12-02,0.591813,23413.669921875,2025-12-02,1.83662,7149.47021484375,2025-12-02,-0.168071,2464.97998046875,2025-12-02,-3.770299,16.59000015258789,2025-12-02,0.310452,2025-12-02,True
2025-12-04,-0.506152,0.297979,6849.72021484375,2025-12-03,0.172634,23454.08984375,2025-12-03,1.832857,7280.509765625,2025-12-03,1.913197,2512.139892578125,2025-12-03,-3.074142,16.079999923706055,2025-12-03,-0.191138,2025-12-03,True
2025-12-05,-0.23622,0.108032,6857.1201171875,2025-12-04,0.217663,23505.140625,2025-12-04,-0.88647,7215.97021484375,2025-12-04,0.757124,2531.159912109375,2025-12-04,-1.865673,15.779999732971191,2025-12-04,-0.158786,2025-12-04,True
2025-12-08,0.369162,0.193664,6870.39990234375,2025-12-05,0.310529,23578.130859375,2025-12-05,1.092987,7294.83984375,2025-12-05,-0.382431,2521.47998046875,2025-12-05,-2.344739,15.40999984741211,2025-12-05,0.501695,2025-12-05,True
2025-12-09,-0.423585,-0.347726,6846.509765625,2025-12-08,-0.136696,23545.900390625,2025-12-08,1.10188,7375.22021484375,2025-12-08,-0.01983,2520.97998046875,2025-12-08,8.111616,16.65999984741211,2025-12-08,-0.038709,2025-12-08,True
2025-12-10,0.246998,-0.087636,6840.509765625,2025-12-09,0.129916,23576.490234375,2025-12-09,-0.036751,7372.509765625,2025-12-09,0.208649,2526.239990234375,2025-12-09,1.620651,16.93000030517578,2025-12-09,-0.224217,2025-12-09,True
2025-12-11,0.596455,0.674956,6886.68017578125,2025-12-10,0.329397,23654.150390625,2025-12-10,1.288306,7467.490234375,2025-12-10,1.32094,2559.610107421875,2025-12-10,-6.851741,15.770000457763672,2025-12-10,-0.039493,2025-12-10,True
2025-12-12,0.498282,0.207935,6901.0,2025-12-11,-0.254886,23593.859375,2025-12-11,-0.750055,7411.47998046875,2025-12-11,1.211122,2590.610107421875,2025-12-11,-5.833862,14.850000381469727,2025-12-11,0.075616,2025-12-11,True
2025-12-15,-2.423934,-1.066365,6827.41015625,2025-12-12,-1.689802,23195.169921875,2025-12-12,-5.098984,7033.56982421875,2025-12-12,-1.511233,2551.4599609375,2025-12-12,5.993262,15.739999771118164,2025-12-12,0.123205,2025-12-12,True
2025-12-16,-0.138756,-0.159656,6816.509765625,2025-12-15,-0.593916,23057.41015625,2025-12-15,-0.613624,6990.41015625,2025-12-15,-0.814829,2530.669921875,2025-12-15,4.828464,16.5,2025-12-15,0.140059,2025-12-15,True
2025-12-17,0.407801,-0.238392,6800.259765625,2025-12-16,0.234418,23111.4609375,2025-12-16,-0.457344,6958.43994140625,2025-12-16,-0.449283,2519.300048828125,2025-12-16,-0.121215,16.479999542236328,2025-12-16,-0.368662,2025-12-16,True
2025-12-18,-1.591581,-1.159214,6721.43017578125,2025-12-17,-1.809235,22693.3203125,2025-12-17,-3.781449,6695.31005859375,2025-12-17,-1.071726,2492.300048828125,2025-12-17,6.917484,17.6200008392334,2025-12-17,0.290294,2025-12-17,True
2025-12-19,1.469553,0.793426,6774.759765625,2025-12-18,1.379433,23006.359375,2025-12-18,2.513996,6863.6298828125,2025-12-18,0.624727,2507.8701171875,2025-12-18,-4.256526,16.8700008392334,2025-12-18,0.15356,2025-12-18,True
2025-12-22,2.135854,0.881806,6834.5,2025-12-19,1.309463,23307.619140625,2025-12-19,2.975688,7067.8701171875,2025-12-19,0.859686,2529.429931640625,2025-12-19,-11.618263,14.90999984741211,2025-12-19,0.024422,2025-12-19,True
2025-12-23,0.496363,0.64365,6878.490234375,2025-12-22,0.520049,23428.830078125,2025-12-22,1.099337,7145.56982421875,2025-12-22,1.160344,2558.780029296875,2025-12-22,-5.566733,14.079999923706055,2025-12-22,-0.04341,2025-12-22,True
2025-12-24,0.554655,0.455039,6909.7900390625,2025-12-23,0.567718,23561.83984375,2025-12-23,0.545376,7184.5400390625,2025-12-23,-0.690169,2541.1201171875,2025-12-23,-0.568181,14.0,2025-12-23,0.211709,2025-12-23,True
2025-12-26,0.409486,0.322148,6932.0498046875,2025-12-24,0.218449,23613.310546875,2025-12-24,0.27601,7204.3701171875,2025-12-24,0.273893,2548.080078125,2025-12-24,,,2025-12-25,,2025-12-25,False
2025-12-29,0.896633,-0.030436,6929.93994140625,2025-12-26,-0.085591,23593.099609375,2025-12-26,0.045389,7207.64013671875,2025-12-26,-0.538836,2534.35009765625,2025-12-26,0.965108,13.600000381469727,2025-12-26,-2.174253,2025-12-26,True
2025-12-30,-0.43643,-0.349205,6905.740234375,2025-12-29,-0.503325,23474.349609375,2025-12-29,-0.407486,7178.27001953125,2025-12-29,-0.574114,2519.800048828125,2025-12-29,4.41176,14.199999809265137,2025-12-29,-0.358797,2025-12-29,True
2026-01-02,0.032843,-0.735767,6845.5,2025-12-31,-0.756178,23241.990234375,2025-12-31,-1.199177,7083.1298828125,2025-12-31,-0.747031,2481.909912109375,2025-12-31,,,2026-01-01,,2026-01-01,False
2026-01-05,1.899138,0.189471,6858.47021484375,2026-01-02,-0.027362,23235.630859375,2026-01-02,4.014332,7367.47021484375,2026-01-02,1.060073,2508.219970703125,2026-01-02,-2.943141,14.510000228881836,2026-01-02,0.398494,2026-01-02,True
2026-01-06,-0.299815,0.635413,6902.0498046875,2026-01-05,0.689413,23395.8203125,2026-01-05,1.072009,7446.4501953125,2026-01-05,1.582794,2547.919921875,2026-01-05,2.687797,14.899999618530273,2026-01-05,-0.218894,2026-01-05,True
2026-01-07,1.22338,0.619671,6944.81982421875,2026-01-06,0.646909,23547.169921875,2026-01-06,2.746006,7650.93017578125,2026-01-06,1.372884,2582.89990234375,2026-01-06,-1.006709,14.75,2026-01-06,0.352666,2026-01-06,True
2026-01-08,-0.67446,-0.343992,6920.93017578125,2026-01-07,0.157596,23584.279296875,2026-01-07,-0.994128,7574.8701171875,2026-01-07,-0.289596,2575.419921875,2026-01-07,4.271187,15.380000114440918,2026-01-07,-0.041513,2026-01-07,True
2026-01-09,-0.427799,0.007655,6921.4599609375,2026-01-08,-0.442073,23480.01953125,2026-01-08,-1.831979,7436.10009765625,2026-01-08,1.106227,2603.909912109375,2026-01-08,0.455135,15.449999809265137,2026-01-08,0.081667,2026-01-08,True
2026-01-12,1.2727,0.647549,6966.27978515625,2026-01-09,0.814863,23671.349609375,2026-01-09,2.725618,7638.77978515625,2026-01-09,0.779983,2624.219970703125,2026-01-09,-6.213593,14.489999771118164,2026-01-09,0.272445,2026-01-09,True
2026-01-13,0.798698,0.157763,6977.27001953125,2026-01-12,0.264247,23733.900390625,2026-01-12,0.472066,7674.83984375,2026-01-12,0.437081,2635.68994140625,2026-01-12,4.347827,15.119999885559082,2026-01-12,0.355845,2026-01-12,True
2026-01-14,-0.204484,-0.193912,6963.740234375,2026-01-13,-0.101253,23709.869140625,2026-01-13,0.953119,7747.990234375,2026-01-13,-0.097881,2633.110107421875,2026-01-13,5.687828,15.979999542236328,2026-01-13,0.665874,2026-01-13,True
2026-01-15,-0.348635,-0.533336,6926.60009765625,2026-01-14,-1.004304,23471.75,2026-01-14,-0.600414,7701.47021484375,2026-01-14,0.703722,2651.639892578125,2026-01-14,4.818526,16.75,2026-01-14,0.551559,2026-01-14,True
2026-01-16,0.328501,0.257993,6944.47021484375,2026-01-15,0.248254,23530.01953125,2026-01-15,1.763684,7837.2998046875,2026-01-15,0.864377,2674.56005859375,2026-01-15,-5.432835,15.84000015258789,2026-01-15,-0.686349,2026-01-15,True
2026-01-19,-0.261466,-0.06423,6940.009765625,2026-01-16,-0.062171,23515.390625,2026-01-16,1.149763,7927.41015625,2026-01-16,0.118896,2677.739990234375,2026-01-16,0.126259,15.859999656677246,2026-01-16,0.406039,2026-01-16,True
2026-01-20,-0.208972,-0.06423,6940.009765625,2026-01-16,-0.062171,23515.390625,2026-01-16,1.149763,7927.41015625,2026-01-16,0.118896,2677.739990234375,2026-01-16,,,2026-01-19,0.186541,2026-01-19,False
2026-01-21,-1.812052,-2.062676,6796.85986328125,2026-01-20,-2.385971,22954.3203125,2026-01-20,-1.680501,7794.18994140625,2026-01-20,-1.209224,2645.360107421875,2026-01-20,26.670874,20.09000015258789,2026-01-20,-0.004073,2026-01-20,True
2026-01-22,1.923211,1.158774,6875.6201171875,2026-01-21,1.178427,23224.8203125,2026-01-21,3.180316,8042.06982421875,2026-01-21,1.996319,2698.169921875,2026-01-21,-15.878549,16.899999618530273,2026-01-21,0.425411,2026-01-21,True
2026-01-23,0.654901,0.54875,6913.35009765625,2026-01-22,0.909369,23436.01953125,2026-01-22,0.162895,8055.169921875,2026-01-22,0.763484,2718.77001953125,2026-01-22,-7.455617,15.640000343322754,2026-01-22,-0.876319,2026-01-22,True
2026-01-26,0.15748,0.032687,6915.60986328125,2026-01-23,0.278293,23501.240234375,2026-01-23,-1.207172,7957.93017578125,2026-01-23,-1.824726,2669.159912109375,2026-01-23,2.877237,16.09000015258789,2026-01-23,-0.107176,2026-01-23,True
2026-01-27,-0.325012,0.500608,6950.22998046875,2026-01-26,0.426016,23601.359375,2026-01-26,-0.388168,7927.0400390625,2026-01-26,-0.355542,2659.669921875,2026-01-26,0.372899,16.149999618530273,2026-01-26,-1.26088,2026-01-26,True
2026-01-28,1.170177,0.40819,6978.60009765625,2026-01-27,0.914101,23817.099609375,2026-01-27,2.398627,8117.18017578125,2026-01-27,0.26432,2666.699951171875,2026-01-27,1.238395,16.350000381469727,2026-01-27,-0.265092,2026-01-27,True
2026-01-29,1.339022,-0.008172,6978.02978515625,2026-01-28,0.169414,23857.44921875,2026-01-28,2.335294,8306.740234375,2026-01-28,-0.493115,2653.550048828125,2026-01-28,0.0,16.350000381469727,2026-01-28,-0.587792,2026-01-28,True
2026-01-30,-0.713961,-0.129263,6969.009765625,2026-01-29,-0.722332,23685.119140625,2026-01-29,0.164317,8320.3896484375,2026-01-29,0.046352,2654.780029296875,2026-01-29,3.241583,16.8799991607666,2026-01-29,-0.226176,2026-01-29,True
2026-02-02,-2.102063,-0.43019,6939.02978515625,2026-01-30,-0.942781,23461.8203125,2026-01-30,-3.869043,7998.47021484375,2026-01-30,-1.545892,2613.739990234375,2026-01-30,3.317544,17.440000534057617,2026-01-30,-0.035683,2026-01-30,True
2026-02-03,3.782669,0.539127,6976.43994140625,2026-02-02,0.555324,23592.109375,2026-02-02,1.700575,8134.490234375,2026-02-02,1.015405,2640.280029296875,2026-02-02,-6.307341,16.34000015258789,2026-02-02,1.402618,2026-02-02,True
2026-02-04,-0.836633,-0.840398,6917.81005859375,2026-02-03,-1.428104,23255.189453125,2026-02-03,-2.067249,7966.330078125,2026-02-03,0.31133,2648.5,2026-02-03,10.159118,18.0,2026-02-03,0.258144,2026-02-03,True
2026-02-05,-2.815393,-0.507239,6882.72021484375,2026-02-04,-1.507661,22904.580078125,2026-02-04,-4.357966,7619.16015625,2026-02-04,-0.904284,2624.550048828125,2026-02-04,3.555552,18.639999389648438,2026-02-04,-0.40343,2026-02-04,True
2026-02-06,-3.104855,-1.225102,6798.39990234375,2026-02-05,-1.589159,22540.58984375,2026-02-05,-0.059324,7614.64013671875,2026-02-05,-1.786979,2577.64990234375,2026-02-05,16.791852,21.770000457763672,2026-02-05,0.928328,2026-02-05,True
2026-02-09,4.215706,1.96958,6932.2998046875,2026-02-06,2.176612,23031.2109375,2026-02-06,5.699284,8048.6201171875,2026-02-06,3.595918,2670.340087890625,2026-02-06,-6.430866,20.3700008392334,2026-02-06,0.723923,2026-02-06,True
2026-02-10,1.225428,0.469109,6964.81982421875,2026-02-09,0.900773,23238.669921875,2026-02-09,1.415894,8162.580078125,2026-02-09,0.700658,2689.050048828125,2026-02-09,-14.776633,17.360000610351562,2026-02-09,-0.563007,2026-02-09,True
2026-02-11,-0.267738,-0.330371,6941.81005859375,2026-02-10,-0.586089,23102.470703125,2026-02-10,-0.679322,8107.1298828125,2026-02-10,-0.345104,2679.77001953125,2026-02-10,2.47696,17.790000915527344,2026-02-10,-0.263949,2026-02-10,True
2026-02-12,1.45358,-0.004896,6941.47021484375,2026-02-11,-0.155827,23066.470703125,2026-02-11,2.278617,8291.8603515625,2026-02-11,-0.384363,2669.469970703125,2026-02-11,-0.786966,17.649999618530273,2026-02-11,-0.220089,2026-02-11,True
2026-02-13,-0.231778,-1.566101,6832.759765625,2026-02-12,-2.034643,22597.150390625,2026-02-12,-2.498356,8084.7001953125,2026-02-12,-2.009384,2615.830078125,2026-02-12,17.960341,20.81999969482422,2026-02-12,-0.765463,2026-02-12,True
2026-02-19,2.504276,0.556607,6881.31005859375,2026-02-18,0.776185,22753.630859375,2026-02-18,0.962381,8214.349609375,2026-02-18,0.45417,2658.610107421875,2026-02-18,-3.302119,19.6200008392334,2026-02-18,-0.018053,2026-02-18,True
2026-02-20,0.21922,-0.282213,6861.89013671875,2026-02-19,-0.3116,22682.73046875,2026-02-19,-0.499733,8173.2998046875,2026-02-19,0.243736,2665.090087890625,2026-02-19,3.109066,20.229999542236328,2026-02-19,0.013199,2026-02-19,True
2026-02-23,1.998841,0.693972,6909.509765625,2026-02-20,0.896452,22886.0703125,2026-02-20,1.065911,8260.419921875,2026-02-20,-0.049156,2663.780029296875,2026-02-20,-5.635192,19.09000015258789,2026-02-20,0.527022,2026-02-20,True
2026-02-24,0.097769,-1.038565,6837.75,2026-02-23,-1.130822,22627.26953125,2026-02-23,-0.568494,8213.4599609375,2026-02-23,-1.606365,2620.989990234375,2026-02-23,10.057622,21.010000228881836,2026-02-23,-0.297707,2026-02-23,True
2026-02-25,0.869956,0.765161,6890.06982421875,2026-02-24,1.044802,22863.6796875,2026-02-24,1.447379,8332.33984375,2026-02-24,1.195735,2652.330078125,2026-02-24,-6.949077,19.549999237060547,2026-02-24,-0.085905,2026-02-24,True
2026-02-26,0.731654,0.813636,6946.1298828125,2026-02-25,1.261391,23152.080078125,2026-02-25,1.621271,8467.4296875,2026-02-25,0.41473,2663.330078125,2026-02-25,-8.28644,17.93000030517578,2026-02-25,-0.153235,2026-02-25,True
2026-02-27,-2.141542,-0.536558,6908.85986328125,2026-02-26,-1.18218,22878.380859375,2026-02-26,-3.190696,8197.259765625,2026-02-26,0.524154,2677.2900390625,2026-02-26,3.904065,18.6299991607666,2026-02-26,-0.906946,2026-02-26,True
2026-03-03,-2.215257,0.039835,6881.6201171875,2026-03-02,0.355778,22748.859375,2026-03-02,0.481452,8137.35986328125,2026-03-02,0.895768,2655.93994140625,2026-03-02,7.955689,21.440000534057617,2026-03-02,0.431472,2026-03-02,True
2026-03-04,-3.950176,-0.944403,6816.6298828125,2026-03-03,-1.020578,22516.689453125,2026-03-03,-4.577406,7764.8798828125,2026-03-03,-1.79145,2608.360107421875,2026-03-03,9.934697,23.56999969482422,2026-03-03,0.957248,2026-03-03,True
2026-03-05,10.6917,0.775605,6869.5,2026-03-04,1.291447,22807.48046875,2026-03-04,1.926625,7914.47998046875,2026-03-04,1.060049,2636.010009765625,2026-03-04,-10.267289,21.149999618530273,2026-03-04,2.120813,2026-03-04,True
2026-03-06,-2.171832,-0.56467,6830.7099609375,2026-03-05,-0.256452,22748.990234375,2026-03-05,-1.171526,7821.759765625,2026-03-05,-1.913496,2585.570068359375,2026-03-05,12.293146,23.75,2026-03-05,-1.504983,2026-03-05,True
2026-03-09,-7.102681,-1.32768,6740.02001953125,2026-03-06,-1.588249,22387.6796875,2026-03-06,-3.925198,7514.740234375,2026-03-06,-2.331015,2525.300048828125,2026-03-06,24.16842,29.489999771118164,2026-03-06,1.284272,2026-03-06,True
2026-03-10,5.71392,0.830416,6795.990234375,2026-03-09,1.376961,22695.94921875,2026-03-09,3.934396,7810.39990234375,2026-03-09,1.123426,2553.669921875,2026-03-09,-13.53001,25.5,2026-03-09,0.296044,2026-03-09,True
2026-03-11,2.472859,-0.213512,6781.47998046875,2026-03-10,0.005069,22697.099609375,2026-03-10,0.700607,7865.1201171875,2026-03-10,-0.218895,2548.080078125,2026-03-10,-2.235293,24.93000030517578,2026-03-10,-1.308725,2026-03-10,True
2026-03-12,-0.906651,-0.08376,6775.7998046875,2026-03-11,0.083849,22716.130859375,2026-03-11,0.628722,7914.56982421875,2026-03-11,-0.203297,2542.89990234375,2026-03-11,-2.807865,24.229999542236328,2026-03-11,0.567445,2026-03-11,True
2026-03-13,-3.737981,-1.522768,6672.6201171875,2026-03-12,-1.779134,22311.98046875,2026-03-12,-3.429118,7643.169921875,2026-03-12,-2.120017,2488.989990234375,2026-03-12,12.628978,27.290000915527344,2026-03-12,0.173817,2026-03-12,True
2026-03-16,0.515085,-0.605912,6632.18994140625,2026-03-13,-0.926054,22105.359375,2026-03-13,0.045403,7646.64013671875,2026-03-13,-0.359179,2480.050048828125,2026-03-13,-0.366436,27.190000534057617,2026-03-13,-0.322638,2026-03-13,True
2026-03-17,3.271676,1.013088,6699.3798828125,2026-03-16,1.216087,22374.1796875,2026-03-16,1.956416,7796.240234375,2026-03-16,0.937077,2503.2900390625,2026-03-16,-13.534388,23.510000228881836,2026-03-16,2.119575,2026-03-16,True
2026-03-18,2.368996,0.249425,6716.08984375,2026-03-17,0.470854,22479.529296875,2026-03-17,0.520634,7836.830078125,2026-03-17,0.66712,2519.989990234375,2026-03-17,-4.848998,22.3700008392334,2026-03-17,-0.855,2026-03-17,True
2026-03-19,-3.463131,-1.360757,6624.7001953125,2026-03-18,-1.455143,22152.419921875,2026-03-18,-0.532105,7795.1298828125,2026-03-18,-1.640883,2478.639892578125,2026-03-18,12.159138,25.09000015258789,2026-03-18,-0.271342,2026-03-18,True
2026-03-20,0.668588,-0.27488,6606.490234375,2026-03-19,-0.278662,22090.689453125,2026-03-19,0.874519,7863.2998046875,2026-03-19,0.648342,2494.7099609375,2026-03-19,-4.105224,24.059999465942383,2026-03-19,1.372511,2026-03-19,True
2026-03-23,-4.033003,-1.513818,6506.47998046875,2026-03-20,-2.005732,21647.609375,2026-03-20,-2.450497,7670.60986328125,2026-03-20,-2.255172,2438.449951171875,2026-03-20,11.305076,26.780000686645508,2026-03-20,-1.023752,2026-03-20,True
2026-03-24,4.578834,1.14532,6581.0,2026-03-23,1.38191,21946.759765625,2026-03-23,1.33653,7773.1298828125,2026-03-23,2.28752,2494.22998046875,2026-03-23,-2.352506,26.149999618530273,2026-03-23,0.964533,2026-03-23,True
2026-03-25,2.149572,-0.374257,6556.3701171875,2026-03-24,-0.842353,21761.890625,2026-03-24,1.281081,7872.7099609375,2026-03-24,0.449436,2505.43994140625,2026-03-24,3.059278,26.950000762939453,2026-03-24,-1.253148,2026-03-24,True
2026-03-26,-1.076796,0.541912,6591.89990234375,2026-03-25,0.771669,21929.8203125,2026-03-25,1.207209,7967.75,2026-03-25,1.234911,2536.3798828125,2026-03-25,-6.011135,25.329999923706055,2026-03-25,0.804524,2026-03-25,True
2026-03-27,-3.327206,-1.740617,6477.16015625,2026-03-26,-2.379136,21408.080078125,2026-03-26,-4.79282,7585.8701171875,2026-03-26,-1.697688,2493.320068359375,2026-03-26,8.330046,27.440000534057617,2026-03-26,0.244432,2026-03-26,True
2026-03-30,-4.801477,-1.672184,6368.85009765625,2026-03-27,-2.147417,20948.359375,2026-03-27,-1.689987,7457.669921875,2026-03-27,-1.749479,2449.699951171875,2026-03-27,13.155972,31.049999237060547,2026-03-27,-0.088836,2026-03-29,True
2026-03-31,-3.043976,-0.394575,6343.72021484375,2026-03-30,-0.733799,20794.640625,2026-03-30,-4.228396,7142.330078125,2026-03-30,-1.456911,2414.010009765625,2026-03-30,-1.417065,30.610000610351562,2026-03-30,0.604503,2026-03-30,True
2026-04-01,5.972425,2.913114,6528.52001953125,2026-03-31,3.827862,21590.630859375,2026-03-31,6.242642,7588.2001953125,2026-03-31,3.411755,2496.3701171875,2026-03-31,-17.510619,25.25,2026-03-31,-0.844258,2026-03-31,True
2026-04-02,1.271754,0.716852,6575.31982421875,2026-04-01,1.159384,21840.94921875,2026-04-01,2.821616,7802.31005859375,2026-04-01,0.640931,2512.3701171875,2026-04-01,-2.811878,24.540000915527344,2026-04-01,0.582707,2026-04-01,True
2026-04-03,2.583451,0.112088,6582.68994140625,2026-04-02,0.17504,21879.1796875,2026-04-02,0.398345,7833.39013671875,2026-04-02,0.703317,2530.0400390625,2026-04-02,-2.730237,23.8700008392334,2026-04-02,-0.189803,2026-04-02,True
2026-04-06,1.036302,0.112088,6582.68994140625,2026-04-02,0.17504,21879.1796875,2026-04-02,0.398345,7833.39013671875,2026-04-02,0.703317,2530.0400390625,2026-04-02,,,2026-04-03,0.002653,2026-04-05,False
2026-04-07,2.207951,0.442678,6611.830078125,2026-04-06,0.535487,21996.33984375,2026-04-06,1.055989,7916.10986328125,2026-04-06,0.41896,2540.639892578125,2026-04-06,1.256804,24.170000076293945,2026-04-06,-0.093426,2026-04-06,True
2026-04-08,6.137489,0.075925,6616.85009765625,2026-04-07,0.097788,22017.849609375,2026-04-07,1.108629,8003.8701171875,2026-04-07,0.169645,2544.949951171875,2026-04-07,6.661153,25.780000686645508,2026-04-07,-0.578305,2026-04-07,True
2026-04-09,-0.775281,2.508141,6782.81005859375,2026-04-08,2.802911,22634.990234375,2026-04-08,6.335058,8510.919921875,2026-04-08,2.967053,2620.4599609375,2026-04-08,-18.386345,21.040000915527344,2026-04-08,-1.436168,2026-04-08,True
2026-04-10,1.770774,0.617002,6824.66015625,2026-04-09,0.828053,22822.419921875,2026-04-09,2.098602,8689.5302734375,2026-04-09,0.604859,2636.31005859375,2026-04-09,-7.366925,19.489999771118164,2026-04-09,-0.292362,2026-04-09,True
2026-04-13,-2.47025,-0.113852,6816.89013671875,2026-04-10,0.352595,22902.890625,2026-04-10,2.305071,8889.830078125,2026-04-10,-0.216969,2630.590087890625,2026-04-10,-1.334019,19.229999542236328,2026-04-10,0.604096,2026-04-12,True
2026-04-14,2.69117,1.017327,6886.240234375,2026-04-13,1.226263,23183.740234375,2026-04-13,1.683828,9039.51953125,2026-04-13,1.516766,2670.489990234375,2026-04-13,-0.572016,19.1200008392334,2026-04-13,-0.360286,2026-04-13,True
2026-04-15,3.289837,1.178287,6967.3798828125,2026-04-14,1.964048,23639.080078125,2026-04-14,2.04215,9224.1201171875,2026-04-14,1.317359,2705.669921875,2026-04-14,-3.974896,18.360000610351562,2026-04-14,-0.502419,2026-04-14,True
2026-04-16,0.857929,0.797578,7022.9501953125,2026-04-15,1.594561,24016.01953125,2026-04-15,0.164459,9239.2900390625,2026-04-15,0.295305,2713.659912109375,2026-04-15,-1.034861,18.170000076293945,2026-04-15,0.315772,2026-04-15,True
2026-04-17,-0.163657,0.260996,7041.27978515625,2026-04-16,0.360924,24102.69921875,2026-04-16,0.974746,9329.349609375,2026-04-16,0.218899,2719.60009765625,2026-04-16,-1.26582,17.940000534057617,2026-04-16,0.261861,2026-04-16,True
2026-04-20,0.46252,1.204046,7126.06005859375,2026-04-17,1.517595,24468.48046875,2026-04-17,2.428146,9555.8798828125,2026-04-17,2.10692,2776.89990234375,2026-04-17,-2.564108,17.479999542236328,2026-04-17,-0.864053,2026-04-19,True
2026-04-21,1.248677,-0.237437,7109.14013671875,2026-04-20,-0.261928,24404.390625,2026-04-20,0.453439,9599.2099609375,2026-04-20,0.578345,2792.9599609375,2026-04-20,7.951953,18.8700008392334,2026-04-20,0.280516,2026-04-20,True
2026-04-22,0.067066,-0.634822,7064.009765625,2026-04-21,-0.591818,24259.9609375,2026-04-21,0.500041,9647.2099609375,2026-04-21,-1.002162,2764.969970703125,2026-04-21,3.338628,19.5,2026-04-21,1.125739,2026-04-21,True
2026-04-23,1.166495,1.046008,7137.89990234375,2026-04-22,1.638953,24657.5703125,2026-04-22,2.716429,9909.26953125,2026-04-22,0.73816,2785.3798828125,2026-04-22,-2.974359,18.920000076293945,2026-04-22,-0.527668,2026-04-22,True
2026-04-24,0.345687,-0.413287,7108.39990234375,2026-04-23,-0.888451,24438.5,2026-04-23,1.708509,10078.5703125,2026-04-23,-0.369062,2775.10009765625,2026-04-23,2.061308,19.309999465942383,2026-04-23,0.134644,2026-04-23,True
2026-04-27,1.005102,0.797369,7165.080078125,2026-04-24,1.628985,24836.599609375,2026-04-24,4.31698,10513.66015625,2026-04-24,0.42881,2787.0,2026-04-24,-3.1072,18.709999084472656,2026-04-24,-0.355418,2026-04-26,True
2026-04-28,0.613528,0.123238,7173.91015625,2026-04-27,0.203329,24887.099609375,2026-04-27,-1.004599,10408.0400390625,2026-04-27,0.042696,2788.18994140625,2026-04-27,-3.68786,18.020000457763672,2026-04-27,-0.114596,2026-04-27,True
2026-04-29,-0.943396,-0.489417,7138.7998046875,2026-04-28,-0.897247,24663.80078125,2026-04-28,-3.578579,10035.580078125,2026-04-28,-1.152715,2756.050048828125,2026-04-28,-1.054387,17.829999923706055,2026-04-28,-0.068568,2026-04-28,True
2026-04-30,0.702657,-0.039917,7135.9501953125,2026-04-29,0.038272,24673.240234375,2026-04-29,2.34884,10271.2998046875,2026-04-29,-0.601588,2739.469970703125,2026-04-29,5.496352,18.809999465942383,2026-04-29,1.045524,2026-04-29,True
2026-05-04,2.627496,0.292833,7230.1201171875,2026-05-01,0.89236,25114.439453125,2026-05-01,0.872451,10595.33984375,2026-05-01,0.461092,2812.820068359375,2026-05-01,0.592069,16.989999771118164,2026-05-01,-0.154682,2026-05-03,True
2026-05-06,5.854979,0.812002,7259.22021484375,2026-05-05,1.030525,25326.130859375,2026-05-05,4.232884,10980.580078125,2026-05-05,1.752504,2845.0,2026-05-05,-4.975406,17.3799991607666,2026-05-05,-0.1416,2026-05-05,True
2026-05-07,1.796592,1.458833,7365.1201171875,2026-05-06,2.02482,25838.939453125,2026-05-06,4.482185,11472.75,2026-05-06,1.46819,2886.77001953125,2026-05-06,0.057539,17.389999389648438,2026-05-06,-2.00209,2026-05-06,True
2026-05-08,-2.266044,-0.38031,7337.10986328125,2026-05-07,-0.126709,25806.19921875,2026-05-07,-2.717394,11160.990234375,2026-05-07,-1.632972,2839.6298828125,2026-05-07,-1.782631,17.079999923706055,2026-05-07,0.71585,2026-05-07,True
2026-05-11,4.161989,0.84257,7398.93017578125,2026-05-08,1.70843,26247.080078125,2026-05-08,5.505871,11775.5,2026-05-08,0.759961,2861.2099609375,2026-05-08,0.644032,17.190000534057617,2026-05-08,0.395934,2026-05-10,True
2026-05-12,1.855425,0.187996,7412.83984375,2026-05-11,0.103062,26274.130859375,2026-05-11,2.59471,12081.0400390625,2026-05-11,0.329578,2870.639892578125,2026-05-11,6.922621,18.3799991607666,2026-05-11,0.95169,2026-05-11,True
2026-05-13,-2.195634,-0.160261,7400.9599609375,2026-05-12,-0.70766,26088.19921875,2026-05-12,-3.011167,11717.259765625,2026-05-12,-0.968767,2842.830078125,2026-05-12,-2.121868,17.989999771118164,2026-05-12,1.257421,2026-05-12,True
2026-05-14,0.110065,0.584925,7444.25,2026-05-13,1.204148,26402.33984375,2026-05-13,2.566476,12017.98046875,2026-05-13,0.038689,2843.929931640625,2026-05-13,-0.667031,17.8700008392334,2026-05-13,-0.210988,2026-05-13,True
2026-05-15,-0.256297,0.76556,7501.240234375,2026-05-14,0.882046,26635.220703125,2026-05-14,0.464303,12073.7802734375,2026-05-14,0.673721,2863.090087890625,2026-05-14,-3.413546,17.260000228881836,2026-05-14,0.234925,2026-05-14,True
2026-05-18,-0.972696,-1.236332,7408.5,2026-05-15,-1.539616,26225.140625,2026-05-15,-4.019622,11588.4599609375,2026-05-15,-2.437577,2793.300048828125,2026-05-15,6.778679,18.43000030517578,2026-05-15,0.255137,2026-05-17,True
2026-05-19,-1.472335,-0.073567,7403.0498046875,2026-05-18,-0.512524,26090.73046875,2026-05-18,-2.467458,11302.51953125,2026-05-18,-0.651557,2775.10009765625,2026-05-18,-3.309824,17.81999969482422,2026-05-18,-0.322618,2026-05-18,True
2026-05-20,0.419892,-0.667832,7353.60986328125,2026-05-19,-0.843286,25870.7109375,2026-05-19,0.02637,11305.5,2026-05-19,-1.010055,2747.070068359375,2026-05-19,1.3468,18.059999465942383,2026-05-19,1.040664,2026-05-19,True
2026-05-21,3.842421,1.079203,7432.97021484375,2026-05-20,1.544791,26270.359375,2026-05-20,4.491531,11813.2900390625,2026-05-20,2.559092,2817.3701171875,2026-05-20,-3.432995,17.440000534057617,2026-05-20,-0.535859,2026-05-20,True
2026-05-22,0.849179,0.171533,7445.72021484375,2026-05-21,0.086562,26293.099609375,2026-05-21,1.276444,11964.080078125,2026-05-21,0.92568,2843.449951171875,2026-05-21,-3.899084,16.760000228881836,2026-05-21,0.308714,2026-05-21,True
2026-05-26,2.456425,0.372697,7473.47021484375,2026-05-22,0.193477,26343.970703125,2026-05-22,1.993132,12202.5400390625,2026-05-22,0.906646,2869.22998046875,2026-05-22,-0.658686,16.59000015258789,2026-05-25,0.129564,2026-05-25,True
2026-05-27,2.358881,0.610826,7519.1201171875,2026-05-26,1.185125,26656.1796875,2026-05-26,5.526473,12876.91015625,2026-05-26,1.788287,2920.5400390625,2026-05-26,2.531646,17.010000228881836,2026-05-26,-0.617254,2026-05-26,True
2026-05-28,-0.815467,0.016488,7520.35986328125,2026-05-27,0.069593,26674.73046875,2026-05-27,-1.356845,12702.1904296875,2026-05-27,-0.020547,2919.93994140625,2026-05-27,-4.2328,16.290000915527344,2026-05-27,-0.154769,2026-05-27,True
2026-05-29,2.723286,0.575372,7563.6298828125,2026-05-28,0.910001,26917.470703125,2026-05-28,0.999428,12829.1396484375,2026-05-28,0.569537,2936.570068359375,2026-05-28,-3.376311,15.739999771118164,2026-05-28,-0.520251,2026-05-28,True
2026-06-01,0.137225,0.217226,7580.06005859375,2026-05-29,0.20488,26972.619140625,2026-05-29,0.001873,12829.3798828125,2026-05-29,-0.586738,2919.340087890625,2026-05-29,-2.668361,15.319999694824219,2026-05-29,0.77242,2026-05-31,True
2026-06-02,0.922946,0.26253,7599.9599609375,2026-06-01,0.42336,27086.810546875,2026-06-01,1.062175,12965.650390625,2026-06-01,-0.465176,2905.760009765625,2026-06-01,4.76501,16.049999237060547,2026-06-01,0.293996,2026-06-01,True
2026-06-04,-2.260286,-0.737204,7553.68017578125,2026-06-03,-0.885513,26853.98046875,2026-06-03,1.389237,13916.9599609375,2026-06-03,-1.311408,2893.510009765625,2026-06-03,1.838928,16.059999465942383,2026-06-03,0.890809,2026-06-03,True
2026-06-05,-3.809558,0.405496,7584.31005859375,2026-06-04,-0.085721,26830.9609375,2026-06-04,-2.151763,13617.5,2026-06-04,1.445306,2935.330078125,2026-06-04,-4.109588,15.399999618530273,2026-06-04,0.193448,2026-06-04,True
2026-06-08,-9.169656,-2.644536,7383.740234375,2026-06-05,-4.179989,25709.4296875,2026-06-05,-10.256951,12220.759765625,2026-06-05,-3.469118,2833.5,2026-06-05,39.67533,21.510000228881836,2026-06-05,1.396546,2026-06-07,True
2026-06-09,4.366009,0.297813,7405.72998046875,2026-06-08,0.856614,25929.66015625,2026-06-08,5.612832,12906.6904296875,2026-06-08,0.773599,2855.419921875,2026-06-08,-12.040912,18.920000076293945,2026-06-08,-1.646851,2026-06-08,True
2026-06-10,-3.239069,-0.257639,7386.64990234375,2026-06-09,-0.967386,25678.8203125,2026-06-09,-1.928309,12657.8095703125,2026-06-09,0.406248,2867.02001953125,2026-06-09,5.021146,19.8700008392334,2026-06-09,-0.200797,2026-06-09,True
2026-06-11,-3.75621,-1.619945,7266.990234375,2026-06-10,-1.983426,25169.5,2026-06-10,-3.56578,12206.4599609375,2026-06-10,-1.100797,2835.4599609375,2026-06-10,11.826867,22.219999313354492,2026-06-10,-0.04981,2026-06-10,True
2026-06-12,6.180864,1.751889,7394.2998046875,2026-06-11,2.543396,25809.66015625,2026-06-11,7.90549,13171.4404296875,2026-06-11,3.017855,2921.030029296875,2026-06-11,-12.511246,19.440000534057617,2026-06-11,-0.502937,2026-06-11,True
2026-06-15,5.453702,0.502551,7431.4599609375,2026-06-12,0.306783,25888.83984375,2026-06-12,1.518659,13371.4697265625,2026-06-12,0.786023,2943.989990234375,2026-06-12,-9.053499,17.68000030517578,2026-06-12,-0.519317,2026-06-14,True
2026-06-16,2.355272,1.652839,7554.2900390625,2026-06-15,3.071206,26683.939453125,2026-06-15,5.445552,14099.6201171875,2026-06-15,0.716718,2965.090087890625,2026-06-15,-8.371038,16.200000762939453,2026-06-15,0.252405,2026-06-15,True
2026-06-17,-1.311358,-0.568418,7511.35009765625,2026-06-16,-1.152752,26376.33984375,2026-06-16,-5.712213,13294.2197265625,2026-06-16,-0.873165,2939.199951171875,2026-06-16,1.296291,16.40999984741211,2026-06-16,-0.155295,2026-06-16,True
2026-06-18,0.175988,-1.214828,7420.10009765625,2026-06-17,-1.344689,26021.66015625,2026-06-17,1.375414,13477.0703125,2026-06-17,-0.721964,2917.97998046875,2026-06-17,12.37051,18.440000534057617,2026-06-17,0.957013,2026-06-17,True
2026-06-19,1.398482,1.084621,7500.580078125,2026-06-18,1.90714,26517.9296875,2026-06-18,6.416157,14341.7802734375,2026-06-18,2.117562,2979.77001953125,2026-06-18,-11.062911,16.399999618530273,2026-06-18,0.795847,2026-06-18,True
2026-06-22,-1.511129,1.084621,7500.580078125,2026-06-18,1.90714,26517.9296875,2026-06-18,6.416157,14341.7802734375,2026-06-18,2.117562,2979.77001953125,2026-06-18,,,2026-06-19,-0.405194,2026-06-21,False
2026-06-23,-0.030333,-0.370505,7472.7900390625,2026-06-22,-1.324877,26166.599609375,2026-06-22,2.04256,14634.7197265625,2026-06-22,0.82657,3004.39990234375,2026-06-22,5.36586,17.280000686645508,2026-06-22,0.504143,2026-06-22,True
2026-06-24,1.37404,-1.436279,7365.4599609375,2026-06-23,-2.214887,25587.0390625,2026-06-23,-7.873126,13482.509765625,2026-06-23,-0.962586,2975.47998046875,2026-06-23,12.789346,19.489999771118164,2026-06-23,-0.246909,2026-06-23,True
2026-06-25,5.671577,-0.098293,7358.22021484375,2026-06-24,-0.431462,25476.640625,2026-06-24,-0.180304,13458.2001953125,2026-06-24,0.374726,2986.6298828125,2026-06-24,-4.412522,18.6299991607666,2026-06-24,0.489172,2026-06-24,True
2026-06-26,-1.261743,-0.009921,7357.490234375,2026-06-25,-0.46333,25358.599609375,2026-06-25,3.586437,13940.8701171875,2026-06-25,0.710842,3007.860107421875,2026-06-25,1.3956,18.889999389648438,2026-06-25,0.241124,2026-06-25,True
2026-06-29,-0.644199,-0.047166,7354.02001953125,2026-06-26,-0.240473,25297.619140625,2026-06-26,-5.288765,13203.5703125,2026-06-26,0.073806,3010.080078125,2026-06-26,-2.541025,18.40999984741211,2026-06-26,-0.726811,2026-06-28,True
2026-06-30,-0.007331,1.175006,7440.43017578125,2026-06-29,2.065497,25820.140625,2026-06-29,3.832977,13709.66015625,2026-06-29,0.01129,3010.419921875,2026-06-29,-4.128192,17.649999618530273,2026-06-29,0.422735,2026-06-29,True
2026-07-01,0.786549,0.79202,7499.35986328125,2026-06-30,1.524314,26213.720703125,2026-06-30,3.919133,14246.9599609375,2026-06-30,0.463397,3024.3701171875,2026-06-30,-6.798861,16.450000762939453,2026-06-30,0.446252,2026-06-30,True
2026-07-02,-5.17376,-0.215083,7483.22998046875,2026-07-01,-0.662597,26040.029296875,2026-07-01,-6.272775,13353.2802734375,2026-07-01,-0.389504,3012.590087890625,2026-07-01,0.85106,16.59000015258789,2026-07-01,0.206642,2026-07-01,True
2026-07-03,0.69214,0.000137,7483.240234375,2026-07-02,-0.79631,25832.669921875,2026-07-02,-5.444809,12626.2197265625,2026-07-02,-0.547037,2996.110107421875,2026-07-02,-2.652203,16.149999618530273,2026-07-02,-0.623791,2026-07-02,True
2026-07-06,1.335776,0.000137,7483.240234375,2026-07-02,-0.79631,25832.669921875,2026-07-02,-5.444809,12626.2197265625,2026-07-02,-0.547037,2996.110107421875,2026-07-02,,,2026-07-03,-0.721729,2026-07-05,False
2026-07-07,-2.132565,0.724151,7537.43017578125,2026-07-06,1.116765,26121.16015625,2026-07-06,2.169453,12900.1396484375,2026-07-06,0.448246,3009.5400390625,2026-07-06,-3.591331,15.569999694824219,2026-07-06,-0.146309,2026-07-06,True
2026-07-08,-3.019158,-0.445511,7503.85009765625,2026-07-07,-1.157953,25818.689453125,2026-07-07,-4.648168,12300.51953125,2026-07-07,-0.89881,2982.489990234375,2026-07-07,3.596657,16.1299991607666,2026-07-07,-0.582173,2026-07-07,True
2026-07-09,3.807812,-0.281724,7482.7099609375,2026-07-08,0.201253,25870.650390625,2026-07-08,2.231208,12574.9697265625,2026-07-08,-0.875111,2956.389892578125,2026-07-08,4.773717,16.899999618530273,2026-07-08,-1.086285,2026-07-08,True
2026-07-10,3.86576,0.81428,7543.64013671875,2026-07-09,1.299698,26206.890625,2026-07-09,3.061878,12960.0,2026-07-09,1.22278,2992.5400390625,2026-07-09,-6.272186,15.84000015258789,2026-07-09,0.17029,2026-07-09,True
2026-07-13,-0.808424,0.420884,7575.39013671875,2026-07-10,0.285111,26281.609375,2026-07-10,0.055248,12967.16015625,2026-07-10,-0.492223,2977.81005859375,2026-07-10,-5.113639,15.029999732971191,2026-07-10,-0.493393,2026-07-12,True
2026-07-14,0.0,-0.792702,7515.33984375,2026-07-13,-1.554051,25873.1796875,2026-07-13,-4.776527,12347.7802734375,2026-07-13,-0.827458,2953.169921875,2026-07-13,14.171658,17.15999984741211,2026-07-13,-0.052055,2026-07-13,True
2026-07-15,6.256836,0.375898,7543.58984375,2026-07-14,0.903755,26107.009765625,2026-07-14,2.544177,12661.9296875,2026-07-14,0.392463,2964.760009765625,2026-07-14,-3.846153,16.5,2026-07-14,-0.655668,2026-07-14,True
2026-07-16,-4.81004,0.381914,7572.39990234375,2026-07-15,0.621368,26269.23046875,2026-07-15,-2.077409,12398.8896484375,2026-07-15,0.38789,2976.260009765625,2026-07-15,-5.030303,15.670000076293945,2026-07-15,-0.112916,2026-07-15,True
2026-07-20,-4.357798,-1.009854,7457.68994140625,2026-07-17,-1.397534,25520.240234375,2026-07-17,-1.631433,11673.8896484375,2026-07-17,-0.415189,2962.219970703125,2026-07-17,12.19367,18.770000457763672,2026-07-17,0.577478,2026-07-19,True
2026-07-21,-0.278592,-0.193225,7443.27978515625,2026-07-20,-0.047687,25508.0703125,2026-07-20,0.599286,11743.849609375,2026-07-20,-0.668081,2942.429931640625,2026-07-20,-0.639323,18.649999618530273,2026-07-20,-0.832331,2026-07-20,True
2026-07-22,5.021269,0.885637,7509.2001953125,2026-07-21,1.290339,25837.2109375,2026-07-21,5.213883,12356.16015625,2026-07-21,1.528328,2987.39990234375,2026-07-21,-8.579091,17.049999237060547,2026-07-21,0.319317,2026-07-21,True
2026-07-23,2.681992,-0.136369,7498.9599609375,2026-07-22,-0.566278,25690.900390625,2026-07-22,0.441155,12410.669921875,2026-07-22,-0.919193,2959.93994140625,2026-07-22,-2.404691,16.639999389648438,2026-07-22,-0.276401,2026-07-22,True
2026-07-24,-1.501369,-1.20897,7408.2998046875,2026-07-23,-2.153334,25137.689453125,2026-07-23,-0.538489,12343.83984375,2026-07-23,-0.668258,2940.159912109375,2026-07-23,12.379816,18.700000762939453,2026-07-23,-0.107748,2026-07-23,True
2026-07-27,2.289287,0.049676,7411.97998046875,2026-07-24,-0.64393,24975.8203125,2026-07-24,-4.252809,11818.8798828125,2026-07-24,-0.345556,2930.0,2026-07-24,-0.641716,18.579999923706055,2026-07-24,-1.087489,2026-07-26,True
2026-07-28,-5.731922,0.016193,7413.18017578125,2026-07-27,-0.17513,24932.080078125,2026-07-27,-2.233714,11554.8798828125,2026-07-27,0.615701,2948.0400390625,2026-07-27,0.484393,18.670000076293945,2026-07-27,0.441007,2026-07-27,True
2026-07-29,0.982493,0.210431,7428.77978515625,2026-07-28,-0.221281,24876.91015625,2026-07-28,-4.493341,11035.6796875,2026-07-28,0.195384,2953.800048828125,2026-07-28,-2.463851,18.209999084472656,2026-07-28,-0.770254,2026-07-28,True
2026-07-30,-0.312483,-1.516129,7316.14990234375,2026-07-29,-1.744472,24442.939453125,2026-07-29,-5.329889,10447.490234375,2026-07-29,-1.607759,2906.31005859375,2026-07-29,13.454151,20.65999984741211,2026-07-29,-0.748713,2026-07-29,True
2026-07-31,11.719062,1.660436,7437.6298828125,2026-07-30,2.778881,25122.1796875,2026-07-30,8.18857,11302.990234375,2026-07-30,1.369091,2946.10009765625,2026-07-30,-17.279766,17.09000015258789,2026-07-30,-1.503179,2026-07-30,True
2026-08-03,-6.285609,0.700362,7489.72021484375,2026-07-31,1.001784,25373.849609375,2026-07-31,0.071573,11311.080078125,2026-07-31,-0.501002,2931.340087890625,2026-07-31,-6.436515,15.989999771118164,2026-07-31,1.062929,2026-08-02,True
2026-08-04,1.629585,1.479091,7600.5,2026-08-03,2.128375,25913.900390625,2026-08-03,1.054449,11430.349609375,2026-08-03,1.725144,2981.909912109375,2026-08-03,-0.813009,15.859999656677246,2026-08-03,-0.501494,2026-08-03,True
2026-08-05,4.704475,1.789619,7736.52001953125,2026-08-04,2.589691,26584.990234375,2026-08-04,6.551944,12179.259765625,2026-08-04,1.846805,3036.97998046875,2026-08-04,4.035311,16.5,2026-08-04,-0.004896,2026-08-04,True
2026-08-06,-2.147651,-0.167649,7723.5498046875,2026-08-05,-0.833368,26363.439453125,2026-08-05,-1.398935,12008.8798828125,2026-08-05,-0.585781,3019.18994140625,2026-08-05,-4.181816,15.8100004196167,2026-08-05,-0.508952,2026-08-05,True
2026-08-07,0.91001,-0.175953,7709.9599609375,2026-08-06,-0.057238,26348.349609375,2026-08-06,0.331509,12048.6904296875,2026-08-06,-0.584259,3001.550048828125,2026-08-06,-4.174578,15.149999618530273,2026-08-06,0.080217,2026-08-06,True
2026-08-10,0.759507,0.618423,7757.64013671875,2026-08-07,1.299017,26690.619140625,2026-08-07,2.557121,12356.7900390625,2026-08-07,1.097431,3034.489990234375,2026-08-07,-1.650165,14.899999618530273,2026-08-07,-1.075726,2026-08-09,True
2026-08-11,-0.707271,-0.058398,7753.10986328125,2026-08-10,-0.319437,26605.359375,2026-08-10,-2.937087,11993.8603515625,2026-08-10,-0.563195,3017.39990234375,2026-08-10,3.758392,15.460000038146973,2026-08-10,0.732769,2026-08-10,True
2026-08-12,1.294515,-0.321286,7728.2001953125,2026-08-11,-0.601045,26445.44921875,2026-08-11,0.872191,12098.4697265625,2026-08-11,0.322139,3027.1201171875,2026-08-11,-1.164297,15.279999732971191,2026-08-11,-0.361954,2026-08-11,True
2026-08-13,3.661017,0.262672,7748.5,2026-08-12,0.540891,26588.490234375,2026-08-12,2.487175,12399.3798828125,2026-08-12,0.606513,3045.47998046875,2026-08-12,-4.777484,14.550000190734863,2026-08-12,0.303071,2026-08-12,True
2026-08-14,2.75007,0.651613,7798.990234375,2026-08-13,0.806887,26803.029296875,2026-08-13,0.456637,12456.0,2026-08-13,0.242002,3052.85009765625,2026-08-13,0.549828,14.630000114440918,2026-08-13,0.027534,2026-08-13,True
2026-08-18,2.680356,-0.522745,7745.06005859375,2026-08-17,-0.315199,26644.91015625,2026-08-17,1.642501,12621.0,2026-08-17,-0.354576,3057.5400390625,2026-08-17,6.596488,15.1899995803833,2026-08-17,-0.045219,2026-08-17,True
2026-08-19,-5.449102,-0.688184,7691.759765625,2026-08-18,-1.333085,26289.7109375,2026-08-18,-4.980113,11992.4599609375,2026-08-18,-1.296799,3017.889892578125,2026-08-18,4.279135,15.84000015258789,2026-08-18,-0.081289,2026-08-18,True
2026-08-20,3.159395,0.210878,7707.97998046875,2026-08-19,0.157396,26331.08984375,2026-08-19,-2.119911,11738.23046875,2026-08-19,0.498694,3032.93994140625,2026-08-19,-5.997473,14.890000343322754,2026-08-19,-1.710546,2026-08-19,True
2026-08-21,-1.252426,-0.866892,7641.16015625,2026-08-20,-1.002313,26067.169921875,2026-08-20,0.526392,11800.01953125,2026-08-20,-1.335668,2992.429931640625,2026-08-20,7.521826,16.010000228881836,2026-08-20,0.100044,2026-08-20,True
2026-08-24,-0.440989,0.434619,7674.3701171875,2026-08-21,0.434612,26180.4609375,2026-08-21,-0.505503,11740.3701171875,2026-08-21,0.850151,3017.8701171875,2026-08-21,-5.496565,15.130000114440918,2026-08-21,-0.417752,2026-08-23,True
2026-08-25,-2.792585,-0.280287,7652.85986328125,2026-08-24,-0.764965,25980.189453125,2026-08-24,-2.70179,11423.169921875,2026-08-24,-0.75517,2995.080078125,2026-08-24,4.758759,15.850000381469727,2026-08-24,-0.304695,2026-08-24,True
2026-08-26,-0.416686,0.319095,7677.27978515625,2026-08-25,0.658622,26151.30078125,2026-08-25,1.443296,11588.0400390625,2026-08-25,0.498816,3010.02001953125,2026-08-25,-2.523663,15.449999809265137,2026-08-25,0.052868,2026-08-25,True
2026-08-27,2.961656,-0.020575,7675.7001953125,2026-08-26,-0.08069,26130.19921875,2026-08-26,0.200208,11611.240234375,2026-08-26,-0.13688,3005.89990234375,2026-08-26,-1.553397,15.210000038146973,2026-08-26,0.144771,2026-08-26,True
2026-08-28,-0.998763,0.720326,7730.990234375,2026-08-27,1.573468,26541.349609375,2026-08-27,2.33334,11882.169921875,2026-08-27,0.280787,3014.340087890625,2026-08-27,-4.602234,14.510000228881836,2026-08-27,-0.219737,2026-08-27,True
2026-08-31,-2.542452,-0.248745,7711.759765625,2026-08-28,-0.523446,26402.419921875,2026-08-28,-3.47167,11469.66015625,2026-08-28,-1.392344,2972.3701171875,2026-08-28,-0.551343,14.430000305175781,2026-08-28,-0.241948,2026-08-30,True
2026-09-01,-0.9153,-0.332215,7686.14013671875,2026-08-31,-0.119418,26370.890625,2026-08-31,0.57011,11535.0498046875,2026-08-31,-0.535605,2956.449951171875,2026-08-31,3.395702,14.920000076293945,2026-08-31,-0.761739,2026-08-31,True
2026-09-02,-3.114427,-0.711279,7631.47021484375,2026-09-01,-1.028107,26099.76953125,2026-09-01,-2.13644,11288.6103515625,2026-09-01,-1.228503,2920.1298828125,2026-09-01,9.517427,16.34000015258789,2026-09-01,0.4566,2026-09-01,True
2026-09-03,1.371981,0.460329,7666.60009765625,2026-09-02,0.452343,26217.830078125,2026-09-02,0.448591,11339.25,2026-09-02,1.131458,2953.169921875,2026-09-02,-6.976746,15.199999809265137,2026-09-02,-1.054002,2026-09-02,True
2026-09-04,1.346395,1.057964,7747.7099609375,2026-09-03,1.396876,26584.060546875,2026-09-03,0.113587,11352.1298828125,2026-09-03,0.511318,2968.27001953125,2026-09-03,-5.789475,14.319999694824219,2026-09-03,-0.219376,2026-09-03,True
2026-09-07,3.575482,-0.375722,7718.60009765625,2026-09-04,-0.289912,26506.990234375,2026-09-04,3.37496,11735.259765625,2026-09-04,0.248626,2975.64990234375,2026-09-04,1.466481,14.529999732971191,2026-09-04,-0.763605,2026-09-06,True
