bas_dd,isu_cd,open,high,low,close,acc_trdvol,acc_trdval,idx_ind_nm
20150102,069500,24605,24750,24555,24725,3564651,87993528730,코스피 200
20150105,069500,24675,24735,24430,24680,7814719,191971015300,코스피 200
20150106,069500,24420,24465,24175,24240,13992808,339736734125,코스피 200
20150107,069500,24240,24330,24185,24290,18903495,459699781805,코스피 200
20150108,069500,24415,24675,24415,24600,13440479,330870500975,코스피 200
20150109,069500,24850,24965,24775,24875,11411616,284074752200,코스피 200
20150112,069500,24750,24910,24745,24815,9446740,234771200215,코스피 200
20150113,069500,24770,24930,24705,24925,5120618,127421643125,코스피 200
20150114,069500,24890,25015,24815,24815,5259432,130860642900,코스피 200
20150115,069500,24780,24930,24735,24890,6000126,149145572095,코스피 200
20150116,069500,24800,24805,24460,24545,10185529,249720331445,코스피 200
20150119,069500,24695,24880,24650,24795,13511084,334966907880,코스피 200
20150120,069500,24860,25025,24850,25015,10998173,274903232750,코스피 200
20150121,069500,24970,25070,24910,25070,8747264,219651767625,코스피 200
20150122,069500,25220,25280,25110,25140,9825356,247374310005,코스피 200
20150123,069500,25490,25495,25230,25285,11368750,288076493500,코스피 200
20150126,069500,25220,25300,25090,25285,8666890,219200820825,코스피 200
20150127,069500,25400,25475,25340,25460,6582109,167549963305,코스피 200
20150128,069500,25320,25505,25310,25485,8445273,215219753735,코스피 200
20150129,069500,25380,25480,25240,25365,7157953,181654473975,코스피 200
20150130,069500,25445,25500,25325,25355,8656579,219590045050,코스피 200
20150202,069500,25225,25395,25210,25295,4457602,112922937290,코스피 200
20150203,069500,25390,25430,25165,25285,2928603,74093951625,코스피 200
20150204,069500,25445,25555,25400,25460,4438741,113151187845,코스피 200
20150205,069500,25430,25440,25175,25200,7531998,190322551660,코스피 200
20150206,069500,25230,25250,25135,25240,7693877,194430836445,코스피 200
20150209,069500,25150,25255,25095,25210,4697704,118470265900,코스피 200
20150210,069500,25200,25320,25075,25090,6396806,160665309485,코스피 200
20150211,069500,25095,25165,25055,25125,5626410,141442212600,코스피 200
20150212,069500,25145,25150,24895,25050,5093395,127449686290,코스피 200
20150213,069500,25115,25255,25115,25235,4931084,124439377045,코스피 200
20150216,069500,25235,25305,25225,25265,8412868,212662017560,코스피 200
20150217,069500,25220,25360,25155,25320,4485826,113554295275,코스피 200
20150223,069500,25440,25550,25370,25390,7620777,193633122505,코스피 200
20150224,069500,25415,25465,25380,25420,5532864,140711174395,코스피 200
20150225,069500,25500,25560,25480,25510,6605823,168700170365,코스피 200
20150226,069500,25515,25535,25445,25500,11625156,296900689910,코스피 200
20150227,069500,25455,25500,25350,25415,7432229,189104972905,코스피 200
20150302,069500,25460,25585,25460,25570,6985462,178663403545,코스피 200
20150303,069500,25640,25705,25620,25665,10534486,270664757945,코스피 200
20150304,069500,25625,25675,25620,25645,8299529,213098407505,코스피 200
20150305,069500,25645,25710,25590,25675,5642091,144892628320,코스피 200
20150306,069500,25720,25820,25685,25810,6784804,175094030085,코스피 200
20150309,069500,25745,25750,25525,25545,5033608,128834184530,코스피 200
20150310,069500,25610,25630,25435,25435,5365056,136810381500,코스피 200
20150311,069500,25270,25485,25240,25450,11188378,284286967800,코스피 200
20150312,069500,25405,25535,25285,25450,6873864,175060924180,코스피 200
20150313,069500,25495,25555,25450,25505,4233597,108055331165,코스피 200
20150316,069500,25475,25565,25430,25525,4541784,115927580050,코스피 200
20150317,069500,25630,26115,25620,26100,6462344,167681394985,코스피 200
20150318,069500,26100,26210,26080,26100,11664816,304847662455,코스피 200
20150319,069500,26300,26310,26130,26175,9637142,252577484715,코스피 200
20150320,069500,26175,26205,26060,26095,7364000,192423342870,코스피 200
20150323,069500,26195,26275,26080,26105,9152691,239597425700,코스피 200
20150324,069500,26080,26160,26000,26160,3709730,96962151620,코스피 200
20150325,069500,26160,26250,26035,26160,4836722,126590210200,코스피 200
20150326,069500,26005,26115,25880,25920,7713405,200467056165,코스피 200
20150327,069500,25900,25955,25825,25860,4875035,126150903685,코스피 200
20150330,069500,25835,25925,25775,25915,4117353,106598625565,코스피 200
20150331,069500,26050,26065,25875,25925,6893954,178912581450,코스피 200
20150401,069500,25880,25925,25720,25725,3893191,100385654200,코스피 200
20150402,069500,25765,25865,25725,25750,5410256,139505473560,코스피 200
20150403,069500,25780,25955,25770,25945,3423364,88701095330,코스피 200
20150406,069500,25930,26060,25895,25935,5037215,130807322535,코스피 200
20150407,069500,26025,26040,25880,25880,4166264,108096009635,코스피 200
20150408,069500,25890,26110,25885,26065,5209416,135903112790,코스피 200
20150409,069500,26040,26135,25985,26045,6041971,157622356705,코스피 200
20150410,069500,26095,26455,26065,26345,9339582,246484692295,코스피 200
20150413,069500,26410,26595,26395,26545,12653793,335951066095,코스피 200
20150414,069500,26555,26755,26550,26670,8626069,230530216000,코스피 200
20150415,069500,26710,26865,26700,26810,9062700,242981938235,코스피 200
20150416,069500,26915,27040,26895,27005,6535979,176586131755,코스피 200
20150417,069500,27045,27095,26985,27025,8658594,234411873080,코스피 200
20150420,069500,26890,27060,26885,27010,4942270,133631051440,코스피 200
20150421,069500,27065,27085,26975,26985,7418414,200594456840,코스피 200
20150422,069500,26995,27340,26995,27110,9361125,254678851325,코스피 200
20150423,069500,27220,27510,27120,27500,9980797,273414873660,코스피 200
20150424,069500,27535,27745,27320,27325,10369654,284804119475,코스피 200
20150427,069500,27440,27455,27230,27245,3903930,106669384950,코스피 200
20150428,069500,27305,27350,27100,27150,3834253,104307352450,코스피 200
20150429,069500,26950,27080,26585,26770,8740568,233767298535,코스피 200
20150430,069500,26685,26720,26555,26650,7481911,199299066865,코스피 200
20150504,069500,26695,26805,26650,26735,2783809,74432115215,코스피 200
20150506,069500,26635,26635,26280,26305,6136602,161701111075,코스피 200
20150507,069500,26280,26290,26000,26185,8961700,234406519095,코스피 200
20150508,069500,26195,26205,26075,26075,7396077,193194938630,코스피 200
20150511,069500,26240,26325,26120,26120,4650746,121854853250,코스피 200
20150512,069500,26100,26155,26020,26105,4239176,110604619758,코스피 200
20150513,069500,26110,26325,26110,26265,3581756,94052227710,코스피 200
20150514,069500,26225,26325,26175,26300,3285747,86336918690,코스피 200
20150515,069500,26405,26480,26035,26040,8188560,214206937335,코스피 200
20150518,069500,26095,26105,25955,26100,8130048,212076071305,코스피 200
20150519,069500,26100,26295,26030,26220,5531626,145065325270,코스피 200
20150520,069500,26280,26475,26230,26460,3400702,89823495965,코스피 200
20150521,069500,26415,26455,26145,26160,8745465,229403483000,코스피 200
20150522,069500,26245,26525,26225,26500,7939862,210293931105,코스피 200
20150526,069500,26585,26585,26360,26450,5822231,154084324230,코스피 200
20150527,069500,26315,26325,25865,25920,8578587,222743645165,코스피 200
20150528,069500,26000,26090,25915,25915,13302831,345899567490,코스피 200
20150529,069500,25850,26150,25810,26050,5489352,142915192220,코스피 200
20150601,069500,25970,25970,25645,25815,4786901,123372881225,코스피 200
20150602,069500,25790,25885,25500,25570,8142523,208484219245,코스피 200
20150603,069500,25595,25660,25315,25335,7287262,185467196005,코스피 200
20150604,069500,25405,25605,25325,25430,9656272,245838707600,코스피 200
20150605,069500,25335,25510,25295,25400,3946319,100314529320,코스피 200
20150608,069500,25370,25395,25240,25350,6451265,163560170535,코스피 200
20150609,069500,25350,25445,25190,25310,3972648,100539860140,코스피 200
20150610,069500,25380,25440,25115,25160,5570572,140505470915,코스피 200
20150611,069500,25230,25280,25110,25255,10214709,257550622480,코스피 200
20150612,069500,25300,25410,24985,25040,5509843,138470086920,코스피 200
20150615,069500,24900,25050,24825,24955,7826622,195706151000,코스피 200
20150616,069500,24935,24985,24550,24750,7973134,197062514520,코스피 200
20150617,069500,24765,24795,24630,24770,10359853,256808469560,코스피 200
20150618,069500,24875,25015,24760,24845,9209730,229373961505,코스피 200
20150619,069500,24980,25025,24870,24970,4408141,110037449270,코스피 200
20150622,069500,25050,25165,24965,25055,5931845,148636599895,코스피 200
20150623,069500,25190,25420,25130,25390,5572125,141252350475,코스피 200
20150624,069500,25425,25450,25340,25380,4890241,124295264060,코스피 200
20150625,069500,25300,25415,25255,25360,4698519,119158672735,코스피 200
20150626,069500,25275,25435,25180,25375,4719128,119712159995,코스피 200
20150629,069500,25145,25145,24920,25050,7071238,177019537060,코스피 200
20150630,069500,24980,25155,24960,25155,4623882,116083839580,코스피 200
20150701,069500,25130,25460,25070,25440,4828687,122611267310,코스피 200
20150702,069500,25465,25545,25440,25470,3608635,92057322935,코스피 200
20150703,069500,25455,25495,25295,25395,3816427,97004327840,코스피 200
20150706,069500,25085,25245,24750,24765,5255514,130761103260,코스피 200
20150707,069500,24890,24920,24670,24815,10062052,249448342675,코스피 200
20150708,069500,24810,24845,24475,24475,7928795,194588863685,코스피 200
20150709,069500,24355,24640,24180,24640,12416582,304060725755,코스피 200
20150710,069500,24715,24740,24555,24660,6785632,167362873060,코스피 200
20150713,069500,24660,25005,24600,24925,4212367,104752556705,코스피 200
20150714,069500,24970,24970,24735,24805,5489700,136429848710,코스피 200
20150715,069500,24895,25105,24780,24880,5596479,139564267460,코스피 200
20150716,069500,24840,25065,24840,25065,4770766,119489205985,코스피 200
20150717,069500,25175,25210,24850,24915,4648482,116123513375,코스피 200
20150720,069500,24910,25030,24800,24875,3845662,95729427785,코스피 200
20150721,069500,24880,25065,24795,24925,3916775,97670218780,코스피 200
20150722,069500,24790,24855,24625,24710,5803394,143484430710,코스피 200
20150723,069500,24745,24765,24590,24700,9004442,222456970575,코스피 200
20150724,069500,24575,24600,24375,24420,4917797,120253585510,코스피 200
20150727,069500,24310,24515,24275,24465,10715813,262047203225,코스피 200
20150728,069500,24395,24545,24295,24510,4750193,116296442720,코스피 200
20150729,069500,24600,24645,24510,24610,4474796,110037752130,코스피 200
20150730,069500,24615,24655,24380,24380,4915220,120208384310,코스피 200
20150731,069500,24385,24425,24185,24305,10212211,248364584070,코스피 200
20150803,069500,24345,24345,24115,24175,11062680,267452504535,코스피 200
20150804,069500,24165,24290,24160,24280,6971590,169388687610,코스피 200
20150805,069500,24265,24380,24205,24295,4792411,116480783135,코스피 200
20150806,069500,24340,24355,24025,24025,5957038,143511787985,코스피 200
20150807,069500,23940,24020,23870,23980,9808480,235238637565,코스피 200
20150810,069500,23920,23960,23820,23915,6752931,161444665915,코스피 200
20150811,069500,24050,24200,23810,23810,7190014,172029851845,코스피 200
20150812,069500,23745,23870,23510,23665,9088377,214919003610,코스피 200
20150813,069500,23635,23800,23585,23770,8950719,212432668265,코스피 200
20150817,069500,23835,23835,23565,23580,5524828,130454880415,코스피 200
20150818,069500,23630,23685,23530,23540,7890443,185961098505,코스피 200
20150819,069500,23510,23570,23280,23360,10214109,238756048800,코스피 200
20150820,069500,23330,23355,23120,23120,9760693,226427127460,코스피 200
20150821,069500,22655,22840,22600,22760,14811919,337032334480,코스피 200
20150824,069500,22540,22645,21715,22230,20996907,465705340555,코스피 200
20150825,069500,22260,22530,21825,22305,23559183,525561330155,코스피 200
20150826,069500,22180,22775,22065,22725,15344928,346018881620,코스피 200
20150827,069500,22865,22990,22745,22860,11883626,271623352635,코스피 200
20150828,069500,23055,23190,23030,23190,11204663,259255893165,코스피 200
20150831,069500,23105,23165,22985,23160,6960587,161075203265,코스피 200
20150901,069500,23120,23200,22920,22930,6408506,147688211795,코스피 200
20150902,069500,22690,23100,22685,22980,4226323,97059087295,코스피 200
20150903,069500,23080,23145,22970,23025,4994394,115163942515,코스피 200
20150904,069500,23045,23090,22760,22830,5796693,132590307640,코스피 200
20150907,069500,22780,22950,22705,22775,5995186,136722164085,코스피 200
20150908,069500,22830,22865,22685,22820,4782918,108928832345,코스피 200
20150909,069500,23050,23505,23040,23505,7019408,163868648580,코스피 200
20150910,069500,23355,23615,23285,23465,16119662,380123274245,코스피 200
20150911,069500,23465,23600,23375,23405,5706526,133959009630,코스피 200
20150914,069500,23480,23490,23155,23275,7245411,168749459455,코스피 200
20150915,069500,23280,23395,23245,23330,6282845,146752200205,코스피 200
20150916,069500,23485,23995,23485,23840,9129951,217877948895,코스피 200
20150917,069500,24085,24105,23920,23940,13153513,315521031645,코스피 200
20150918,069500,23885,24180,23675,24115,7790701,186984142730,코스피 200
20150921,069500,23835,23900,23610,23690,7700570,182553934625,코스피 200
20150922,069500,23765,23875,23670,23820,6244410,148830009935,코스피 200
20150923,069500,23560,23740,23465,23505,6130350,144422558110,코스피 200
20150924,069500,23580,23615,23430,23510,6535092,153635935920,코스피 200
20150925,069500,23470,23565,23315,23475,7066136,165587360905,코스피 200
20150930,069500,23130,23675,23105,23640,6054689,142276100510,코스피 200
20151001,069500,23625,24035,23565,23900,6554342,156573711345,코스피 200
20151002,069500,23875,23925,23720,23745,7608128,180991530745,코스피 200
20151005,069500,23840,24075,23735,23770,5584478,133470124255,코스피 200
20151006,069500,24040,24115,23965,23995,6031053,145018675610,코스피 200
20151007,069500,24050,24370,24050,24360,7295329,177217967885,코스피 200
20151008,069500,24460,24550,24355,24535,12072168,296338943780,코스피 200
20151012,069500,24620,24805,24565,24680,9479695,234161077325,코스피 200
20151013,069500,24660,24755,24545,24620,7919591,195186888245,코스피 200
20151014,069500,24580,24595,24395,24530,4957550,121591636705,코스피 200
20151015,069500,24525,24910,24510,24805,6054719,150226716125,코스피 200
20151016,069500,24860,24870,24710,24760,6991819,173286775605,코스피 200
20151019,069500,24825,24860,24660,24770,5332612,132110884545,코스피 200
20151020,069500,24750,24875,24710,24825,3372163,83765354370,코스피 200
20151021,069500,24815,25105,24815,24925,8376375,209389840930,코스피 200
20151022,069500,24855,24930,24740,24790,8887869,220426055305,코스피 200
20151023,069500,25040,25170,24940,24980,7881236,197485951255,코스피 200
20151026,069500,25105,25105,24995,25040,5380822,134848038395,코스피 200
20151027,069500,25005,25065,24895,25030,3190399,79717585155,코스피 200
20151028,069500,25035,25035,24835,25015,3629913,90617705295,코스피 200
20151029,069500,25035,25305,24885,24960,5831018,146063051500,코스피 200
20151030,069500,24890,25095,24875,25075,6977348,174639280355,코스피 200
20151102,069500,24995,25070,24915,25015,3308703,82831871115,코스피 200
20151103,069500,25180,25330,25165,25250,4514609,114075378430,코스피 200
20151104,069500,25330,25370,25150,25245,7778111,196582445565,코스피 200
20151105,069500,25185,25230,25065,25210,4738241,119329015735,코스피 200
20151106,069500,25165,25230,24985,25045,3718448,93300794965,코스피 200
20151109,069500,24975,25025,24850,24950,5320240,132815641830,코스피 200
20151110,069500,24815,24815,24570,24585,4346839,107154924715,코스피 200
20151111,069500,24535,24635,24420,24550,6154272,151319898655,코스피 200
20151112,069500,24540,24600,24490,24590,3680370,90387514705,코스피 200
20151113,069500,24325,24405,24250,24250,3819027,92901766785,코스피 200
20151116,069500,23980,24135,23965,23980,6331940,151965742005,코스피 200
20151117,069500,24195,24260,24105,24185,6450613,156030886085,코스피 200
20151118,069500,24130,24235,24105,24120,3103197,75018890765,코스피 200
20151119,069500,24340,24460,24240,24445,3324508,81192599315,코스피 200
20151120,069500,24485,24535,24445,24485,2751513,67438675165,코스피 200
20151123,069500,24535,24690,24525,24645,2850331,70219081470,코스피 200
20151124,069500,24645,24765,24635,24755,3475185,86000293940,코스피 200
20151125,069500,24740,24755,24640,24735,4145299,102475455035,코스피 200
20151126,069500,24755,25035,24750,25025,4867706,121570719705,코스피 200
20151127,069500,25045,25075,24950,24965,7219909,180439842920,코스피 200
20151130,069500,24855,24860,24380,24490,5439541,133402427770,코스피 200
20151201,069500,24560,24890,24560,24850,6721369,167014112800,코스피 200
20151202,069500,24850,24865,24690,24690,4396713,108752172665,코스피 200
20151203,069500,24540,24540,24310,24470,6307010,154173799505,코스피 200
20151204,069500,24195,24340,24180,24210,10029986,243266823860,코스피 200
20151207,069500,24375,24395,24125,24125,5700725,137852709790,코스피 200
20151208,069500,24100,24235,23965,24010,6643175,159627566660,코스피 200
20151209,069500,24030,24090,23965,24005,3655477,87787047555,코스피 200
20151210,069500,24000,24210,23920,24150,8971616,216212707645,코스피 200
20151211,069500,24105,24260,24035,24100,5556114,133908430330,코스피 200
20151214,069500,23895,23915,23740,23895,7310410,174452397070,코스피 200
20151215,069500,23985,24030,23875,23940,5300412,126853901300,코스피 200
20151216,069500,24140,24500,24110,24420,8567232,209009019885,코스피 200
20151217,069500,24530,24605,24325,24390,8313169,203209674455,코스피 200
20151218,069500,24185,24470,24170,24345,4098799,99848348225,코스피 200
20151221,069500,24370,24535,24215,24455,4752517,115993417095,코스피 200
20151222,069500,24415,24530,24290,24490,5232030,128065022845,코스피 200
20151223,069500,24560,24805,24530,24740,8991592,222300498520,코스피 200
20151224,069500,24855,24880,24580,24580,11424211,282055147570,코스피 200
20151228,069500,24600,24635,24250,24250,6297037,153433310965,코스피 200
20151229,069500,24310,24470,24225,24470,4947236,120659190750,코스피 200
20151230,069500,24530,24590,24335,24345,7619883,186001210330,코스피 200
20160104,069500,24265,24275,23850,23850,6928106,165914991805,코스피 200
20160105,069500,23805,24085,23805,24000,12419517,297960679425,코스피 200
20160106,069500,24000,24025,23705,23825,10875053,259214979285,코스피 200
20160107,069500,23775,23865,23540,23600,11213386,265105220525,코스피 200
20160108,069500,23460,23790,23410,23765,12256496,290146438715,코스피 200
20160111,069500,23465,23585,23405,23500,10958834,257543877825,코스피 200
20160112,069500,23610,23670,23385,23430,11482979,269667408855,코스피 200
20160113,069500,23540,23810,23535,23760,6266754,148796746435,코스피 200
20160114,069500,23490,23535,23315,23535,11743773,275321550530,코스피 200
20160115,069500,23730,23780,23180,23290,14708099,343284031215,코스피 200
20160118,069500,23050,23310,22965,23270,13340313,309793643210,코스피 200
20160119,069500,23270,23395,23065,23395,7491171,174456239035,코스피 200
20160120,069500,23285,23310,22705,22860,18654631,426949703510,코스피 200
20160121,069500,22870,23040,22795,22805,21662805,494981356690,코스피 200
20160122,069500,23030,23300,23015,23300,10685009,248159347430,코스피 200
20160125,069500,23385,23555,23290,23425,7052432,165381103520,코스피 200
20160126,069500,23290,23315,23000,23130,7114632,164590806890,코스피 200
20160127,069500,23315,23500,23295,23455,9841202,230668007555,코스피 200
20160128,069500,23280,23515,23185,23490,8797919,206546216720,코스피 200
20160129,069500,23415,23530,23270,23525,6034975,141719014180,코스피 200
20160201,069500,23645,23805,23595,23695,6549363,155350602275,코스피 200
20160202,069500,23605,23695,23510,23530,4881273,115004199405,코스피 200
20160203,069500,23285,23305,23150,23260,3880539,90268729925,코스피 200
20160204,069500,23425,23710,23395,23690,8733034,206659090215,코스피 200
20160205,069500,23655,23815,23635,23750,6815237,161915141285,코스피 200
20160211,069500,23240,23270,23055,23110,9004346,208358519960,코스피 200
20160212,069500,22985,23085,22775,22940,21102574,483836681875,코스피 200
20160215,069500,23180,23305,23130,23240,11780526,273794308810,코스피 200
20160216,069500,23260,23630,23260,23580,6015075,141490297520,코스피 200
20160217,069500,23525,23725,23495,23610,6529035,154198360840,코스피 200
20160218,069500,23925,23925,23790,23810,7532432,179713190700,코스피 200
20160219,069500,23770,23885,23770,23860,8483098,202516430680,코스피 200
20160222,069500,23800,23980,23755,23900,7132764,170494525430,코스피 200
20160223,069500,24025,24035,23850,23905,5621276,134524283215,코스피 200
20160224,069500,23875,23970,23780,23885,5258370,125643664835,코스피 200
20160225,069500,23935,24100,23825,23910,5827686,139576798390,코스피 200
20160226,069500,24015,24070,23910,23960,6107882,146415494400,코스피 200
20160229,069500,23895,24045,23860,23930,6109176,146254156130,코스피 200
20160302,069500,24210,24315,24190,24295,9181257,222911946075,코스피 200
20160303,069500,24350,24375,24305,24370,10971645,267617609160,코스피 200
20160304,069500,24370,24435,24325,24375,6674559,162861533255,코스피 200
20160307,069500,24425,24480,24410,24425,6048657,147908899275,코스피 200
20160308,069500,24460,24470,24180,24255,6036529,146602283145,코스피 200
20160309,069500,24210,24360,24170,24360,5275656,128113297535,코스피 200
20160310,069500,24410,24705,24390,24585,8053442,197878515835,코스피 200
20160311,069500,24595,24690,24565,24640,6403933,157855719150,코스피 200
20160314,069500,24780,24780,24600,24620,8175260,201510026805,코스피 200
20160315,069500,24620,24695,24520,24600,5265123,129669825250,코스피 200
20160316,069500,24660,24775,24605,24665,5109429,126121477205,코스피 200
20160317,069500,24770,25010,24755,24800,13686198,340646137750,코스피 200
20160318,069500,24910,24915,24765,24815,5537119,137711138690,코스피 200
20160321,069500,24905,24965,24710,24785,3691275,91641641200,코스피 200
20160322,069500,24845,24910,24795,24910,3391564,84398368195,코스피 200
20160323,069500,24920,25000,24855,24890,5018319,125095463935,코스피 200
20160324,069500,24815,24900,24725,24825,4471112,111039839080,코스피 200
20160325,069500,24870,24880,24770,24780,3739345,92789347520,코스피 200
20160328,069500,24780,24895,24770,24820,3106925,77142055710,코스피 200
20160329,069500,24820,24980,24820,24950,7442377,185592307010,코스피 200
20160330,069500,25060,25125,25035,25060,8646915,216827085435,코스피 200
20160331,069500,25105,25110,24885,24955,6169286,154194047735,코스피 200
20160401,069500,24925,24945,24600,24600,5873019,144965625855,코스피 200
20160404,069500,24620,24675,24565,24645,4534992,111915611850,코스피 200
20160405,069500,24580,24590,24415,24440,3235081,79216469330,코스피 200
20160406,069500,24440,24610,24430,24565,5765736,141779603805,코스피 200
20160407,069500,24660,24705,24480,24580,3262219,80218495675,코스피 200
20160408,069500,24435,24555,24320,24530,4175754,102034472925,코스피 200
20160411,069500,24525,24590,24425,24550,4489748,110301738635,코스피 200
20160412,069500,24555,24760,24535,24745,3786372,93544298290,코스피 200
20160414,069500,25115,25260,25050,25250,6799776,171557089690,코스피 200
20160415,069500,25235,25310,25205,25230,8429479,213056166750,코스피 200
20160418,069500,25045,25165,25000,25145,3563670,89664365170,코스피 200
20160419,069500,25220,25300,25165,25180,3458417,87198144715,코스피 200
20160420,069500,25220,25340,25095,25095,3405538,85811547600,코스피 200
20160421,069500,25210,25345,25190,25290,3198893,80947272995,코스피 200
20160422,069500,25205,25270,25160,25195,4006546,101119708085,코스피 200
20160425,069500,25200,25210,25085,25165,4152831,104593202670,코스피 200
20160426,069500,25160,25330,25140,25240,2157664,54502132795,코스피 200
20160427,069500,25230,25275,25215,25240,4288114,108306107575,코스피 200
20160428,069500,24910,24910,24530,24530,8303112,205134152995,코스피 200
20160429,069500,24530,24555,24345,24450,4103000,100257601710,코스피 200
20160502,069500,24400,24405,24250,24265,4681049,113765217635,코스피 200
20160503,069500,24365,24385,24275,24340,4827054,117605564070,코스피 200
20160504,069500,24225,24290,24145,24215,4394388,106446020665,코스피 200
20160509,069500,24215,24255,24125,24175,5981643,144702219880,코스피 200
20160510,069500,24125,24270,24115,24270,3887521,94315041825,코스피 200
20160511,069500,24345,24350,24125,24245,4838240,117194044065,코스피 200
20160512,069500,24165,24260,24090,24190,6711310,162435253960,코스피 200
20160513,069500,24180,24190,23960,24000,4100542,98517851145,코스피 200
20160516,069500,23935,24100,23915,24035,8244805,198380297095,코스피 200
20160517,069500,24070,24080,23960,24050,3626007,87205249475,코스피 200
20160518,069500,23985,23985,23780,23915,6516665,155793240110,코스피 200
20160519,069500,23840,23900,23810,23850,4323292,103165823065,코스피 200
20160520,069500,23815,23915,23790,23850,2454959,58589323710,코스피 200
20160523,069500,23890,23945,23735,23915,3320346,79356581395,코스피 200
20160524,069500,23885,23885,23740,23745,3647086,86736158165,코스피 200
20160525,069500,23885,24095,23880,24080,7316884,176051949870,코스피 200
20160526,069500,24090,24140,24005,24035,6910397,166245136155,코스피 200
20160527,069500,24075,24170,24030,24160,4718773,113817980500,코스피 200
20160530,069500,24160,24160,23990,24105,4034210,97289883095,코스피 200
20160531,069500,24075,24300,23970,24300,4623806,112102438750,코스피 200
20160601,069500,24225,24345,24170,24315,5285423,128529441955,코스피 200
20160602,069500,24305,24365,24270,24360,4575200,111458706010,코스피 200
20160603,069500,24405,24425,24325,24400,4734457,115514036835,코스피 200
20160607,069500,24435,24740,24435,24725,5799058,143028350600,코스피 200
20160608,069500,24725,24975,24720,24975,7767048,193218609605,코스피 200
20160609,069500,24960,25110,24845,24965,9688708,242098291650,코스피 200
20160610,069500,24950,24955,24865,24865,7425178,184793892240,코스피 200
20160613,069500,24685,24700,24350,24350,6826234,166968332105,코스피 200
20160614,069500,24310,24380,24195,24270,4587339,111472669085,코스피 200
20160615,069500,24225,24355,24160,24260,4026938,97755870150,코스피 200
20160616,069500,24270,24310,23995,24075,5969003,143975403675,코스피 200
20160617,069500,24235,24345,24100,24115,7078421,171092732030,코스피 200
20160620,069500,24340,24490,24325,24450,3442351,84137170045,코스피 200
20160621,069500,24430,24475,24335,24450,3969436,97080056065,코스피 200
20160622,069500,24465,24655,24400,24590,3413129,83932140695,코스피 200
20160623,069500,24585,24640,24540,24605,5371171,132064444695,코스피 200
20160624,069500,24700,24765,23475,23815,19625354,470356593505,코스피 200
20160627,069500,23760,23890,23680,23880,15481345,369532886895,코스피 200
20160628,069500,23650,24015,23630,23940,12372785,295743235930,코스피 200
20160629,069500,24060,24345,24005,24225,6426649,155802908160,코스피 200
20160630,069500,24350,24400,24215,24400,5709180,138968117175,코스피 200
20160701,069500,24420,24675,24405,24600,7538112,185575945770,코스피 200
20160704,069500,24600,24725,24560,24685,5154796,127338913065,코스피 200
20160705,069500,24655,24700,24580,24655,4674435,115287544920,코스피 200
20160706,069500,24555,24555,24050,24160,11041991,266912538560,코스피 200
20160707,069500,24285,24480,24220,24435,8326585,203545511765,코스피 200
20160708,069500,24375,24495,24245,24310,3733593,90859355785,코스피 200
20160711,069500,24540,24725,24540,24670,5807082,143345937700,코스피 200
20160712,069500,24705,24810,24600,24670,7246168,179029671970,코스피 200
20160713,069500,24860,24955,24735,24835,10864469,270156901120,코스피 200
20160714,069500,24815,24930,24790,24880,7325438,182500696725,코스피 200
20160715,069500,24995,25105,24920,25005,8123086,203414296380,코스피 200
20160718,069500,25015,25105,25000,25050,4722976,118472934845,코스피 200
20160719,069500,25085,25085,24950,25015,3536734,88500189335,코스피 200
20160720,069500,25005,25005,24840,24970,3956238,98756323345,코스피 200
20160721,069500,25070,25085,24940,24995,1655442,41416182685,코스피 200
20160722,069500,24890,25020,24825,24980,1647776,41156119500,코스피 200
20160725,069500,25045,25100,24940,24995,3069100,76786986025,코스피 200
20160726,069500,24970,25230,24940,25215,2570391,64645578080,코스피 200
20160727,069500,25210,25275,25195,25200,3237968,81718086970,코스피 200
20160728,069500,25200,25250,25070,25135,3240044,81475047055,코스피 200
20160729,069500,25130,25280,25080,25115,2875706,72363008425,코스피 200
20160801,069500,25200,25335,25200,25320,5174666,131017076350,코스피 200
20160802,069500,25250,25260,25110,25125,3033790,76333005785,코스피 200
20160803,069500,24950,24970,24790,24805,3943050,98039116365,코스피 200
20160804,069500,24950,24955,24795,24860,2867362,71353867100,코스피 200
20160805,069500,24920,25145,24905,25130,4022891,101031288490,코스피 200
20160808,069500,25300,25370,25185,25320,7453140,188552545330,코스피 200
20160809,069500,25370,25555,25330,25515,8501106,216681982470,코스피 200
20160810,069500,25475,25550,25430,25430,9068121,231328772975,코스피 200
20160811,069500,25430,25465,25350,25460,4800310,122135480085,코스피 200
20160812,069500,25540,25705,25505,25550,3616432,92592400580,코스피 200
20160816,069500,25635,25710,25535,25535,3254987,83371236480,코스피 200
20160817,069500,25500,25560,25405,25515,2999724,76471381590,코스피 200
20160818,069500,25530,25710,25495,25700,3610366,92663023850,코스피 200
20160819,069500,25730,25770,25665,25760,3608250,92974668945,코스피 200
20160822,069500,25720,25745,25595,25610,2882931,73976416825,코스피 200
20160823,069500,25630,25745,25630,25745,1943488,49965027025,코스피 200
20160824,069500,25735,25755,25585,25625,3294168,84550196825,코스피 200
20160825,069500,25615,25710,25530,25670,3417635,87699537760,코스피 200
20160826,069500,25585,25595,25445,25570,2481063,63407732665,코스피 200
20160829,069500,25405,25600,25370,25575,2216712,56629252320,코스피 200
20160830,069500,25655,25815,25645,25680,4383468,112751818245,코스피 200
20160831,069500,25680,25685,25530,25585,2568596,65796585655,코스피 200
20160901,069500,25455,25520,25325,25520,4075206,103774621520,코스피 200
20160902,069500,25525,25570,25475,25570,3290692,84065415040,코스피 200
20160905,069500,25715,25900,25695,25895,5315887,137515623415,코스피 200
20160906,069500,25880,25995,25880,25990,5580683,145028408125,코스피 200
20160907,069500,25995,26130,25940,25940,4875560,127008163790,코스피 200
20160908,069500,26005,26060,25880,25935,5248319,136226762060,코스피 200
20160909,069500,25765,25785,25565,25630,5247399,134607397485,코스피 200
20160912,069500,25215,25305,24985,24985,9056500,227398144655,코스피 200
20160913,069500,25300,25300,25075,25075,8017513,201468618575,코스피 200
20160919,069500,25090,25350,25060,25335,2945201,74489405705,코스피 200
20160920,069500,25240,25390,25220,25375,3736461,94753957615,코스피 200
20160921,069500,25350,25545,25340,25545,2559911,65206417755,코스피 200
20160922,069500,25725,25870,25710,25770,3789502,97794503250,코스피 200
20160923,069500,25840,25840,25710,25750,5156754,132918598090,코스피 200
20160926,069500,25745,25855,25625,25665,3192239,82000594120,코스피 200
20160927,069500,25575,25890,25450,25840,3405939,87670182035,코스피 200
20160928,069500,25810,25835,25735,25765,1401641,36137948205,코스피 200
20160929,069500,25875,26020,25870,25945,4130893,107292310135,코스피 200
20160930,069500,25790,25820,25650,25665,3351934,86233905840,코스피 200
20161004,069500,25815,25890,25765,25815,2378011,61445174015,코스피 200
20161005,069500,25635,25860,25570,25800,2446992,63062233190,코스피 200
20161006,069500,25995,26030,25870,25980,2375936,61732086690,코스피 200
20161007,069500,25955,26015,25890,25900,4017192,104229291420,코스피 200
20161010,069500,25825,25980,25710,25940,2147381,55686027825,코스피 200
20161011,069500,25890,25975,25560,25580,5030551,129021097825,코스피 200
20161012,069500,25435,25615,25420,25560,6729697,172071044245,코스피 200
20161013,069500,25520,25555,25295,25335,5641997,143164714720,코스피 200
20161014,069500,25395,25530,25390,25465,4056539,103383066535,코스피 200
20161017,069500,25495,25595,25290,25505,3918210,99918331835,코스피 200
20161018,069500,25540,25700,25515,25680,3135750,80555675085,코스피 200
20161019,069500,25650,25850,25625,25710,2901970,74757579785,코스피 200
20161020,069500,25745,25845,25715,25735,2757686,71104425010,코스피 200
20161021,069500,25715,25765,25600,25610,2238641,57450998985,코스피 200
20161024,069500,25725,25835,25710,25805,2412542,62343535160,코스피 200
20161025,069500,25780,25820,25720,25765,2764074,71305609340,코스피 200
20161026,069500,25655,25655,25340,25450,7481080,190432476915,코스피 200
20161027,069500,25540,25615,25490,25565,6349254,162502108230,코스피 200
20161028,069500,25545,25660,25525,25580,3102997,79406842995,코스피 200
20161031,069500,25480,25595,25425,25530,3072318,78497725920,코스피 200
20161101,069500,25520,25555,25290,25540,4500530,114493485485,코스피 200
20161102,069500,25350,25400,25205,25205,7330581,185202301740,코스피 200
20161103,069500,25185,25315,25125,25290,8413905,212650665220,코스피 200
20161104,069500,25225,25290,25165,25200,5532081,139485528370,코스피 200
20161107,069500,25490,25500,25360,25445,3737134,95061765395,코스피 200
20161108,069500,25560,25560,25360,25500,4266216,108719417405,코스피 200
20161109,069500,25570,25665,24635,24975,19269214,481498134770,코스피 200
20161110,069500,25310,25485,25260,25470,17719544,450989821355,코스피 200
20161111,069500,25305,25335,25155,25215,6292657,158653551315,코스피 200
20161114,069500,25170,25215,24980,25015,5086311,127383874790,코스피 200
20161115,069500,24980,25065,24915,24925,4037651,100748267925,코스피 200
20161116,069500,25055,25110,24990,25015,3514582,87979139585,코스피 200
20161117,069500,24930,25035,24830,25000,3076471,76867313195,코스피 200
20161118,069500,25055,25060,24885,24990,3085451,77085087610,코스피 200
20161121,069500,24930,25030,24890,24940,2631407,65649777890,코스피 200
20161122,069500,25040,25255,25025,25225,2600007,65503984775,코스피 200
20161123,069500,25225,25420,25200,25320,5046975,127908937455,코스피 200
20161124,069500,25285,25335,25125,25190,5065516,127725784305,코스피 200
20161125,069500,25240,25265,25160,25200,2646319,66713391970,코스피 200
20161128,069500,25210,25315,25055,25275,3283422,82907216105,코스피 200
20161129,069500,25275,25330,25225,25285,5853943,147991979895,코스피 200
20161130,069500,25290,25465,25280,25410,3691448,93761457325,코스피 200
20161201,069500,25435,25480,25370,25430,5204310,132388597895,코스피 200
20161202,069500,25320,25370,25205,25250,4299486,108619934765,코스피 200
20161205,069500,25230,25270,25135,25220,6372927,160742776685,코스피 200
20161206,069500,25400,25575,25400,25525,5130275,130914994440,코스피 200
20161207,069500,25595,25635,25540,25595,8680733,222193684930,코스피 200
20161208,069500,25810,26030,25810,26030,11348545,295495365045,코스피 200
20161209,069500,26025,26065,25970,26045,8711845,226982694565,코스피 200
20161212,069500,26130,26130,25940,26010,5999888,156124180950,코스피 200
20161213,069500,26000,26080,25980,26060,5246090,136759299970,코스피 200
20161214,069500,26160,26235,26050,26085,5089778,133034568765,코스피 200
20161215,069500,25900,26135,25890,26075,3930424,102481400560,코스피 200
20161216,069500,26065,26170,26035,26140,4686365,122570589225,코스피 200
20161219,069500,26065,26210,26065,26160,3314744,86720600325,코스피 200
20161220,069500,26185,26255,26170,26220,2976131,78054901935,코스피 200
20161221,069500,26265,26360,26185,26185,4030759,105813068785,코스피 200
20161222,069500,26205,26235,26150,26170,3339749,87439372025,코스피 200
20161223,069500,26165,26175,26110,26135,5307098,138715876185,코스피 200
20161226,069500,26165,26195,26130,26185,2903870,76023752850,코스피 200
20161227,069500,26170,26240,26170,26225,2498477,65507900445,코스피 200
20161228,069500,26255,26380,26255,26310,10184346,268551547035,코스피 200
20161229,069500,26280,26335,26240,26325,6260945,165162428250,코스피 200
20170102,069500,26320,26485,26230,26415,1777682,46961858835,코스피 200
20170103,069500,26485,26625,26450,26625,3828836,101884610055,코스피 200
20170104,069500,26615,26665,26600,26655,4550625,121460530525,코스피 200
20170105,069500,26625,26650,26540,26550,6879740,182968105860,코스피 200
20170106,069500,26610,26715,26605,26665,3241985,86535027395,코스피 200
20170109,069500,26700,26770,26675,26730,3023212,80871333410,코스피 200
20170110,069500,26645,26735,26635,26695,5235813,139809651360,코스피 200
20170111,069500,26730,27260,26730,27175,3617022,98156826180,코스피 200
20170112,069500,27210,27295,27175,27245,3631336,99118001180,코스피 200
20170113,069500,27200,27240,27170,27175,1848887,50279830490,코스피 200
20170116,069500,27160,27220,26950,27025,7028957,190004053425,코스피 200
20170117,069500,27055,27225,27055,27130,6350767,172460749770,코스피 200
20170118,069500,27130,27190,26915,27115,3904933,105802757255,코스피 200
20170119,069500,27225,27380,26995,27130,3794203,102968699420,코스피 200
20170120,069500,27040,27115,27015,27090,1935793,52425112575,코스피 200
20170123,069500,27055,27155,26910,27065,3291281,89077996135,코스피 200
20170124,069500,27080,27195,27015,27070,3057338,82754056305,코스피 200
20170125,069500,27245,27260,27075,27170,2351974,63898692325,코스피 200
20170126,069500,27270,27460,27195,27390,2784480,76241165160,코스피 200
20170131,069500,27305,27345,27220,27240,3256829,88813137160,코스피 200
20170201,069500,27295,27345,27270,27320,5871040,160447653805,코스피 200
20170202,069500,27315,27475,27175,27215,3419261,93316781850,코스피 200
20170203,069500,27280,27310,27115,27235,4319389,117667157530,코스피 200
20170206,069500,27465,27500,27255,27300,3398363,92912698450,코스피 200
20170207,069500,27365,27365,27220,27275,3484783,95079878265,코스피 200
20170208,069500,27200,27205,26970,27145,7551318,204612479200,코스피 200
20170209,069500,27180,27265,27105,27185,4029419,109629786120,코스피 200
20170210,069500,27325,27365,27230,27235,2747789,75004178530,코스피 200
20170213,069500,27235,27270,27195,27250,3588001,97838514610,코스피 200
20170214,069500,27330,27330,27110,27175,4028071,109578057675,코스피 200
20170215,069500,27160,27310,27110,27260,3094119,84398898105,코스피 200
20170216,069500,27310,27390,27215,27245,2545134,69450343870,코스피 200
20170217,069500,27160,27285,27160,27245,2829707,77152052510,코스피 200
20170220,069500,27295,27340,27230,27335,2206269,60310417240,코스피 200
20170221,069500,27370,27705,27345,27585,6591186,182086754765,코스피 200
20170222,069500,27620,27680,27590,27640,6794414,187950891945,코스피 200
20170223,069500,27630,27665,27590,27650,3092980,85555821105,코스피 200
20170224,069500,27625,27660,27380,27440,6482411,177972977250,코스피 200
20170227,069500,27430,27465,27265,27315,4687143,128140200475,코스피 200
20170228,069500,27345,27420,27310,27365,3112811,85308952560,코스피 200
20170302,069500,27555,27705,27500,27620,4453594,123025321985,코스피 200
20170303,069500,27505,27525,27275,27355,8438670,230889164950,코스피 200
20170306,069500,27260,27420,27215,27385,5201127,142537567515,코스피 200
20170307,069500,27430,27595,27380,27550,5520691,152121782870,코스피 200
20170308,069500,27520,27660,27470,27600,3562785,98370924350,코스피 200
20170309,069500,27610,27650,27510,27545,5421193,149388246315,코스피 200
20170310,069500,27450,27655,27375,27565,3527103,97082607700,코스피 200
20170313,069500,27620,27960,27610,27875,5173439,144326512445,코스피 200
20170314,069500,27980,28150,27970,28130,9743095,273999471870,코스피 200
20170315,069500,28120,28195,28080,28165,6137903,172895212020,코스피 200
20170316,069500,28480,28535,28320,28370,5787558,164361525315,코스피 200
20170317,069500,28390,28540,28350,28495,3543595,101017328075,코스피 200
20170320,069500,28490,28490,28370,28460,4678513,133113012330,코스피 200
20170321,069500,28565,28825,28510,28735,4389633,126171105575,코스피 200
20170322,069500,28545,28640,28495,28640,7699898,220357762595,코스피 200
20170323,069500,28740,28805,28650,28685,4385025,125971206115,코스피 200
20170324,069500,28710,28795,28570,28640,2707375,77603943605,코스피 200
20170327,069500,28510,28600,28420,28460,8230373,234475855130,코스피 200
20170328,069500,28580,28615,28480,28525,4361528,124503382820,코스피 200
20170329,069500,28645,28665,28535,28620,5477534,156689246070,코스피 200
20170330,069500,28650,28750,28540,28595,3937426,112654883115,코스피 200
20170331,069500,28630,28655,28530,28540,4240701,121192774600,코스피 200
20170403,069500,28615,28710,28555,28610,2293260,65634808270,코스피 200
20170404,069500,28580,28625,28490,28550,2373337,67813094220,코스피 200
20170405,069500,28555,28575,28320,28500,5141489,146551295140,코스피 200
20170406,069500,28420,28420,28265,28390,6615309,187726160915,코스피 200
20170407,069500,28445,28445,28230,28340,6236891,176857157405,코스피 200
20170410,069500,28340,28340,28115,28175,5606867,158034042295,코스피 200
20170411,069500,28120,28190,27965,28060,6295759,176570366220,코스피 200
20170412,069500,28065,28085,27995,28075,4510670,126588080055,코스피 200
20170413,069500,28120,28340,28055,28340,4494395,126985826825,코스피 200
20170414,069500,28250,28270,28040,28215,4997183,140934603545,코스피 200
20170417,069500,28255,28375,28210,28275,3806512,107675434735,코스피 200
20170418,069500,28410,28425,28180,28260,3723754,105295908970,코스피 200
20170419,069500,28220,28275,28045,28135,4365773,122862228555,코스피 200
20170420,069500,28060,28255,28025,28255,4327647,122153578325,코스피 200
20170421,069500,28370,28535,28335,28490,4364458,124241266410,코스피 200
20170424,069500,28610,28685,28555,28640,5817326,166518882350,코스피 200
20170425,069500,28665,28955,28650,28930,3291391,94861979735,코스피 200
20170426,069500,29030,29165,29015,29105,3042024,88554664810,코스피 200
20170427,069500,28610,28705,28575,28685,5204716,149316347095,코스피 200
20170428,069500,28755,28865,28715,28745,12038877,346477049260,코스피 200
20170502,069500,28865,29145,28850,28970,6582431,190912313540,코스피 200
20170504,069500,29085,29260,29065,29260,7917792,231149438190,코스피 200
20170508,069500,29315,30025,29290,30025,11556741,341513236815,코스피 200
20170510,069500,30065,30560,29625,29700,11889522,356629051325,코스피 200
20170511,069500,29855,30135,29755,30070,13264029,398290696435,코스피 200
20170512,069500,30080,30125,29900,29940,7875837,236130823895,코스피 200
20170515,069500,29975,30105,29870,30010,7048613,211426236795,코스피 200
20170516,069500,30205,30290,29920,30050,6893566,207406130995,코스피 200
20170517,069500,29960,30100,29915,30035,11627069,348996103770,코스피 200
20170518,069500,29745,29980,29680,29975,12313977,368238368960,코스피 200
20170519,069500,29945,30015,29880,29915,7516977,225063415375,코스피 200
20170522,069500,30115,30170,29995,30155,6589286,198348328050,코스피 200
20170523,069500,30215,30480,30180,30245,12525517,379409292560,코스피 200
20170524,069500,30325,30385,30240,30275,9760393,295619599585,코스피 200
20170525,069500,30425,30650,30340,30630,10920987,333535293135,코스피 200
20170526,069500,30655,30970,30620,30820,13233158,407482831305,코스피 200
20170529,069500,30940,31040,30620,30790,9536531,294385974495,코스피 200
20170530,069500,30760,30805,30420,30580,12166295,372313084805,코스피 200
20170531,069500,30515,30730,30480,30585,8540311,261362230885,코스피 200
20170601,069500,30560,30635,30415,30500,9064658,276757934620,코스피 200
20170602,069500,30620,30910,30615,30875,11555204,356214587430,코스피 200
20170605,069500,30920,30970,30800,30830,5965670,184306112880,코스피 200
20170607,069500,30805,30865,30645,30645,7073240,217512980680,코스피 200
20170608,069500,30680,30815,30515,30800,6082878,186662769360,코스피 200
20170609,069500,30825,31105,30825,31030,6002153,186209496280,코스피 200
20170612,069500,30835,30925,30680,30730,9448552,290560070905,코스피 200
20170613,069500,30735,30940,30735,30900,7759524,239701181700,코스피 200
20170614,069500,31010,31110,30815,30895,4987073,154212252885,코스피 200
20170615,069500,30870,30980,30605,30770,6635992,204171199795,코스피 200
20170616,069500,30780,30850,30710,30780,6472246,199272675120,코스피 200
20170619,069500,30770,31030,30720,30945,7179309,222272822575,코스피 200
20170620,069500,31100,31130,30975,31040,10953098,339905740555,코스피 200
20170621,069500,30880,30910,30730,30845,11035679,340441474900,코스피 200
20170622,069500,30935,31050,30850,31050,6920374,214481078950,코스피 200
20170623,069500,31045,31180,31010,31125,11067733,343694998400,코스피 200
20170626,069500,31155,31320,31140,31295,10055304,314355827635,코스피 200
20170627,069500,31235,31390,31225,31305,10740854,336345050305,코스피 200
20170628,069500,31170,31300,31160,31205,6795942,212217764165,코스피 200
20170629,069500,31370,31525,31370,31420,6384754,200768604220,코스피 200
20170630,069500,31220,31325,31190,31325,10200611,319176057085,코스피 200
20170703,069500,31395,31430,31260,31395,6314386,197994227395,코스피 200
20170704,069500,31405,31435,31165,31200,8262663,258387057210,코스피 200
20170705,069500,31125,31355,31115,31320,5744072,179732650600,코스피 200
20170706,069500,31395,31395,31240,31325,6394300,200281665360,코스피 200
20170707,069500,31200,31285,31115,31200,5436532,169779479975,코스피 200
20170710,069500,31300,31390,31220,31305,4338365,135792942915,코스피 200
20170711,069500,31345,31500,31300,31480,4983074,156591405550,코스피 200
20170712,069500,31480,31555,31450,31475,9780095,307997722645,코스피 200
20170713,069500,31655,31980,31645,31815,12927108,411331632875,코스피 200
20170714,069500,31875,31955,31835,31860,11158387,355728774725,코스피 200
20170717,069500,32060,32095,31935,31995,6425352,205564588935,코스피 200
20170718,069500,31980,32005,31920,31985,6639047,212304829785,코스피 200
20170719,069500,32040,32055,31910,32025,5615417,179678116255,코스피 200
20170720,069500,32110,32235,32030,32190,5294771,170199912090,코스피 200
20170721,069500,32155,32340,32155,32325,5658962,182585313115,코스피 200
20170724,069500,32325,32325,32245,32315,3351267,108244187215,코스피 200
20170725,069500,32325,32345,32135,32155,5120377,164811249460,코스피 200
20170726,069500,32215,32225,32025,32080,3011509,96720707390,코스피 200
20170727,069500,32185,32285,32105,32185,3536627,113799265365,코스피 200
20170728,069500,31975,31975,31430,31460,10331201,326514590930,코스피 200
20170731,069500,31320,31510,31305,31460,11381687,358053755005,코스피 200
20170801,069500,31395,31905,31355,31740,8635707,274152807665,코스피 200
20170802,069500,31845,31910,31785,31825,5274644,167789466890,코스피 200
20170803,069500,31725,31740,31055,31260,7165948,224300927665,코스피 200
20170804,069500,31340,31470,31240,31425,6521632,204683688745,코스피 200
20170807,069500,31455,31610,31395,31445,6370331,200614274415,코스피 200
20170808,069500,31510,31605,31215,31395,7209345,226486058080,코스피 200
20170809,069500,31155,31255,30955,31000,7663212,238114810455,코스피 200
20170810,069500,30895,31020,30630,30855,7584552,234048324455,코스피 200
20170811,069500,30420,30525,30220,30290,6578604,199681385075,코스피 200
20170814,069500,30510,30610,30430,30560,4921491,150236392185,코스피 200
20170816,069500,30835,30900,30705,30745,4457108,137128857150,코스피 200
20170817,069500,30805,30985,30735,30920,7803995,241236092430,코스피 200
20170818,069500,30670,30925,30645,30890,6948331,214305631110,코스피 200
20170821,069500,30975,30975,30790,30855,6667195,205692860110,코스피 200
20170822,069500,30920,31030,30895,30960,4291518,132919306865,코스피 200
20170823,069500,31160,31170,30930,30980,6962413,215896568980,코스피 200
20170824,069500,31010,31205,31010,31125,5337470,166123960370,코스피 200
20170825,069500,31190,31255,31080,31145,4985027,155300980650,코스피 200
20170828,069500,31125,31210,30940,30965,3676896,113968434545,코스피 200
20170829,069500,30800,30885,30455,30885,7869563,242009262145,코스피 200
20170830,069500,30945,31000,30875,31000,4468600,138416300595,코스피 200
20170831,069500,31025,31060,30745,30810,7255256,223956666910,코스피 200
20170901,069500,30915,30955,30700,30810,8286500,255459144205,코스피 200
20170904,069500,30340,30675,30340,30465,6547950,199840979450,코스피 200
20170905,069500,30585,30590,30360,30435,6054832,184340076565,코스피 200
20170906,069500,30380,30425,30285,30370,8924732,271078654070,코스피 200
20170907,069500,30475,30780,30450,30750,10150748,311819384030,코스피 200
20170908,069500,30800,30825,30705,30770,6400452,196957312620,코스피 200
20170911,069500,30910,31170,30905,31050,6307328,195926624825,코스피 200
20170912,069500,31190,31195,31010,31075,4717070,146593282115,코스피 200
20170913,069500,31130,31260,31005,31090,4641137,144441841875,코스피 200
20170914,069500,31095,31210,31030,31210,5249557,163654527635,코스피 200
20170915,069500,31190,31390,31125,31385,5251347,164514353990,코스피 200
20170918,069500,31415,31915,31415,31890,7854949,249794898495,코스피 200
20170919,069500,31915,31955,31855,31875,7043950,224644227050,코스피 200
20170920,069500,31940,32095,31760,31855,8456303,269635254460,코스피 200
20170921,069500,31825,31930,31780,31880,6420635,204670771000,코스피 200
20170922,069500,31850,31955,31590,31675,8250667,261577319895,코스피 200
20170925,069500,31710,31745,31575,31645,4004198,126764788790,코스피 200
20170926,069500,31540,31600,31420,31485,7092878,223340629425,코스피 200
20170927,069500,31510,31510,31385,31420,4731295,148688888275,코스피 200
20170928,069500,31460,31550,31360,31455,10373532,326192863810,코스피 200
20170929,069500,31470,31700,31470,31700,9891922,313147664775,코스피 200
20171010,069500,32185,32450,32105,32275,11924669,385406444510,코스피 200
20171011,069500,32405,32625,32390,32615,17666943,575478322080,코스피 200
20171012,069500,32670,32835,32640,32825,9678675,317395387705,코스피 200
20171013,069500,32810,32875,32735,32785,5911090,193895190735,코스피 200
20171016,069500,32865,32965,32760,32815,5911284,194124526210,코스피 200
20171017,069500,32830,32940,32815,32885,12861426,423134755100,코스피 200
20171018,069500,32845,32970,32790,32865,5550579,182552750420,코스피 200
20171019,069500,32950,32985,32680,32735,9881010,324209386470,코스피 200
20171020,069500,32745,32910,32735,32910,6409974,210768235950,코스피 200
20171023,069500,33040,33070,32905,33010,20270648,668449821850,코스피 200
20171024,069500,33005,33055,32950,32950,8932702,294685228885,코스피 200
20171025,069500,32985,33050,32850,32975,8975683,296064732130,코스피 200
20171026,069500,32985,33000,32750,32750,2933625,96541188015,코스피 200
20171027,069500,32770,33020,32735,32975,3605678,118752100505,코스피 200
20171030,069500,33130,33160,33000,33045,8076036,266987315845,코스피 200
20171031,069500,33050,33460,33000,33375,18472117,613881549505,코스피 200
20171101,069500,33665,33925,33575,33925,14991272,507106735740,코스피 200
20171102,069500,33940,33960,33730,33805,11811684,399591120680,코스피 200
20171103,069500,33910,33960,33650,33880,8209861,277727200355,코스피 200
20171106,069500,33880,33910,33485,33745,9062077,305522050435,코스피 200
20171107,069500,33730,33865,33660,33710,8513456,287150361495,코스피 200
20171108,069500,33565,33930,33525,33810,14956286,505118315975,코스피 200
20171109,069500,33880,33900,33545,33715,9998632,337367626640,코스피 200
20171110,069500,33525,33690,33495,33625,8987956,302201438775,코스피 200
20171113,069500,33640,33760,33420,33450,6020530,201814467880,코스피 200
20171114,069500,33475,33505,33365,33425,6311474,210923647625,코스피 200
20171115,069500,33390,33390,33180,33220,6057621,201452391760,코스피 200
20171116,069500,33300,33500,33225,33435,8349290,279103450875,코스피 200
20171117,069500,33605,33835,33425,33425,16551618,554940725515,코스피 200
20171120,069500,33485,33545,33245,33280,16318516,544332713475,코스피 200
20171121,069500,33410,33505,33300,33355,9555691,319086310430,코스피 200
20171122,069500,33600,33735,33485,33560,13442803,451344204985,코스피 200
20171123,069500,33610,33615,33445,33500,7849119,262981152815,코스피 200
20171124,069500,33515,33570,33410,33570,8624880,289024023175,코스피 200
20171127,069500,33595,33605,32965,33000,8342543,275845415935,코스피 200
20171128,069500,33005,33175,32900,33090,9572220,316745541270,코스피 200
20171129,069500,33140,33255,33045,33075,4785310,158403633015,코스피 200
20171130,069500,32860,32975,32505,32535,7858593,256805118140,코스피 200
20171201,069500,32630,32680,32465,32525,7732881,251817647860,코스피 200
20171204,069500,32665,32870,32515,32870,7358038,241294816400,코스피 200
20171205,069500,32700,33040,32645,32960,7183040,236581720270,코스피 200
20171206,069500,32980,32980,32490,32490,8966652,292218516620,코스피 200
20171207,069500,32575,32590,32270,32385,10300065,333745659200,코스피 200
20171208,069500,32505,32570,32370,32485,10577846,343687975825,코스피 200
20171211,069500,32530,32560,32375,32525,8601745,279504699810,코스피 200
20171212,069500,32520,32550,32350,32415,9463306,306703321945,코스피 200
20171213,069500,32480,32690,32360,32670,7450056,242778444115,코스피 200
20171214,069500,32740,33150,32705,32705,7594713,249786663650,코스피 200
20171215,069500,32820,32895,32585,32650,8519096,278438751585,코스피 200
20171218,069500,32680,32740,32600,32690,5399373,176420447670,코스피 200
20171219,069500,32815,32975,32615,32700,6007262,196589749110,코스피 200
20171220,069500,32645,32775,32600,32610,7748979,252985368495,코스피 200
20171221,069500,32530,32590,31975,31975,8563000,275216736825,코스피 200
20171222,069500,32065,32205,31985,32130,8482482,272466236460,코스피 200
20171226,069500,32200,32395,32000,32000,7603311,244606585305,코스피 200
20171227,069500,32110,32375,32045,32375,12654745,407751479910,코스피 200
20171228,069500,32390,32815,32385,32780,7560958,246934313430,코스피 200
20180102,069500,32910,33005,32805,32925,4611286,151869670235,코스피 200
20180103,069500,33070,33170,32990,33065,6665204,220553839895,코스피 200
20180104,069500,33260,33275,32800,32805,8194471,269834436580,코스피 200
20180105,069500,32895,33250,32895,33250,7465878,247900034165,코스피 200
20180108,069500,33390,33530,33205,33475,7375511,246712562770,코스피 200
20180109,069500,33380,33620,33200,33340,7326903,244941650405,코스피 200
20180110,069500,33435,33450,33085,33125,9690515,321746413615,코스피 200
20180111,069500,33110,33160,32885,32955,4424664,146033251565,코스피 200
20180112,069500,33030,33100,32790,33015,5001713,165035299850,코스피 200
20180115,069500,33185,33255,32995,33090,7824946,258900995300,코스피 200
20180116,069500,33095,33415,33025,33350,5715609,190428386280,코스피 200
20180117,069500,33280,33370,33175,33270,6316759,210320194655,코스피 200
20180118,069500,33460,33550,33235,33295,8881497,296296080705,코스피 200
20180119,069500,33330,33410,33255,33320,5383819,179527615335,코스피 200
20180122,069500,33290,33290,32830,32980,4725501,155813392595,코스피 200
20180123,069500,33125,33425,33085,33425,11030935,368435034045,코스피 200
20180124,069500,33415,33620,33395,33480,8326847,278859438055,코스피 200
20180125,069500,33415,33800,33415,33740,10081015,340278600195,코스피 200
20180126,069500,33735,33875,33660,33875,7105117,240740728535,코스피 200
20180129,069500,34050,34290,34040,34105,11628156,397521524685,코스피 200
20180130,069500,34080,34150,33680,33680,16677263,564140274495,코스피 200
20180131,069500,33565,34200,33565,33705,18955268,641739562550,코스피 200
20180201,069500,33845,33905,33650,33715,4575054,154502192870,코스피 200
20180202,069500,33630,33660,33005,33065,12480656,413657739485,코스피 200
20180205,069500,32650,32810,32460,32715,15796914,516310555685,코스피 200
20180206,069500,32045,32305,31660,32250,17558992,562197096905,코스피 200
20180207,069500,32545,32555,31430,31435,10291681,326977946475,코스피 200
20180208,069500,31445,31805,31360,31700,11833799,374275607805,코스피 200
20180209,069500,31340,31400,30705,30860,15916621,491474729925,코스피 200
20180212,069500,31005,31340,30885,31205,14938390,466131985530,코스피 200
20180213,069500,31420,31805,31295,31445,9652674,304364356230,코스피 200
20180214,069500,31645,31935,31640,31855,5565044,177106421955,코스피 200
20180219,069500,32285,32295,31830,32020,10503728,336718665190,코스피 200
20180220,069500,31920,31935,31585,31650,5247625,166492443890,코스피 200
20180221,069500,31675,31870,31450,31815,9991110,317641214670,코스피 200
20180222,069500,31615,31705,31480,31605,6162129,194952811810,코스피 200
20180223,069500,31730,32100,31730,32100,13644911,436579866360,코스피 200
20180226,069500,32245,32260,32020,32155,6516952,209557991970,코스피 200
20180227,069500,32325,32470,32055,32055,6083508,195848213340,코스피 200
20180228,069500,31945,32100,31650,31690,7129364,226713228245,코스피 200
20180302,069500,31395,31405,31060,31245,7347587,229484562385,코스피 200
20180305,069500,31200,31255,30825,30835,10184072,315167939220,코스피 200
20180306,069500,31110,31465,31085,31455,8910607,279803889655,코스피 200
20180307,069500,31580,31800,31295,31495,5924788,186923100665,코스피 200
20180308,069500,31725,31815,31520,31815,7260572,230490560680,코스피 200
20180309,069500,31970,32435,31855,32180,8183255,263502600825,코스피 200
20180312,069500,32480,32565,32325,32465,6148545,199756540640,코스피 200
20180313,069500,32460,32615,32395,32615,4941024,161009175980,코스피 200
20180314,069500,32385,32595,32385,32590,4615306,150272401350,코스피 200
20180315,069500,32620,32730,32360,32705,5412170,176786228205,코스피 200
20180316,069500,32675,32715,32410,32645,5595379,182723256825,코스피 200
20180319,069500,32590,32645,32350,32410,6942277,225397975015,코스피 200
20180320,069500,32230,32565,32170,32565,6386788,207312231015,코스피 200
20180321,069500,32565,32665,32520,32570,4722419,153964401245,코스피 200
20180322,069500,32600,32865,32565,32695,9104866,298144919400,코스피 200
20180323,069500,32025,32100,31535,31605,9895870,314978139250,코스피 200
20180326,069500,31525,31880,31365,31880,12178572,387571599815,코스피 200
20180327,069500,32110,32130,31945,32015,9218337,295511015160,코스피 200
20180328,069500,31675,31690,31435,31620,9416060,297365498465,코스피 200
20180329,069500,31655,31945,31550,31880,12777934,406156507640,코스피 200
20180330,069500,32115,32195,31960,31960,8620284,276361575780,코스피 200
20180402,069500,32025,32205,31865,31885,5388437,172138277935,코스피 200
20180403,069500,31585,31820,31505,31820,11930407,379621809853,코스피 200
20180404,069500,31860,31875,31305,31330,5962195,187639002065,코스피 200
20180405,069500,31550,31920,31520,31765,7580651,240717811435,코스피 200
20180406,069500,31535,31700,31445,31610,6384268,201971639870,코스피 200
20180409,069500,31580,31875,31560,31830,4307162,137064705905,코스피 200
20180410,069500,31710,31955,31450,31860,5828252,185267938245,코스피 200
20180411,069500,31885,31995,31740,31760,12790283,407566683385,코스피 200
20180412,069500,31870,31945,31755,31755,10373335,330329278895,코스피 200
20180413,069500,31870,32020,31815,31965,6843943,218837095375,코스피 200
20180416,069500,32130,32155,31905,31990,6373974,204030147930,코스피 200
20180417,069500,32025,32115,31890,31945,6695086,214069886450,코스피 200
20180418,069500,32155,32410,32135,32300,5895050,190646502100,코스피 200
20180419,069500,32395,32545,32350,32480,5642168,183318796570,코스피 200
20180420,069500,32325,32405,32230,32265,4767086,153980653750,코스피 200
20180423,069500,32190,32305,32145,32245,6805718,219692433495,코스피 200
20180424,069500,32300,32310,31930,32065,5352459,171772444960,코스피 200
20180425,069500,31840,31905,31705,31860,3176871,100961340800,코스피 200
20180426,069500,31970,32385,31950,32260,2562103,82574557445,코스피 200
20180427,069500,32120,32315,31985,32090,7854372,252349353640,코스피 200
20180430,069500,32185,32305,32140,32300,4494562,144950541240,코스피 200
20180502,069500,32185,32250,32025,32070,8195109,263021519930,코스피 200
20180503,069500,31965,32065,31855,31960,2749322,87846400615,코스피 200
20180504,069500,31935,32015,31705,31705,7777604,247055906225,코스피 200
20180508,069500,31855,31925,31515,31560,8028426,254233466015,코스피 200
20180509,069500,31565,31620,31280,31455,5881541,185269060155,코스피 200
20180510,069500,31625,31730,31550,31670,4840517,153456317940,코스피 200
20180511,069500,31810,31985,31805,31865,7231864,230789774010,코스피 200
20180514,069500,31945,31975,31755,31800,5904625,187884321225,코스피 200
20180515,069500,31780,31845,31470,31510,5743855,181278823150,코스피 200
20180516,069500,31405,31695,31375,31610,6580601,208083174250,코스피 200
20180517,069500,31705,31815,31485,31495,4361954,137661940315,코스피 200
20180518,069500,31555,31610,31495,31595,3787017,119544426595,코스피 200
20180521,069500,31665,31745,31380,31645,4952000,156747851860,코스피 200
20180523,069500,31630,31885,31605,31860,7286578,231904337235,코스피 200
20180524,069500,31925,31940,31675,31760,7344805,233462548335,코스피 200
20180525,069500,31615,31890,31605,31810,6965125,221585181200,코스피 200
20180528,069500,31945,31990,31875,31945,5619842,179535428950,코스피 200
20180529,069500,31900,31945,31645,31650,4686386,148671447185,코스피 200
20180530,069500,31515,31525,30795,30975,13822182,428604656810,코스피 200
20180531,069500,31120,31170,30975,31100,18580502,577917986199,코스피 200
20180601,069500,31120,31405,30995,31290,10163157,318002385135,코스피 200
20180604,069500,31340,31535,31300,31455,9397598,295877457485,코스피 200
20180605,069500,31470,31545,31275,31525,9819828,309493194310,코스피 200
20180607,069500,31675,31910,31675,31800,8009056,254870409285,코스피 200
20180608,069500,31750,31755,31465,31490,5742889,181302859415,코스피 200
20180611,069500,31545,31780,31470,31765,3120212,98870932235,코스피 200
20180612,069500,31830,31900,31680,31725,2447197,77774423220,코스피 200
20180614,069500,31515,31525,31110,31145,5430084,169733958980,코스피 200
20180615,069500,31215,31250,30990,30990,8660442,268564802345,코스피 200
20180618,069500,30980,30985,30475,30620,10119585,310114614350,코스피 200
20180619,069500,30555,30635,30140,30225,8103746,245757358270,코스피 200
20180620,069500,30320,30625,30245,30440,7724884,235270662265,코스피 200
20180621,069500,30415,30535,30160,30180,8541116,258512193905,코스피 200
20180622,069500,29900,30410,29895,30410,9259474,280329488585,코스피 200
20180625,069500,30330,30465,30100,30395,13951664,423557985150,코스피 200
20180626,069500,30120,30425,30000,30360,7913016,239677567755,코스피 200
20180627,069500,30275,30440,30230,30250,11098701,336194254950,코스피 200
20180628,069500,30155,30220,29900,29980,8343376,250403828125,코스피 200
20180629,069500,30015,30120,29695,30045,14304926,429836040925,코스피 200
20180702,069500,29995,30080,29375,29375,9553811,282859455755,코스피 200
20180703,069500,29540,29595,29200,29415,9888905,291233421375,코스피 200
20180704,069500,29430,29560,29305,29330,7033754,206822047625,코스피 200
20180705,069500,29330,29465,29090,29260,7924009,232052898690,코스피 200
20180706,069500,29250,29605,29130,29470,9005217,264670557280,코스피 200
20180709,069500,29460,29785,29375,29690,8414750,249302473050,코스피 200
20180710,069500,29810,29905,29710,29730,4935065,146998953935,코스피 200
20180711,069500,29515,29635,29280,29560,10275747,303297733050,코스피 200
20180712,069500,29615,29800,29500,29650,7352530,217807317000,코스피 200
20180713,069500,29695,30040,29685,29945,7994166,239591046835,코스피 200
20180716,069500,29975,30050,29825,29855,7842494,234367661790,코스피 200
20180717,069500,29860,29925,29680,29820,7265495,216577450285,코스피 200
20180718,069500,29975,30115,29715,29750,7561082,225767320010,코스피 200
20180719,069500,29855,29905,29650,29670,7061552,210051658560,코스피 200
20180720,069500,29700,29860,29515,29815,8517238,253524115895,코스피 200
20180723,069500,29800,29810,29525,29575,7283838,215760554375,코스피 200
20180724,069500,29630,29720,29470,29665,2562621,75900229005,코스피 200
20180725,069500,29730,29845,29575,29610,6099932,180837062925,코스피 200
20180726,069500,29780,29935,29655,29810,2600186,77444864215,코스피 200
20180727,069500,29850,29900,29755,29900,1658642,49486258190,코스피 200
20180730,069500,29755,29850,29645,29765,5478337,163110641805,코스피 200
20180731,069500,29775,29815,29680,29805,5386124,160452778050,코스피 200
20180801,069500,29865,30035,29845,29910,5678324,169971624410,코스피 200
20180802,069500,29905,29905,29345,29375,5694623,167959353515,코스피 200
20180803,069500,29465,29620,29385,29605,5866437,173529481510,코스피 200
20180806,069500,29630,29785,29560,29560,8368037,248205704905,코스피 200
20180807,069500,29615,29770,29485,29760,6231444,185136182055,코스피 200
20180808,069500,29835,29890,29740,29765,5595826,166791103290,코스피 200
20180809,069500,29765,29800,29625,29750,5010971,149099447790,코스피 200
20180810,069500,29690,29690,29365,29425,5581189,164420987015,코스피 200
20180813,069500,29220,29265,28885,29035,7012003,203723072275,코스피 200
20180814,069500,29050,29220,29035,29165,5149871,150171743000,코스피 200
20180816,069500,28810,28970,28620,28880,6302072,181812316540,코스피 200
20180817,069500,28895,28980,28830,28890,4884596,141253216840,코스피 200
20180820,069500,29015,29150,28880,28915,5171194,149686955895,코스피 200
20180821,069500,28910,29270,28850,29230,4925673,143791375560,코스피 200
20180822,069500,29260,29420,29215,29335,10554904,309856694460,코스피 200
20180823,069500,29475,29480,29300,29455,4872292,143277451185,코스피 200
20180824,069500,29405,29635,29305,29570,3689483,108806629965,코스피 200
20180827,069500,29680,29770,29580,29720,3973910,118071105965,코스피 200
20180828,069500,29860,29935,29730,29740,6654652,198302133375,코스피 200
20180829,069500,29780,29865,29730,29825,3602595,107438850565,코스피 200
20180830,069500,29870,30025,29770,29840,7224077,215808780215,코스피 200
20180831,069500,29710,29975,29655,29960,4563537,136474068145,코스피 200
20180903,069500,29945,29945,29745,29785,5910548,176247327630,코스피 200
20180904,069500,29795,29945,29735,29915,5862865,175238125920,코스피 200
20180905,069500,29815,29875,29485,29530,5890426,174604776710,코스피 200
20180906,069500,29460,29620,29415,29485,6484829,191275773336,코스피 200
20180907,069500,29265,29430,29120,29320,5273817,154478271360,코스피 200
20180910,069500,29310,29450,29280,29385,4890062,143703270120,코스피 200
20180911,069500,29365,29510,29200,29290,4274921,125373509775,코스피 200
20180912,069500,29320,29365,29125,29260,6293426,184119979485,코스피 200
20180913,069500,29280,29380,29230,29300,3420866,100231588785,코스피 200
20180914,069500,29490,29800,29490,29765,5543588,164915595560,코스피 200
20180917,069500,29675,29690,29445,29530,5914153,174859822605,코스피 200
20180918,069500,29335,29690,29320,29660,6237830,184729080555,코스피 200
20180919,069500,29800,29800,29570,29685,6302125,187122040245,코스피 200
20180920,069500,29785,30075,29745,29965,5453327,163332783655,코스피 200
20180921,069500,30050,30085,29935,30085,8269497,248485311695,코스피 200
20180927,069500,30025,30370,30015,30315,4043855,122417178050,코스피 200
20180928,069500,30355,30355,30110,30125,6300176,190220307835,코스피 200
20181001,069500,30175,30265,30010,30120,4431776,133494104065,코스피 200
20181002,069500,30095,30180,29735,29755,4574339,136674468750,코스피 200
20181004,069500,29795,29795,29240,29295,7317253,214702734290,코스피 200
20181005,069500,29250,29360,29055,29250,7924740,231719422470,코스피 200
20181008,069500,29115,29335,29095,29105,4756401,138668823790,코스피 200
20181010,069500,29155,29170,28815,28915,6440283,186469673930,코스피 200
20181011,069500,28195,28375,27695,27720,11753699,328138079890,코스피 200
20181012,069500,27705,28215,27670,27990,16617756,465238042975,코스피 200
20181015,069500,27915,27980,27760,27835,4147308,115445819345,코스피 200
20181016,069500,27955,28045,27725,27760,3406772,94844991865,코스피 200
20181017,069500,28100,28290,28015,28120,4217794,118678747200,코스피 200
20181018,069500,28020,28105,27845,27870,4998217,139492278160,코스피 200
20181019,069500,27660,28020,27500,27980,4378102,121931789525,코스피 200
20181022,069500,27785,28100,27720,28035,3388111,94756458200,코스피 200
20181023,069500,27835,27865,27205,27385,7905379,216779831265,코스피 200
20181024,069500,27530,27555,27200,27245,11305852,308759601085,코스피 200
20181025,069500,26680,26825,26425,26810,10915732,291156915070,코스피 200
20181026,069500,26840,26845,26150,26385,7692140,203416806730,코스피 200
20181029,069500,26480,26655,26125,26170,4954632,130753990480,코스피 200
20181030,069500,26060,26510,25965,26270,7509784,197461398660,코스피 200
20181031,069500,26345,26425,26130,26390,5778168,151976544855,코스피 200
20181101,069500,26435,26725,26280,26280,4801246,127180629605,코스피 200
20181102,069500,26625,27295,26580,27275,6019926,162618517225,코스피 200
20181105,069500,27155,27155,26660,26975,6502516,175158290370,코스피 200
20181106,069500,27120,27210,26870,27165,5950835,161100095930,코스피 200
20181107,069500,27160,27410,26960,27025,6276314,170587995565,코스피 200
20181108,069500,27460,27630,27255,27255,5834098,160144556345,코스피 200
20181109,069500,27250,27350,27075,27090,7903123,214814190775,코스피 200
20181112,069500,26890,27220,26850,27160,3967007,107666522715,코스피 200
20181113,069500,26750,27000,26495,26955,7599585,203926099245,코스피 200
20181114,069500,26980,27010,26815,26885,4817862,129645314185,코스피 200
20181115,069500,26860,27180,26765,27155,6805238,183924677725,코스피 200
20181116,069500,27270,27335,27100,27135,4616499,125585541310,코스피 200
20181119,069500,27185,27405,27100,27230,4381832,119300654815,코스피 200
20181120,069500,26940,27090,26885,26960,7740116,208833886390,코스피 200
20181121,069500,26615,26865,26535,26830,5554846,148534465125,코스피 200
20181122,069500,26840,26925,26750,26800,5534204,148332679790,코스피 200
20181123,069500,26790,26865,26515,26630,4833230,128919178400,코스피 200
20181126,069500,26700,27015,26675,26990,5895950,158819808705,코스피 200
20181127,069500,27085,27255,26935,27200,5711703,155153007255,코스피 200
20181128,069500,27295,27375,27155,27365,4850780,132482000835,코스피 200
20181129,069500,27740,27780,27355,27415,3753641,103275584475,코스피 200
20181130,069500,27480,27535,27100,27160,5378880,146596653385,코스피 200
20181203,069500,27550,27705,27375,27635,5526366,152446058375,코스피 200
20181204,069500,27525,27560,27190,27325,7613175,208263239250,코스피 200
20181205,069500,26970,27260,26970,27160,9862732,267774819150,코스피 200
20181206,069500,27025,27035,26705,26755,8971934,240488106175,코스피 200
20181207,069500,26870,26970,26730,26845,7791119,209915628510,코스피 200
20181210,069500,26485,26645,26400,26595,11634496,308630160650,코스피 200
20181211,069500,26635,26660,26445,26530,17682169,469540176240,코스피 200
20181212,069500,26635,26925,26600,26875,12300364,330274938605,코스피 200
20181213,069500,26875,27150,26850,27015,15648201,422422668780,코스피 200
20181214,069500,27000,27010,26460,26585,12092273,322005067645,코스피 200
20181217,069500,26670,26765,26625,26660,9548736,254934008925,코스피 200
20181218,069500,26520,26710,26480,26565,6678127,177511191955,코스피 200
20181219,069500,26635,26785,26580,26740,9217509,246410663770,코스피 200
20181220,069500,26585,26650,26350,26505,9903278,262429481145,코스피 200
20181221,069500,26445,26535,26370,26480,9828279,260306945965,코스피 200
20181224,069500,26435,26505,26330,26490,14226033,376663248519,코스피 200
20181226,069500,26175,26295,25990,26145,6864056,179264446685,코스피 200
20181227,069500,26500,26590,26405,26470,8683053,230262285180,코스피 200
20181228,069500,26535,26700,26535,26580,4337356,115544806580,코스피 200
20190102,069500,26780,26820,26185,26270,4795980,126832040525,코스피 200
20190103,069500,26265,26295,25985,26015,5649255,147638212395,코스피 200
20190104,069500,26005,26250,25935,26215,10281475,268204308845,코스피 200
20190107,069500,26545,26785,26530,26590,5700324,151074200050,코스피 200
20190108,069500,26600,26680,26400,26415,4670564,123854741105,코스피 200
20190109,069500,26525,27045,26525,26960,5263421,141611851690,코스피 200
20190110,069500,26985,27110,26880,26950,5924713,159970129650,코스피 200
20190111,069500,27065,27195,26975,27115,5054162,137003527425,코스피 200
20190114,069500,27060,27090,26855,26880,3546372,95618053240,코스피 200
20190115,069500,26980,27435,26965,27420,4744723,129647115565,코스피 200
20190116,069500,27410,27540,27330,27540,6597164,181576089635,코스피 200
20190117,069500,27600,27720,27500,27600,4845712,133859366085,코스피 200
20190118,069500,27755,27835,27690,27810,5665137,157536023355,코스피 200
20190121,069500,27995,28000,27665,27825,5744245,159861577990,코스피 200
20190122,069500,27850,27895,27585,27685,5147730,142649430840,코스피 200
20190123,069500,27580,27905,27565,27845,4019129,111693216040,코스피 200
20190124,069500,27830,28075,27795,28075,5758414,161287998665,코스피 200
20190125,069500,28160,28605,28125,28585,7131270,203008327670,코스피 200
20190128,069500,28640,28765,28475,28570,7474242,214021619730,코스피 200
20190129,069500,28525,28705,28390,28705,5432101,155262983495,코스피 200
20190130,069500,28690,29055,28660,29055,8394099,242583067255,코스피 200
20190131,069500,29330,29340,29020,29025,7312434,213061529740,코스피 200
20190201,069500,29125,29265,28955,28995,7871448,229161931515,코스피 200
20190207,069500,29160,29195,28915,28995,5408602,157072152140,코스피 200
20190208,069500,28840,28855,28530,28585,6268241,179508694020,코스피 200
20190211,069500,28590,28635,28450,28635,6902867,197211061085,코스피 200
20190212,069500,28640,28860,28590,28790,9605045,276603260490,코스피 200
20190213,069500,28920,28970,28840,28935,4071771,117812506040,코스피 200
20190214,069500,28845,29215,28710,29215,4946913,143423507870,코스피 200
20190215,069500,29090,29090,28710,28830,4185097,120684799480,코스피 200
20190218,069500,28975,29140,28915,29040,5345033,155112652715,코스피 200
20190219,069500,28985,29050,28740,28905,4830085,139768382635,코스피 200
20190220,069500,29100,29350,29030,29240,6575502,192065677830,코스피 200
20190221,069500,29140,29355,29020,29240,4907357,143423001715,코스피 200
20190222,069500,29185,29255,29090,29255,2547987,74454821180,코스피 200
20190225,069500,29420,29465,29205,29315,4394336,128882092040,코스피 200
20190226,069500,29300,29335,29145,29205,7310201,213857040785,코스피 200
20190227,069500,29305,29370,29240,29300,3559451,104344748845,코스피 200
20190228,069500,29255,29300,28805,28805,5775812,167684183310,코스피 200
20190304,069500,29005,29115,28660,28665,5274617,151863259695,코스피 200
20190305,069500,28575,28605,28375,28465,5065539,144337391270,코스피 200
20190306,069500,28445,28445,28320,28385,5030208,142830336990,코스피 200
20190307,069500,28365,28520,28195,28300,8674668,245831510855,코스피 200
20190308,069500,28170,28215,27915,27915,7407646,207259443480,코스피 200
20190311,069500,27950,28030,27835,27935,16804742,469838908065,코스피 200
20190312,069500,28130,28280,28130,28220,9314969,262959642910,코스피 200
20190313,069500,28135,28140,27820,28015,11654412,326617711130,코스피 200
20190314,069500,28105,28195,27925,28090,4836271,135736718250,코스피 200
20190315,069500,28060,28515,28055,28415,5887227,167101623950,코스피 200
20190318,069500,28475,28525,28370,28440,10926530,310842345375,코스피 200
20190319,069500,28470,28495,28315,28410,5572357,158400033330,코스피 200
20190320,069500,28335,28450,28085,28445,11068231,314140815560,코스피 200
20190321,069500,28500,28885,28500,28640,11828435,339582282980,코스피 200
20190322,069500,28785,28865,28650,28705,8864604,254964895535,코스피 200
20190325,069500,28330,28375,28150,28150,4562668,128816953625,코스피 200
20190326,069500,28210,28265,28135,28170,6283031,177242827740,코스피 200
20190327,069500,28110,28260,27930,28165,5613520,157944024540,코스피 200
20190328,069500,28000,28120,27885,28010,4632054,129758136495,코스피 200
20190329,069500,28030,28190,27960,28175,6943174,195176413510,코스피 200
20190401,069500,28315,28585,28315,28550,4992395,142460680730,코스피 200
20190402,069500,28610,28735,28600,28660,5714180,163835053465,코스피 200
20190403,069500,28690,29080,28625,29080,4978315,144218968375,코스피 200
20190404,069500,29075,29295,29030,29110,7539387,219601256115,코스피 200
20190405,069500,29115,29255,29095,29165,4884354,142503605920,코스피 200
20190408,069500,29270,29290,29015,29095,7060006,205685388165,코스피 200
20190409,069500,29130,29300,29035,29145,6079520,177268896430,코스피 200
20190410,069500,29040,29300,29025,29295,6693837,195650890895,코스피 200
20190411,069500,29330,29365,29125,29230,5394032,157724316455,코스피 200
20190412,069500,29205,29360,29075,29300,6770661,198369508545,코스피 200
20190415,069500,29390,29570,29390,29420,8161032,240427202015,코스피 200
20190416,069500,29375,29555,29375,29535,4489986,132527995540,코스피 200
20190417,069500,29550,29600,29480,29515,14532039,429167948869,코스피 200
20190418,069500,29540,29575,29005,29045,6103943,178171343560,코스피 200
20190419,069500,29155,29220,29045,29050,4435188,129099494555,코스피 200
20190422,069500,29060,29230,28930,29055,4210414,122394148965,코스피 200
20190423,069500,29050,29165,29000,29105,9322393,271394511835,코스피 200
20190424,069500,29220,29245,28660,28790,6881915,198512499865,코스피 200
20190425,069500,28755,28885,28675,28745,2042104,58747798375,코스피 200
20190426,069500,28610,28690,28435,28575,2998903,85628074010,코스피 200
20190429,069500,28220,28675,28165,28675,3895679,111287838325,코스피 200
20190430,069500,28675,28675,28260,28495,11613149,331388299405,코스피 200
20190502,069500,28390,28700,28310,28620,3140273,89914779190,코스피 200
20190503,069500,28600,28600,28315,28365,4037490,114732258810,코스피 200
20190507,069500,28115,28165,27870,28140,6031804,169585343735,코스피 200
20190508,069500,27775,28175,27765,28010,4741858,132939072208,코스피 200
20190509,069500,27890,27935,27155,27190,9782530,267471765840,코스피 200
20190510,069500,27320,27445,26980,27240,9996751,272345634080,코스피 200
20190513,069500,27030,27155,26870,26920,6223755,167756052775,코스피 200
20190514,069500,26625,27060,26600,26870,12781784,343358130990,코스피 200
20190515,069500,26960,27090,26750,26995,7750119,208971916445,코스피 200
20190516,069500,26955,26995,26555,26615,11600662,309725011157,코스피 200
20190517,069500,26740,26815,26400,26440,5768782,153353608255,코스피 200
20190520,069500,26530,26770,26455,26510,4094300,108901710375,코스피 200
20190521,069500,26510,26860,26480,26640,8480753,226188212185,코스피 200
20190522,069500,26710,26770,26400,26700,5413542,144147690495,코스피 200
20190523,069500,26700,26720,26465,26665,4373607,116443512020,코스피 200
20190524,069500,26560,26645,26335,26470,4826996,127796347560,코스피 200
20190527,069500,26440,26605,26345,26490,3887861,102926801745,코스피 200
20190528,069500,26480,26620,26365,26530,4754081,126007237320,코스피 200
20190529,069500,26445,26455,26050,26170,5625674,147303038405,코스피 200
20190530,069500,26230,26430,26205,26410,5799380,152952126860,코스피 200
20190531,069500,26360,26525,26190,26365,8648499,228271398845,코스피 200
20190603,069500,26320,26830,26245,26800,4429349,118269516770,코스피 200
20190604,069500,26780,26845,26685,26750,6590143,176501748345,코스피 200
20190605,069500,27000,27060,26745,26780,5149198,138303109750,코스피 200
20190607,069500,26780,26995,26615,26790,3812529,102209458555,코스피 200
20190610,069500,26930,27240,26865,27180,4268408,115824126200,코스피 200
20190611,069500,27130,27375,27105,27335,1706928,46558092365,코스피 200
20190612,069500,27330,27430,27215,27240,2282361,62352627745,코스피 200
20190613,069500,27140,27265,26830,27015,6197037,167773396450,코스피 200
20190614,069500,27015,27160,26870,27010,5280405,142842444975,코스피 200
20190617,069500,26985,27160,26925,27025,2996678,81027306075,코스피 200
20190618,069500,27005,27200,26985,27160,4189376,113753948170,코스피 200
20190619,069500,27465,27565,27415,27500,4524868,124558218170,코스피 200
20190620,069500,27510,27610,27455,27595,5980640,165112134210,코스피 200
20190621,069500,27610,27630,27465,27520,4705660,129642525945,코스피 200
20190624,069500,27545,27680,27530,27565,4210396,116204598257,코스피 200
20190625,069500,27540,27705,27415,27525,6611774,182151401640,코스피 200
20190626,069500,27490,27625,27470,27555,9377268,258400200155,코스피 200
20190627,069500,27635,27940,27580,27890,8137972,226802605430,코스피 200
20190628,069500,27890,27935,27755,27820,5544259,154424758640,코스피 200
20190701,069500,28030,28100,27785,27825,5590699,155800435725,코스피 200
20190702,069500,27705,27830,27550,27670,6249746,173281587850,코스피 200
20190703,069500,27650,27740,27275,27315,4859002,133135500640,코스피 200
20190704,069500,27345,27550,27285,27545,5542178,152420742215,코스피 200
20190705,069500,27550,27605,27335,27505,4648960,128003181845,코스피 200
20190708,069500,27305,27305,26925,26930,5346522,144562885550,코스피 200
20190709,069500,27010,27105,26875,26875,5626199,151558975370,코스피 200
20190710,069500,26975,27110,26970,26975,4246072,114741635540,코스피 200
20190711,069500,27135,27390,27105,27305,4345357,118652719115,코스피 200
20190712,069500,27265,27405,27215,27365,2964836,81109341085,코스피 200
20190715,069500,27275,27415,27185,27350,1991779,54458145440,코스피 200
20190716,069500,27385,27535,27310,27470,4345962,119381027165,코스피 200
20190717,069500,27310,27340,27130,27225,4148677,113054896885,코스피 200
20190718,069500,27180,27260,27065,27165,4639673,126064147665,코스피 200
20190719,069500,27315,27610,27315,27545,4620970,127212431170,코스피 200
20190722,069500,27470,27620,27435,27535,4059703,111890478325,코스피 200
20190723,069500,27600,27755,27555,27670,3929959,108820591725,코스피 200
20190724,069500,27605,27740,27375,27405,4103414,112856722135,코스피 200
20190725,069500,27480,27535,27215,27355,4769436,130572957330,코스피 200
20190726,069500,27230,27335,27165,27295,2076932,56609699865,코스피 200
20190729,069500,27250,27275,26830,26930,3331833,89895806120,코스피 200
20190730,069500,26955,27020,26885,26940,6347764,171107191715,코스피 200
20190731,069500,26850,26975,26575,26670,4574038,122249444630,코스피 200
20190801,069500,26505,26795,26490,26640,3951328,105317601320,코스피 200
20190802,069500,26355,26420,26210,26340,6971159,183653218340,코스피 200
20190805,069500,26210,26500,25730,25770,15872360,410355135190,코스피 200
20190806,069500,25185,25745,25125,25410,12185499,309941631695,코스피 200
20190807,069500,25410,25520,25160,25255,6901845,174632774170,코스피 200
20190808,069500,25465,25580,25275,25365,6040438,153363337505,코스피 200
20190809,069500,25520,25645,25485,25540,5254973,134309566520,코스피 200
20190812,069500,25560,25670,25480,25580,5376182,137642065950,코스피 200
20190813,069500,25470,25480,25305,25320,5236137,132835598570,코스피 200
20190814,069500,25570,25710,25480,25500,8178017,209099109605,코스피 200
20190816,069500,25350,25415,25175,25415,4961381,125874495290,코스피 200
20190819,069500,25575,25620,25465,25575,4439510,113448495333,코스피 200
20190820,069500,25560,25875,25525,25825,5105754,131405756735,코스피 200
20190821,069500,25775,25970,25760,25875,6792363,175614331090,코스피 200
20190822,069500,25900,25900,25645,25670,5151999,132554677345,코스피 200
20190823,069500,25560,25705,25530,25645,5315158,136354559050,코스피 200
20190826,069500,25195,25330,25130,25270,3822419,96523013695,코스피 200
20190827,069500,25395,25510,25295,25350,3628909,92174657540,코스피 200
20190828,069500,25440,25615,25390,25595,3446267,88058322475,코스피 200
20190829,069500,25605,25620,25395,25455,5459497,139233347825,코스피 200
20190830,069500,25620,25980,25620,25875,5034907,130359825900,코스피 200
20190902,069500,25840,25985,25810,25920,5522110,143267119115,코스피 200
20190903,069500,25850,25990,25770,25820,5531496,143078913050,코스피 200
20190904,069500,25800,26205,25775,26205,4401808,114801511065,코스피 200
20190905,069500,26250,26620,26235,26435,6303976,166865300295,코스피 200
20190906,069500,26615,26625,26490,26555,6789757,180467926275,코스피 200
20190909,069500,26615,26885,26605,26770,3665074,98153750865,코스피 200
20190910,069500,26800,26910,26750,26885,4072425,109444904665,코스피 200
20190911,069500,26970,27130,26960,27085,4178533,113086936305,코스피 200
20190916,069500,27195,27200,26975,27170,3819685,103701730005,코스피 200
20190917,069500,27170,27230,27080,27160,6013912,163449119010,코스피 200
20190918,069500,27210,27370,27120,27310,4144114,113128843900,코스피 200
20190919,069500,27280,27610,27280,27490,5069415,139352999700,코스피 200
20190920,069500,27480,27680,27440,27640,5226171,144261778968,코스피 200
20190923,069500,27580,27705,27575,27675,4037781,111627654035,코스피 200
20190924,069500,27675,27840,27580,27840,5340976,148059528260,코스피 200
20190925,069500,27705,27720,27430,27440,5763988,158696685090,코스피 200
20190926,069500,27530,27650,27360,27490,5175058,142334086095,코스피 200
20190927,069500,27440,27445,27120,27200,3511954,95688933980,코스피 200
20190930,069500,27135,27455,27085,27430,4366440,119553967300,코스피 200
20191001,069500,27390,27620,27360,27495,2301038,63309188090,코스피 200
20191002,069500,27300,27300,26910,26910,5181969,140117948275,코스피 200
20191004,069500,26845,27090,26800,26800,5517315,148476114590,코스피 200
20191007,069500,26930,27040,26775,26845,3762658,101152415215,코스피 200
20191008,069500,26920,27255,26905,27240,4546050,123499000365,코스피 200
20191010,069500,26940,27155,26690,27045,6976131,188224400950,코스피 200
20191011,069500,27265,27345,27140,27235,5643891,153876025010,코스피 200
20191014,069500,27540,27650,27495,27515,5164975,142336109305,코스피 200
20191015,069500,27470,27590,27470,27550,3840011,105807808635,코스피 200
20191016,069500,27710,27840,27615,27705,5458572,151389072390,코스피 200
20191017,069500,27735,27755,27565,27615,4776842,132146300015,코스피 200
20191018,069500,27680,27790,27320,27340,6177146,170125507290,코스피 200
20191021,069500,27365,27500,27365,27495,4122479,113299966605,코스피 200
20191022,069500,27605,27900,27600,27860,5781773,160844926860,코스피 200
20191023,069500,27800,27835,27630,27690,4893342,135676446970,코스피 200
20191024,069500,27800,27840,27530,27765,5665603,157098984315,코스피 200
20191025,069500,27845,27855,27665,27790,5139178,142818670320,코스피 200
20191028,069500,27910,28035,27840,27895,4096113,114309613970,코스피 200
20191029,069500,28005,28040,27790,27835,5513969,153718461745,코스피 200
20191030,069500,27795,27795,27535,27555,9460197,261173001160,코스피 200
20191031,069500,27700,27935,27610,27660,8898602,246722377405,코스피 200
20191101,069500,27645,27870,27580,27870,6454065,179557737015,코스피 200
20191104,069500,28130,28290,28030,28270,5395382,152449586415,코스피 200
20191105,069500,28300,28480,28265,28460,5564582,158213149315,코스피 200
20191106,069500,28460,28655,28410,28475,10161691,289671499865,코스피 200
20191107,069500,28440,28510,28340,28440,6131191,174425060605,코스피 200
20191108,069500,28590,28640,28315,28345,5305643,150745987615,코스피 200
20191111,069500,28330,28340,28075,28125,6818265,192082912200,코스피 200
20191112,069500,28200,28385,28110,28375,6359356,179916503515,코스피 200
20191113,069500,28280,28280,28075,28145,4864168,136928567050,코스피 200
20191114,069500,28200,28370,28140,28370,4613557,130688137755,코스피 200
20191115,069500,28440,28800,28365,28770,5760390,165569684790,코스피 200
20191118,069500,28745,28780,28645,28740,5057125,145348304890,코스피 200
20191119,069500,28595,28650,28410,28615,4429797,126713930400,코스피 200
20191120,069500,28470,28550,28235,28245,5636452,159599821825,코스피 200
20191121,069500,28215,28245,27755,27830,6763335,188609866865,코스피 200
20191122,069500,27865,28015,27855,27965,5160995,144353873295,코스피 200
20191125,069500,28135,28370,28130,28275,5374312,152003402045,코스피 200
20191126,069500,28335,28515,28280,28280,5389081,152758969415,코스피 200
20191127,069500,28365,28465,28170,28310,4811190,136275742980,코스피 200
20191128,069500,28185,28305,28115,28185,4570934,128921611860,코스피 200
20191129,069500,28245,28285,27680,27700,5197991,144605052230,코스피 200
20191202,069500,27875,27980,27765,27790,6322101,175849830930,코스피 200
20191203,069500,27550,27700,27420,27650,4002906,110602680870,코스피 200
20191204,069500,27465,27520,27325,27465,4910700,134810950485,코스피 200
20191205,069500,27610,27695,27285,27400,5578222,153035961245,코스피 200
20191206,069500,27510,27755,27510,27720,7610072,210688444020,코스피 200
20191209,069500,27860,27925,27750,27845,7642071,212398453160,코스피 200
20191210,069500,27760,28005,27730,27985,5955793,166364709175,코스피 200
20191211,069500,27975,28145,27900,28095,5802618,162937832275,코스피 200
20191212,069500,28260,28605,28215,28605,7154565,204219654745,코스피 200
20191213,069500,28965,29075,28915,29050,7460134,216624045435,코스피 200
20191216,069500,29050,29145,29020,29040,5343450,155334059585,코스피 200
20191217,069500,29155,29495,29110,29440,10572974,310444413760,코스피 200
20191218,069500,29480,29625,29365,29435,6714137,197883249600,코스피 200
20191219,069500,29540,29625,29330,29465,6879979,202783696440,코스피 200
20191220,069500,29570,29605,29430,29530,7391862,218164194665,코스피 200
20191223,069500,29650,29655,29445,29525,7256939,214257279250,코스피 200
20191224,069500,29545,29565,29310,29335,5534357,162464489495,코스피 200
20191226,069500,29330,29455,29235,29455,4166555,122363715715,코스피 200
20191227,069500,29580,30140,29535,29885,5550797,165966788075,코스피 200
20191230,069500,29970,29980,29780,29780,7585912,226436891650,코스피 200
20200102,069500,29805,29880,29410,29465,4789390,141514571910,코스피 200
20200103,069500,29725,29890,29305,29460,7936853,234588035165,코스피 200
20200106,069500,29255,29340,29175,29235,5762210,168608662090,코스피 200
20200107,069500,29430,29645,29360,29530,5533809,163576083195,코스피 200
20200108,069500,29305,29500,29150,29340,6391090,187684015065,코스피 200
20200109,069500,29745,29830,29635,29830,4573148,136297519215,코스피 200
20200110,069500,29830,30100,29825,30075,10309217,310409797585,코스피 200
20200113,069500,30075,30405,30055,30385,5358828,162610332905,코스피 200
20200114,069500,30545,30740,30505,30530,5973830,182916631100,코스피 200
20200115,069500,30460,30500,30300,30350,4884428,148403424555,코스피 200
20200116,069500,30350,30670,30315,30660,6501932,198832316225,코스피 200
20200117,069500,30815,30995,30665,30730,12015359,369991747855,코스피 200
20200120,069500,30865,31135,30850,30960,5988445,185769227365,코스피 200
20200121,069500,30935,30995,30580,30615,6020932,184798549780,코스피 200
20200122,069500,30550,31050,30535,31020,6071067,187861843740,코스피 200
20200123,069500,30820,30860,30590,30615,5616217,172368165310,코스피 200
20200128,069500,29900,30055,29535,29685,8162182,242649132850,코스피 200
20200129,069500,29815,29940,29635,29785,2968338,88507318425,코스피 200
20200130,069500,29695,29765,29095,29175,8272628,242771928840,코스피 200
20200131,069500,29370,29485,28865,28865,6526581,189560312070,코스피 200
20200203,069500,28540,28995,28400,28895,8098264,232671980120,코스피 200
20200204,069500,28900,29475,28875,29390,16169654,475391340380,코스피 200
20200205,069500,29690,29765,29380,29535,8868720,262268895505,코스피 200
20200206,069500,29855,30465,29810,30415,7722910,233843429150,코스피 200
20200207,069500,30350,30350,29970,30160,6169272,186213217520,코스피 200
20200210,069500,29815,30030,29690,30000,5082298,152268981685,코스피 200
20200211,069500,30095,30480,30095,30290,7530168,228436142630,코스피 200
20200212,069500,30255,30590,30170,30540,6612638,201478104705,코스피 200
20200213,069500,30610,30790,30385,30465,7663996,234494470835,코스피 200
20200214,069500,30410,30770,30265,30650,7689460,235692432405,코스피 200
20200217,069500,30600,30760,30470,30625,4963297,152131992400,코스피 200
20200218,069500,30400,30470,30095,30140,8312299,251086227760,코스피 200
20200219,069500,30300,30360,29915,30195,7434476,224348850035,코스피 200
20200220,069500,30390,30480,29860,30040,5903424,177760942025,코스피 200
20200221,069500,29620,29880,29540,29610,9081063,269455861360,코스피 200
20200224,069500,29110,29110,28475,28495,13008286,373179238725,코스피 200
20200225,069500,28480,28820,28350,28810,12962540,372508277700,코스피 200
20200226,069500,28390,28565,28185,28390,10156099,288247528790,코스피 200
20200227,069500,28380,28470,28000,28095,12999942,366160013885,코스피 200
20200228,069500,27685,27780,27135,27190,21569026,589262152440,코스피 200
20200302,069500,27325,27615,26980,27450,14261805,390787490140,코스피 200
20200303,069500,28065,28130,27440,27575,9381632,260291944420,코스피 200
20200304,069500,27360,28245,27360,28200,6264173,175952144945,코스피 200
20200305,069500,28370,28580,28125,28450,7628273,216752214300,코스피 200
20200306,069500,28075,28190,27745,27880,9932090,276873436715,코스피 200
20200309,069500,27000,27120,26525,26705,14239886,381194551410,코스피 200
20200310,069500,26660,26940,26495,26855,22616889,606542343200,코스피 200
20200311,069500,26810,26870,25945,26055,18777209,493214273885,코스피 200
20200312,069500,25860,25910,24700,25180,27452828,691470873340,코스피 200
20200313,069500,23225,25045,23060,24530,33779250,816926321950,코스피 200
20200316,069500,24700,24970,23570,23640,40169708,961569029905,코스피 200
20200317,069500,22775,23815,22595,23110,47261837,1093133558135,코스피 200
20200318,069500,23120,23295,21840,21840,28297687,638998853500,코스피 200
20200319,069500,22335,22490,19945,20240,58833336,1212637369305,코스피 200
20200320,069500,20825,21795,20385,21795,40017034,853305336845,코스피 200
20200323,069500,20230,21020,20190,20515,22468822,462684250430,코스피 200
20200324,069500,21100,22420,20795,22420,19045947,413923240555,코스피 200
20200325,069500,23090,23760,22780,23705,35369755,827546258405,코스피 200
20200326,069500,23695,24050,22885,23245,16524210,390254171255,코스피 200
20200327,069500,24230,24350,23010,23805,18297580,433561556165,코스피 200
20200330,069500,23060,23910,22915,23665,15830905,370858103980,코스피 200
20200331,069500,23815,24140,23640,24085,11805006,282709319805,코스피 200
20200401,069500,23870,24145,22955,22955,18755243,444260465165,코스피 200
20200402,069500,23075,23665,22755,23660,14879115,345997260910,코스피 200
20200403,069500,23710,23865,23315,23600,14820692,349796180190,코스피 200
20200406,069500,23835,24580,23810,24540,13525642,328616077185,코스피 200
20200407,069500,24910,25190,24495,24925,13142304,326408508810,코스피 200
20200408,069500,24795,25115,24560,24560,13752160,340668743295,코스피 200
20200409,069500,24990,25030,24685,24950,20087230,499712960255,코스피 200
20200410,069500,24900,25195,24820,25160,12118561,303363726975,코스피 200
20200413,069500,25085,25085,24720,24730,29125922,724138191660,코스피 200
20200414,069500,24940,25295,24855,25160,18968821,476992431105,코스피 200
20200416,069500,24895,25205,24750,25160,10387408,260376952205,코스피 200
20200417,069500,25675,26135,25650,25925,14393872,370803240965,코스피 200
20200420,069500,25890,25980,25545,25615,10896948,280572497790,코스피 200
20200421,069500,25490,25595,24910,25330,19428876,490227794510,코스피 200
20200422,069500,24990,25650,24855,25550,20758778,522698482945,코스피 200
20200423,069500,25710,25950,25555,25800,16564812,426839051715,코스피 200
20200424,069500,25650,25705,25300,25415,5665238,144594966020,코스피 200
20200427,069500,25505,26020,25465,25920,6073175,156654195940,코스피 200
20200428,069500,25590,25740,25335,25650,8888687,227371394475,코스피 200
20200429,069500,25680,25995,25605,25820,9920999,256510643140,코스피 200
20200504,069500,25320,25385,25000,25035,16246928,408545185190,코스피 200
20200506,069500,25500,25500,25125,25500,9817501,249090154390,코스피 200
20200507,069500,25405,25625,25315,25440,8295859,211260595095,코스피 200
20200508,069500,25610,25845,25610,25660,6344169,163324668255,코스피 200
20200511,069500,25720,25885,25440,25475,5840969,149771545670,코스피 200
20200512,069500,25505,25530,25075,25295,12606799,319148266145,코스피 200
20200513,069500,25000,25585,24965,25585,8804409,223528100345,코스피 200
20200514,069500,25350,25420,25170,25315,6845402,173302141315,코스피 200
20200515,069500,25525,25525,25190,25375,8330517,211441738440,코스피 200
20200518,069500,25505,25620,25285,25540,8440792,215326237460,코스피 200
20200519,069500,26110,26260,26020,26200,6511539,170263159445,코스피 200
20200520,069500,26095,26335,26075,26260,7803384,204979932360,코스피 200
20200521,069500,26420,26465,26300,26375,7349419,193986066890,코스피 200
20200522,069500,26375,26410,25815,25930,8722528,227066773780,코스피 200
20200525,069500,26070,26260,25885,26255,7870015,205857149325,코스피 200
20200526,069500,26295,26730,26280,26730,8550753,227638934175,코스피 200
20200527,069500,26605,26885,26555,26745,9678327,258904588175,코스피 200
20200528,069500,26940,27110,26510,26825,11259761,302448800590,코스피 200
20200529,069500,26650,26950,26520,26775,8025387,214767801550,코스피 200
20200601,069500,26840,27305,26840,27305,7635308,207590573010,코스피 200
20200602,069500,27305,27635,27240,27590,8962275,246903863450,코스피 200
20200603,069500,27830,28775,27830,28600,9242864,262899757045,코스피 200
20200604,069500,28965,29280,28535,28635,13622699,392584592305,코스피 200
20200605,069500,28565,29145,28480,29115,12354444,357448947730,코스피 200
20200608,069500,29500,29635,28975,29075,12853647,374612498545,코스피 200
20200609,069500,29290,29485,28785,29090,8090984,235481169635,코스피 200
20200610,069500,29080,29300,28965,29180,5956101,173696539785,코스피 200
20200611,069500,28950,29185,28390,28700,11008509,316823650040,코스피 200
20200612,069500,27670,28185,27570,28115,14498204,406619596825,코스피 200
20200615,069500,27800,28025,26700,26700,19839278,542762769075,코스피 200
20200616,069500,27390,28340,27355,28340,13674388,382420001575,코스피 200
20200617,069500,28275,28465,27795,28260,12947904,365334141400,코스피 200
20200618,069500,28135,28300,27955,28180,8460740,238229559390,코스피 200
20200619,069500,28450,28480,27805,28280,10473952,294494979685,코스피 200
20200622,069500,28025,28325,27985,28080,7235378,203899423535,코스피 200
20200623,069500,28310,28550,27880,28155,13605697,383634593440,코스피 200
20200624,069500,28290,28780,28280,28615,10043416,287719902920,코스피 200
20200625,069500,28190,28375,27895,27895,16722205,469360694385,코스피 200
20200626,069500,28165,28425,28005,28285,17767862,501953229890,코스피 200
20200629,069500,27935,28195,27730,27830,11620840,324683414770,코스피 200
20200630,069500,28230,28430,28070,28070,8825458,249037705370,코스피 200
20200701,069500,28385,28415,28005,28085,7064646,199273333985,코스피 200
20200702,069500,28165,28440,28145,28440,5244743,148790615965,코스피 200
20200703,069500,28550,28690,28400,28675,5969979,170892500045,코스피 200
20200706,069500,28735,29180,28690,29115,8976920,261069975140,코스피 200
20200707,069500,29280,29365,28745,28765,8036945,232707550035,코스피 200
20200708,069500,28765,28895,28600,28680,8350106,239766840890,코스피 200
20200709,069500,28825,29030,28785,28815,7999963,231000214610,코스피 200
20200710,069500,28870,28890,28405,28535,7551985,215923580170,코스피 200
20200713,069500,28830,29105,28725,29080,6123517,177682805615,코스피 200
20200714,069500,28875,29035,28755,29035,7040841,203944953950,코스피 200
20200715,069500,29350,29535,29175,29325,8271873,242676286740,코스피 200
20200716,069500,29325,29340,28920,29005,7683914,223525728115,코스피 200
20200717,069500,29045,29270,29040,29225,7377264,215601656755,코스피 200
20200720,069500,29310,29355,28965,29155,6251010,182250414720,코스피 200
20200721,069500,29420,29695,29390,29580,7783442,230175332995,코스피 200
20200722,069500,29570,29685,29420,29470,7870260,232400637500,코스피 200
20200723,069500,29480,29480,29095,29295,7666171,224456617610,코스피 200
20200724,069500,29050,29320,29005,29135,5295252,154406698760,코스피 200
20200727,069500,29085,29580,29070,29415,6314605,185865666630,코스피 200
20200728,069500,29625,30190,29625,30030,6583116,197285633740,코스피 200
20200729,069500,30030,30380,30005,30185,7738550,233553480200,코스피 200
20200730,069500,30250,30400,30160,30170,6405757,193759307905,코스피 200
20200731,069500,30295,30415,29880,29930,7041240,211601349945,코스피 200
20200803,069500,29935,30015,29740,29930,5779845,172983556030,코스피 200
20200804,069500,30110,30405,30105,30290,6553108,198513064255,코스피 200
20200805,069500,30375,30625,30270,30620,6970956,212885175265,코스피 200
20200806,069500,30720,31280,30720,31105,9737686,302795119605,코스피 200
20200807,069500,31200,31395,30965,31235,8117901,253287581460,코스피 200
20200810,069500,31180,31760,31145,31700,8958091,281942868840,코스피 200
20200811,069500,31775,32275,31715,32100,8920112,286112177005,코스피 200
20200812,069500,31985,32275,31735,32275,9089171,291877071400,코스피 200
20200813,069500,32605,32625,31925,32260,9597011,310917979215,코스피 200
20200814,069500,32215,32255,31635,31920,9653402,308348550215,코스피 200
20200818,069500,32035,32170,31165,31260,7648247,242144570675,코스피 200
20200819,069500,31480,31690,31330,31370,8223239,258416925395,코스피 200
20200820,069500,31110,31255,30115,30160,9622016,293183198560,코스피 200
20200821,069500,30510,30980,30305,30615,8562418,262422357185,코스피 200
20200824,069500,30690,31010,30360,30955,9377237,289646053025,코스피 200
20200825,069500,31180,31415,31040,31360,8475635,265341636580,코스피 200
20200826,069500,31330,31490,30965,31365,7714651,241362962975,코스피 200
20200827,069500,31435,31485,31085,31085,7345523,229356431665,코스피 200
20200828,069500,31305,31600,31075,31250,7408689,231775392300,코스피 200
20200831,069500,31480,31615,30745,30745,8711694,270217111590,코스피 200
20200901,069500,30805,31100,30750,30985,7493901,232158265330,코스피 200
20200902,069500,31195,31290,30840,31145,7560477,235175552025,코스피 200
20200903,069500,31440,31730,31420,31615,8461492,267568466595,코스피 200
20200904,069500,30810,31225,30790,31175,7887225,245587439495,코스피 200
20200907,069500,31175,31410,31055,31315,10257977,321296429115,코스피 200
20200908,069500,31580,31715,31450,31715,11877933,375863090155,코스피 200
20200909,069500,31335,31555,31270,31325,10100726,317506678845,코스피 200
20200910,069500,31625,31760,31530,31625,8741013,276833110285,코스피 200
20200911,069500,31475,31635,31285,31605,10201920,321481123145,코스피 200
20200914,069500,31885,32080,31815,32030,7625773,244007284340,코스피 200
20200915,069500,32135,32310,32005,32280,10677521,343790710170,코스피 200
20200916,069500,32255,32380,32130,32190,10288274,331715316735,코스피 200
20200917,069500,32120,32155,31655,31715,12123444,386327450200,코스피 200
20200918,069500,31850,31915,31625,31820,8980905,285579013775,코스피 200
20200921,069500,31780,32060,31465,31550,8383712,266344134315,코스피 200
20200922,069500,31495,31560,30680,30815,17549251,544449221080,코스피 200
20200923,069500,31005,31085,30325,30930,19878820,612058765255,코스피 200
20200924,069500,30535,30645,30200,30215,20693973,628669241060,코스피 200
20200925,069500,30425,30490,30205,30350,11753401,357229490620,코스피 200
20200928,069500,30645,30870,30525,30795,6694635,205845046810,코스피 200
20200929,069500,31105,31195,30940,31085,11352046,352364442960,코스피 200
20201005,069500,31070,31540,31015,31425,9539416,299200627180,코스피 200
20201006,069500,31550,31710,31395,31495,8756429,276362765820,코스피 200
20201007,069500,31300,31815,31255,31800,6787573,214741822275,코스피 200
20201008,069500,32020,32080,31710,31810,8573418,273238410475,코스피 200
20201012,069500,32015,32055,31845,31940,8038874,256891377945,코스피 200
20201013,069500,32130,32170,31725,31965,10130871,323534900145,코스피 200
20201014,069500,32000,32020,31590,31650,9113863,289558302105,코스피 200
20201015,069500,31595,31625,31275,31415,7091175,222897842445,코스피 200
20201016,069500,31490,31560,31020,31230,8785483,274792247775,코스피 200
20201019,069500,31330,31550,31280,31300,9345020,293454185270,코스피 200
20201020,069500,31165,31520,31050,31520,9166339,287464980585,코스피 200
20201021,069500,31575,31710,31470,31620,8601602,271862842125,코스피 200
20201022,069500,31445,31460,31220,31405,8665206,272002005455,코스피 200
20201023,069500,31535,31625,31280,31520,7466985,235252452235,코스피 200
20201026,069500,31615,31725,31430,31460,8527443,268706706245,코스피 200
20201027,069500,31235,31425,31120,31190,7759718,242820999760,코스피 200
20201028,069500,31075,31360,30980,31355,5507810,171664210265,코스피 200
20201029,069500,30915,31010,30635,30980,9810541,302651349040,코스피 200
20201030,069500,30860,30875,30140,30140,19945840,610157635395,코스피 200
20201102,069500,30210,30630,30180,30600,8295629,252968817600,코스피 200
20201103,069500,30725,31245,30720,31210,6876811,214188575915,코스피 200
20201104,069500,31420,31580,31155,31405,14605129,458259983560,코스피 200
20201105,069500,31600,32120,31535,32095,8860281,283201114250,코스피 200
20201106,069500,32220,32420,32085,32175,11045342,355771543870,코스피 200
20201109,069500,32485,32825,32465,32580,9336664,304784454410,코스피 200
20201110,069500,32735,32735,32350,32575,12650461,412139641855,코스피 200
20201111,069500,32695,33155,32665,33100,10103590,333391483705,코스피 200
20201112,069500,33085,33135,32840,32940,13036933,430218047880,코스피 200
20201113,069500,32815,33295,32780,33285,8850301,293177973735,코스피 200
20201116,069500,33505,34085,33420,33995,9500098,322258562670,코스피 200
20201117,069500,34080,34205,33895,33985,11098016,377896800925,코스피 200
20201118,069500,34000,34145,33875,33950,7760885,263815002755,코스피 200
20201119,069500,33815,34005,33725,33995,7315739,247757246160,코스피 200
20201120,069500,33925,34140,33845,34030,7302254,248288757065,코스피 200
20201123,069500,34150,34850,34055,34810,8953641,310676271835,코스피 200
20201124,069500,34935,35210,34820,35000,11447244,401242312650,코스피 200
20201125,069500,35225,35340,34615,34795,11035676,386681772560,코스피 200
20201126,069500,34780,35140,34690,35140,8207630,287083028705,코스피 200
20201127,069500,35140,35270,35025,35220,9576458,337051462510,코스피 200
20201130,069500,35330,35470,34685,34685,15007819,524867593650,코스피 200
20201201,069500,34900,35335,34890,35235,5413659,190171345045,코스피 200
20201202,069500,35405,35900,35360,35850,7917365,283106573175,코스피 200
20201203,069500,35970,36145,35825,36105,12162287,438098933850,코스피 200
20201204,069500,36245,36965,36235,36750,11121191,408700234420,코스피 200
20201207,069500,37060,37115,36510,36950,18683440,688192364180,코스피 200
20201208,069500,36915,36935,36360,36360,13170091,482622154695,코스피 200
20201209,069500,36580,37200,36535,37200,13249828,488333367905,코스피 200
20201210,069500,36780,37240,36575,36905,11741753,433674579625,코스피 200
20201211,069500,37145,37400,37120,37225,10436927,388569397530,코스피 200
20201214,069500,37250,37430,37035,37080,13689086,508784501960,코스피 200
20201215,069500,37100,37150,36710,37080,13772264,508903314740,코스피 200
20201216,069500,37370,37465,37130,37235,7680296,286075944400,코스피 200
20201217,069500,37260,37270,36815,37200,8171247,302943490880,코스피 200
20201218,069500,37290,37315,37055,37150,7557423,281095659670,코스피 200
20201221,069500,37205,37225,36740,37195,14021631,519603837885,코스피 200
20201222,069500,37055,37145,36590,36590,13099479,482358584594,코스피 200
20201223,069500,36780,37160,36465,37110,15811599,585136437105,코스피 200
20201224,069500,37180,37985,37180,37850,10047380,378337158545,코스피 200
20201228,069500,38090,38370,37890,38040,9844389,375734145760,코스피 200
20201229,069500,38395,38720,37940,38685,16428368,631895691555,코스피 200
20201230,069500,38520,39590,38440,39500,12736997,498185042565,코스피 200
20210104,069500,39585,40615,39405,40540,12185235,489888903885,코스피 200
20210105,069500,40325,41150,40200,41150,9126676,370933192250,코스피 200
20210106,069500,41270,41680,40595,40750,15221599,625103057790,코스피 200
20210107,069500,41210,42040,41190,41700,8752407,364764290470,코스피 200
20210108,069500,42245,43785,42115,43545,11521190,494420112265,코스피 200
20210111,069500,44000,45370,42930,43655,23107696,1019726637330,코스피 200
20210112,069500,43430,43725,42125,43315,25494989,1093935754440,코스피 200
20210113,069500,43360,43895,43015,43560,11988847,521934502260,코스피 200
20210114,069500,43340,43830,43240,43505,9091710,395584999430,코스피 200
20210115,069500,43735,44185,42535,42550,11911736,512902640485,코스피 200
20210118,069500,42095,42495,41455,41560,11959669,501642575145,코스피 200
20210119,069500,41785,42950,41590,42655,9750896,413988374005,코스피 200
20210120,069500,43410,43495,42445,42900,10680032,457746977360,코스피 200
20210121,069500,43300,43590,43010,43530,9087554,393612197040,코스피 200
20210122,069500,43675,43930,43225,43225,13042949,566951288400,코스피 200
20210125,069500,43405,44320,43265,44260,6385034,280656320010,코스피 200
20210126,069500,44160,44195,42855,43055,10607621,459388395640,코스피 200
20210127,069500,43370,43805,42775,42910,8780005,379271759730,코스피 200
20210128,069500,42155,42645,41830,42070,10835668,456871890425,코스피 200
20210129,069500,42555,42620,40910,41125,13333276,555949253910,코스피 200
20210201,069500,41000,42170,40705,42150,10696458,446091393985,코스피 200
20210202,069500,42600,43400,42330,42775,12520132,536873007270,코스피 200
20210203,069500,43125,43405,42580,43130,10276903,442166121935,코스피 200
20210204,069500,43030,43030,42125,42410,18129738,769248198985,코스피 200
20210205,069500,42660,43030,42385,42950,13252969,566378907190,코스피 200
20210208,069500,42905,43090,42475,42530,7391704,315915071240,코스피 200
20210209,069500,42835,43145,42385,42385,8236149,352167874760,코스피 200
20210210,069500,42525,42795,42095,42680,6526416,277487956930,코스피 200
20210215,069500,43305,43510,43145,43305,6603808,286361991960,코스피 200
20210216,069500,43475,43870,43280,43495,8542745,371703351650,코스피 200
20210217,069500,43255,43270,42735,43025,17530618,752960197605,코스피 200
20210218,069500,42950,43125,42385,42410,8841408,377264650295,코스피 200
20210219,069500,42440,42805,41720,42780,9728222,411428065995,코스피 200
20210222,069500,43055,43260,42290,42330,8518245,363276427210,코스피 200
20210223,069500,42050,42615,41730,42285,7733807,325943752925,코스피 200
20210224,069500,42250,42680,41350,41385,10408909,436846427505,코스피 200
20210225,069500,42010,42920,41960,42890,8858726,376632746420,코스피 200
20210226,069500,41960,41995,41325,41705,10297433,428760898900,코스피 200
20210302,069500,42705,42920,41835,42170,8601611,364598093960,코스피 200
20210303,069500,42070,42650,41925,42640,6142052,260567807090,코스피 200
20210304,069500,42095,42435,41790,42095,6777655,285346043155,코스피 200
20210305,069500,41470,42005,41235,41870,10363864,431982631345,코스피 200
20210308,069500,42250,42250,41390,41475,8296841,346173833025,코스피 200
20210309,069500,41485,41540,40565,41215,11896444,488639162070,코스피 200
20210310,069500,41760,41760,40875,40980,8187756,337508916205,코스피 200
20210311,069500,41145,41935,41130,41815,6417962,267460808655,코스피 200
20210312,069500,42255,42415,42015,42185,6953557,293839176895,코스피 200
20210315,069500,42230,42315,41935,41980,8495978,357507311195,코스피 200
20210316,069500,42180,42435,42090,42330,5575783,235725803290,코스피 200
20210317,069500,42340,42355,41730,41995,8129905,341172859805,코스피 200
20210318,069500,42320,42715,42300,42300,8690814,369196989480,코스피 200
20210319,069500,41715,42075,41645,41855,9277711,388305287530,코스피 200
20210322,069500,42025,42095,41615,41925,6345196,265753193295,코스피 200
20210323,069500,42180,42270,41485,41530,6645759,277388673655,코스피 200
20210324,069500,41265,41515,41015,41340,5672036,234404140920,코스피 200
20210325,069500,41230,41795,41210,41520,9780916,405663749425,코스피 200
20210326,069500,41685,41955,41575,41905,6635123,277566455115,코스피 200
20210329,069500,42050,42060,41670,41830,6417371,268714517650,코스피 200
20210330,069500,41940,42455,41940,42300,5099664,215601592100,코스피 200
20210331,069500,42410,42695,42175,42185,7237093,306821963975,코스피 200
20210401,069500,42485,42650,42315,42570,5221705,222156542815,코스피 200
20210402,069500,42920,43190,42895,43045,5352010,230445530640,코스피 200
20210405,069500,43200,43260,42880,43130,5186919,223561727765,코스피 200
20210406,069500,43380,43405,42960,43190,4911544,212278282145,코스피 200
20210407,069500,43270,43445,43135,43295,5107254,221136002215,코스피 200
20210408,069500,43230,43350,43065,43255,5325846,230272572285,코스피 200
20210409,069500,43290,43475,42945,43050,7187076,310176890230,코스피 200
20210412,069500,43200,43255,42950,43050,5890537,253934456320,코스피 200
20210413,069500,43060,43690,43045,43540,4687090,203812595245,코스피 200
20210414,069500,43660,43895,43480,43840,6682250,292060089030,코스피 200
20210415,069500,43765,44135,43725,43880,6682443,293398604945,코스피 200
20210416,069500,44025,44040,43715,43855,5925140,259949463850,코스피 200
20210419,069500,43855,44120,43730,43850,5106949,224442726885,코스피 200
20210420,069500,43760,44170,43760,44125,5454369,240607378420,코스피 200
20210421,069500,43840,43905,43195,43335,11608961,503765098120,코스피 200
20210422,069500,43520,43690,43355,43400,6251618,271891542430,코스피 200
20210423,069500,43170,43550,42925,43425,4199882,182233168590,코스피 200
20210426,069500,43540,43830,43500,43820,4703970,205733214250,코스피 200
20210427,069500,43860,43910,43680,43870,4696932,205879927500,코스피 200
20210428,069500,43820,43825,43320,43405,3886549,169029208480,코스피 200
20210429,069500,42885,43020,42505,42590,5172662,221104257650,코스피 200
20210430,069500,42525,42655,42135,42295,5000310,211739452525,코스피 200
20210503,069500,42250,42630,41975,42025,5093573,215162424365,코스피 200
20210504,069500,42070,42380,41930,42380,4407448,185965520225,코스피 200
20210506,069500,42205,42650,42155,42630,4079571,173705212230,코스피 200
20210507,069500,42695,43040,42635,42905,4762435,204331090405,코스피 200
20210510,069500,43140,43730,43050,43625,5371064,233827774355,코스피 200
20210511,069500,43310,43385,42695,42860,5376252,230610186535,코스피 200
20210512,069500,42880,42880,41850,42150,7015716,296195406610,코스피 200
20210513,069500,41590,42090,41480,41665,6430467,268494705955,코스피 200
20210514,069500,41825,42200,41775,42055,7032555,295366588470,코스피 200
20210517,069500,42295,42310,41640,41875,5220610,218724359650,코스피 200
20210518,069500,42005,42435,42005,42370,4389457,185776391700,코스피 200
20210520,069500,42045,42345,41955,42235,4215729,177854299670,코스피 200
20210521,069500,42470,42835,42130,42215,8246703,349676347875,코스피 200
20210524,069500,42170,42340,41990,42095,6106818,257406310545,코스피 200
20210525,069500,42310,42555,42210,42495,5805624,246359976705,코스피 200
20210526,069500,42550,42670,42325,42410,5204460,221067624020,코스피 200
20210527,069500,42440,42490,42035,42335,13177331,556810966230,코스피 200
20210528,069500,42460,42760,42385,42595,5215301,222231293820,코스피 200
20210531,069500,42730,42760,42430,42760,4618216,197060482055,코스피 200
20210601,069500,42760,43240,42700,43005,5297118,227866422790,코스피 200
20210602,069500,43015,43260,42925,42970,4844660,208521877415,코스피 200
20210603,069500,43050,43550,43050,43370,4755748,206364874415,코스피 200
20210604,069500,43200,43295,42925,43205,5274101,227607117455,코스피 200
20210607,069500,43455,43575,43070,43360,4247539,183928888595,코스피 200
20210608,069500,43360,43500,43215,43275,2840242,123096514900,코스피 200
20210609,069500,43180,43235,42785,42785,3459079,148917158500,코스피 200
20210610,069500,42815,43060,42745,42930,4871454,209219671120,코스피 200
20210611,069500,43050,43335,43045,43245,4378278,189141082110,코스피 200
20210614,069500,43285,43285,43075,43225,3097154,133878665355,코스피 200
20210615,069500,43255,43390,43175,43325,3073690,133173151915,코스피 200
20210616,069500,43270,43650,43260,43590,3676301,160285575250,코스피 200
20210617,069500,43350,43420,43165,43340,5396436,233841798475,코스피 200
20210618,069500,43440,43585,43350,43470,3680167,160033922245,코스피 200
20210621,069500,43025,43200,42860,43050,5570443,239739492385,코스피 200
20210622,069500,43285,43405,43240,43345,4466264,193678376545,코스피 200
20210623,069500,43495,43640,43380,43570,4384229,191011555010,코스피 200
20210624,069500,43640,43855,43635,43735,3152929,137989286885,코스피 200
20210625,069500,43910,44175,43880,43955,4136736,182048749010,코스피 200
20210628,069500,44015,44060,43800,43910,3513373,154406289190,코스피 200
20210629,069500,43935,43960,43605,43740,3939461,172417983275,코스피 200
20210630,069500,43845,44020,43805,43895,3252256,142952677335,코스피 200
20210701,069500,43915,43915,43575,43640,4290079,187399753285,코스피 200
20210702,069500,43625,43815,43580,43585,3436772,150106378270,코스피 200
20210705,069500,43770,43910,43710,43790,2774715,121653819330,코스피 200
20210706,069500,43910,44100,43895,43990,4009188,176417564395,코스피 200
20210707,069500,43840,43840,43605,43715,3816728,166840486960,코스피 200
20210708,069500,43765,43875,43260,43260,5209381,226292034665,코스피 200
20210709,069500,42840,43050,42445,42800,8288519,353852833970,코스피 200
20210712,069500,43060,43260,43060,43185,3929269,169746843050,코스피 200
20210713,069500,43380,43565,43380,43550,3654600,159109383400,코스피 200
20210714,069500,43400,43465,43225,43400,3453656,149866478915,코스피 200
20210715,069500,43525,43720,43380,43695,2841123,124014631045,코스피 200
20210716,069500,43500,43560,43345,43510,3617046,157379009300,코스피 200
20210719,069500,43135,43155,42930,43020,4034494,173640698245,코스피 200
20210720,069500,42705,42930,42660,42880,3885032,166484313190,코스피 200
20210721,069500,43145,43145,42625,42660,4986269,213233033925,코스피 200
20210722,069500,42910,43280,42910,43190,3684633,159036036530,코스피 200
20210723,069500,43260,43400,43140,43270,5383684,232979538420,코스피 200
20210726,069500,43405,43405,42805,42805,3752968,161234472200,코스피 200
20210727,069500,43030,43195,42875,42875,3617517,155554216275,코스피 200
20210728,069500,42800,43070,42650,43005,3691893,158405200520,코스피 200
20210729,069500,43075,43160,42865,43010,3999341,171997075355,코스피 200
20210730,069500,42830,42845,42450,42485,5066159,215494537635,코스피 200
20210802,069500,42685,42755,42370,42685,5666629,241688413325,코스피 200
20210803,069500,42630,43060,42600,43060,4634044,199145668160,코스피 200
20210804,069500,43170,43710,43095,43665,6976309,303532625800,코스피 200
20210805,069500,43655,43835,43510,43585,5139328,224101463160,코스피 200
20210806,069500,43580,43680,43280,43380,3737342,162251235470,코스피 200
20210809,069500,43190,43350,43035,43180,3972301,171665564785,코스피 200
20210810,069500,43325,43325,42755,42900,3407441,146238867475,코스피 200
20210811,069500,42785,42920,42490,42515,4612520,196614551565,코스피 200
20210812,069500,42505,42595,42200,42345,4505379,191020379075,코스피 200
20210813,069500,42245,42275,41455,41630,7095485,295609097265,코스피 200
20210817,069500,41670,41775,41090,41160,5913734,244119635635,코스피 200
20210818,069500,41175,41570,40955,41365,4808571,198597128760,코스피 200
20210819,069500,41045,41300,40540,40540,6759342,275995215480,코스피 200
20210820,069500,40700,40870,39980,40145,8408192,338755192060,코스피 200
20210823,069500,40420,40825,40260,40505,5409615,219620433560,코스피 200
20210824,069500,40840,41300,40840,41275,4241423,174662300715,코스피 200
20210825,069500,41385,41610,41125,41405,3821022,158181895760,코스피 200
20210826,069500,41470,41595,41025,41095,3769213,155297906795,코스피 200
20210827,069500,40945,41235,40765,41070,5072400,208116667600,코스피 200
20210830,069500,41480,41560,41070,41170,4219723,173993877280,코스피 200
20210831,069500,41205,41985,41005,41985,4764658,198132242445,코스피 200
20210901,069500,41935,42165,41750,42045,4582369,192412019090,코스피 200
20210902,069500,41960,42040,41525,41660,5990056,249787926985,코스피 200
20210903,069500,41790,42020,41670,41930,4498314,188523538420,코스피 200
20210906,069500,41975,42125,41835,42075,4452547,187144443505,코스피 200
20210907,069500,42040,42055,41675,41825,3591745,150169251700,코스피 200
20210908,069500,41675,41805,41390,41460,4229352,175710764795,코스피 200
20210909,069500,41330,41370,40695,40725,4219444,172797114900,코스피 200
20210910,069500,40800,41015,40670,40915,4861901,198753140740,코스피 200
20210913,069500,40765,41140,40705,41005,4517520,184966154230,코스피 200
20210914,069500,41160,41510,41160,41265,5231165,216375245210,코스피 200
20210915,069500,41275,41480,41095,41325,4602430,190224685570,코스피 200
20210916,069500,41490,41490,40880,40965,5613806,230293301960,코스피 200
20210917,069500,40820,41140,40675,41070,4331783,177658856780,코스피 200
20210923,069500,40820,41110,40745,41005,5441902,222989976595,코스피 200
20210924,069500,41200,41270,40910,40965,6265872,257077640690,코스피 200
20210927,069500,40970,41295,40880,41100,4760621,195723973670,코스피 200
20210928,069500,41070,41070,40560,40565,5408563,220134013660,코스피 200
20210929,069500,40075,40240,39665,40030,10565670,421824467370,코스피 200
20210930,069500,39955,40295,39805,40195,6593205,264435340755,코스피 200
20211001,069500,39970,40065,39415,39445,4788681,189589838600,코스피 200
20211005,069500,39085,39245,38540,38860,8937945,347268166680,코스피 200
20211006,069500,39060,39260,38260,38260,7893498,304786397005,코스피 200
20211007,069500,38600,38995,38590,38900,5015041,194795135210,코스피 200
20211008,069500,39070,39090,38760,38815,4381313,170395604335,코스피 200
20211012,069500,38695,38725,37990,38150,5355639,204516106510,코스피 200
20211013,069500,38120,38670,38065,38535,4243628,163454352525,코스피 200
20211014,069500,38755,39040,38750,39020,4368453,170305949685,코스피 200
20211015,069500,39290,39530,39265,39420,3721040,146647006785,코스피 200
20211018,069500,39465,39495,39025,39295,3503005,137615535655,코스피 200
20211019,069500,39575,39695,39430,39625,3872812,153402078920,코스피 200
20211020,069500,39780,39895,39450,39450,3835724,151755711515,코스피 200
20211021,069500,39500,39635,39330,39380,3907613,154166598100,코스피 200
20211022,069500,39330,39575,39250,39415,2771293,109252441310,코스피 200
20211025,069500,39315,39680,39100,39620,3550983,140391006375,코스피 200
20211026,069500,39840,40060,39730,39990,3599613,143790962345,코스피 200
20211027,069500,39865,39930,39515,39655,2868589,113769230415,코스피 200
20211028,069500,39540,39735,39445,39460,3524611,139254021555,코스피 200
20211029,069500,39625,39635,38740,38825,5479280,213832280225,코스피 200
20211101,069500,39150,39175,38945,38985,4179211,163130594290,코스피 200
20211102,069500,39195,39815,39195,39505,3437518,135966941565,코스피 200
20211103,069500,39660,39660,38845,38945,4442344,173410115520,코스피 200
20211104,069500,39315,39545,39095,39165,5563851,218430882575,코스피 200
20211105,069500,39455,39520,38770,38995,5550859,216512779345,코스피 200
20211108,069500,39070,39090,38555,38945,5076877,197276607575,코스피 200
20211109,069500,38955,39345,38830,39045,4565165,178174717630,코스피 200
20211110,069500,38825,39055,38580,38630,4753805,183984087520,코스피 200
20211111,069500,38370,38625,38270,38625,4274634,164740770550,코스피 200
20211112,069500,38885,39180,38730,39035,3505198,136794530255,코스피 200
20211115,069500,39300,39560,39230,39485,5272240,208092031305,코스피 200
20211116,069500,39470,39650,39260,39415,4428306,174619031620,코스피 200
20211117,069500,39490,39495,38870,38920,4195620,163714594605,코스피 200
20211118,069500,38760,38990,38665,38760,4510585,175079507855,코스피 200
20211119,069500,38865,39105,38695,39045,4258535,165915958555,코스피 200
20211122,069500,39255,39980,39240,39950,5040107,200643488695,코스피 200
20211123,069500,39885,39935,39545,39600,5007395,198583706415,코스피 200
20211124,069500,39715,39910,39315,39520,5758295,227770195860,코스피 200
20211125,069500,39545,39545,39160,39230,3914923,153670954200,코스피 200
20211126,069500,39050,39235,38445,38510,5059924,195493286605,코스피 200
20211129,069500,38115,38510,38005,38205,5194357,198818030510,코스피 200
20211130,069500,38540,38620,37095,37430,7565591,285370580350,코스피 200
20211201,069500,37545,38405,37435,38330,5262582,200476533775,코스피 200
20211202,069500,38080,38955,37990,38935,5465496,211598552630,코스피 200
20211203,069500,38805,39340,38630,39230,6274555,245252730390,코스피 200
20211206,069500,39100,39480,38755,39305,9783182,384042026675,코스피 200
20211207,069500,39345,39665,39095,39630,5021847,197958468895,코스피 200
20211208,069500,39975,40280,39680,39805,7043627,281389892180,코스피 200
20211209,069500,39755,40070,39730,39925,7336363,293692146605,코스피 200
20211210,069500,39785,39895,39620,39705,2822148,112186202695,코스피 200
20211213,069500,39900,40365,39695,39735,4707617,187847312515,코스피 200
20211214,069500,39500,39710,39340,39510,5005482,197812846040,코스피 200
20211215,069500,39335,39535,39250,39520,3644663,143889580430,코스피 200
20211216,069500,39840,39935,39500,39750,5060072,201041448140,코스피 200
20211217,069500,39510,39880,39390,39850,3682394,146522838470,코스피 200
20211220,069500,39650,39650,39045,39115,4632691,181722131955,코스피 200
20211221,069500,39320,39560,39160,39415,5241992,206581433395,코스피 200
20211222,069500,39640,39815,39495,39625,4839291,191745674590,코스피 200
20211223,069500,39840,39860,39610,39820,4722100,187928739335,코스피 200
20211224,069500,39975,40280,39965,40115,4644586,186361707100,코스피 200
20211227,069500,40130,40145,39880,39880,3732560,149087878885,코스피 200
20211228,069500,40040,40205,39745,40205,5060924,202262657755,코스피 200
20211229,069500,40205,40375,40065,40115,4309822,173227890590,코스피 200
20211230,069500,40145,40255,39790,39870,3863164,154285865225,코스피 200
20220103,069500,40050,40345,39825,39965,4923712,197051427375,코스피 200
20220104,069500,40070,40070,39720,39940,4708649,187890944690,코스피 200
20220105,069500,39850,39905,39160,39370,8813841,347177709625,코스피 200
20220106,069500,39100,39460,38935,38975,10391295,406902181870,코스피 200
20220107,069500,39225,39550,39145,39465,3681317,145216331765,코스피 200
20220110,069500,39420,39445,38880,39165,4980669,194958241215,코스피 200
20220111,069500,39225,39445,39050,39280,4298895,168909562945,코스피 200
20220112,069500,39545,39935,39530,39925,4323445,172356304370,코스피 200
20220113,069500,39975,40030,39680,39720,4178583,166294454300,코스피 200
20220114,069500,39405,39480,39035,39105,4234215,165863501140,코스피 200
20220117,069500,39105,39145,38600,38820,5841437,226879051710,코스피 200
20220118,069500,38940,38995,38410,38520,5738430,221736546985,코스피 200
20220119,069500,38255,38630,38120,38240,5790865,221871960935,코스피 200
20220120,069500,38245,38465,38100,38465,4624230,177578062000,코스피 200
20220121,069500,38100,38180,37780,38030,9151779,347272958415,코스피 200
20220124,069500,37920,38040,37450,37600,10270662,386221525110,코스피 200
20220125,069500,37505,37535,36490,36685,11372537,418620600130,코스피 200
20220126,069500,36810,37010,36535,36570,5888382,216258731705,코스피 200
20220127,069500,36600,36650,35305,35305,10446225,371566590575,코스피 200
20220128,069500,35495,36485,35200,36250,11148433,401654476435,코스피 200
20220203,069500,36875,37200,36600,36600,6866201,252218774635,코스피 200
20220204,069500,36700,37090,36605,37080,5619747,207754401635,코스피 200
20220207,069500,37005,37080,36355,36700,7116290,260720998675,코스피 200
20220208,069500,36990,37160,36505,36770,4930794,181703922525,코스피 200
20220209,069500,37100,37290,37005,37280,4851709,180695946575,코스피 200
20220210,069500,37505,37670,37340,37590,4664133,175213120085,코스피 200
20220211,069500,37250,37505,37065,37240,4820161,179745081275,코스피 200
20220214,069500,36870,37030,36475,36740,5481409,201241465450,코스피 200
20220215,069500,36850,36885,36340,36515,5334150,195103963550,코스피 200
20220216,069500,36915,37205,36900,37175,4230431,156994669665,코스피 200
20220217,069500,37290,37740,37010,37415,8161860,305678101435,코스피 200
20220218,069500,37020,37375,36905,37275,5459390,203240157080,코스피 200
20220221,069500,36830,37300,36530,37300,3998311,148192800300,코스피 200
20220222,069500,36710,36910,36510,36760,5092278,187000794685,코스피 200
20220223,069500,37020,37100,36695,36890,4660928,171918447420,코스피 200
20220224,069500,36440,36500,35815,35925,10463997,377121354355,코스피 200
20220225,069500,36260,36530,36150,36330,8181295,297178399785,코스피 200
20220228,069500,36095,36605,36010,36605,6546067,238480106015,코스피 200
20220302,069500,36625,36720,36415,36455,5075944,185484114075,코스피 200
20220303,069500,36795,37175,36750,37150,4082459,151275595325,코스피 200
20220304,069500,37010,37040,36415,36575,7789332,284965200980,코스피 200
20220307,069500,36000,36025,35530,35755,14965083,535016639135,코스피 200
20220308,069500,35305,35680,35165,35290,6369838,225506595690,코스피 200
20220310,069500,36000,36170,35905,36020,3412228,123130831665,코스피 200
20220311,069500,35915,36030,35695,35885,9987144,358123365995,코스피 200
20220314,069500,35845,36040,35680,35820,8660429,310708569255,코스피 200
20220315,069500,35705,35765,35395,35510,13216342,470539352385,코스피 200
20220316,069500,35880,36095,35615,36040,5859523,210538502405,코스피 200
20220317,069500,36645,36860,36575,36585,8279341,303768577070,코스피 200
20220318,069500,36485,36685,36405,36665,4372507,159956105195,코스피 200
20220321,069500,36850,36850,36250,36290,5565648,202746578265,코스피 200
20220322,069500,36290,36650,36265,36620,4524529,165512268960,코스피 200
20220323,069500,36825,37090,36740,36940,6119415,225957959290,코스피 200
20220324,069500,36685,36780,36485,36770,5749483,210975172495,코스피 200
20220325,069500,36930,36935,36545,36620,4337330,159015146945,코스피 200
20220328,069500,36500,36745,36300,36645,4105327,150184043235,코스피 200
20220329,069500,36835,36995,36700,36835,4225755,155559419275,코스피 200
20220330,069500,37080,37200,36890,36965,4375540,161889560135,코스피 200
20220331,069500,36940,37230,36885,37080,4502992,167044390500,코스피 200
20220401,069500,36925,36930,36615,36795,4077720,150060383640,코스피 200
20220404,069500,36725,37005,36555,36970,4646082,171426709690,코스피 200
20220405,069500,37115,37160,36840,36935,4490357,166007380805,코스피 200
20220406,069500,36700,36760,36530,36555,5233744,191621772105,코스피 200
20220407,069500,36385,36385,35995,36075,10234728,369723805935,코스피 200
20220408,069500,36150,36195,35905,36100,6370443,229818286855,코스피 200
20220411,069500,35960,36240,35830,36100,8974553,323527979430,코스피 200
20220412,069500,35850,35990,35620,35760,9639935,344745548485,코스피 200
20220413,069500,35860,36470,35815,36440,6828087,247874869655,코스피 200
20220414,069500,36430,36430,36115,36235,7430712,269499424115,코스피 200
20220415,069500,36000,36000,35730,35805,6497906,232962709635,코스피 200
20220418,069500,35690,35950,35570,35835,5517718,197850874110,코스피 200
20220419,069500,35980,36340,35970,36255,3026251,109683676835,코스피 200
20220420,069500,36265,36310,35955,36225,2807810,101378617750,코스피 200
20220421,069500,36340,36585,36315,36385,5716294,208318165585,코스피 200
20220422,069500,36060,36095,35840,35985,5189540,186773957545,코스피 200
20220425,069500,35595,35695,35395,35410,6727922,238670879860,코스피 200
20220426,069500,35555,35715,35500,35560,2878893,102439778775,코스피 200
20220427,069500,35080,35180,34850,35140,4420137,154847003965,코스피 200
20220428,069500,34850,34995,34575,34985,6629596,231168680580,코스피 200
20220429,069500,35010,35540,34895,35510,6267371,222071649675,코스피 200
20220502,069500,35100,35435,35100,35375,5834579,206382461730,코스피 200
20220503,069500,35380,35645,35290,35290,5987778,212098594375,코스피 200
20220504,069500,35450,35570,35245,35375,5560940,196879498835,코스피 200
20220506,069500,35010,35010,34785,34885,6080928,212235576685,코스피 200
20220509,069500,34745,34910,34505,34555,7164200,248055369010,코스피 200
20220510,069500,34295,34445,33855,34375,7914490,270747316955,코스피 200
20220511,069500,34195,34420,34105,34370,6549110,224892355070,코스피 200
20220512,069500,34020,34295,33785,33805,7111368,241345187290,코스피 200
20220513,069500,34010,34645,33990,34605,5262557,181299729585,코스피 200
20220516,069500,34850,34925,34395,34470,7376786,254821293045,코스피 200
20220517,069500,34525,34850,34520,34805,3999458,139083458010,코스피 200
20220518,069500,34990,35145,34770,34870,6376438,222530706835,코스피 200
20220519,069500,34125,34450,34060,34370,6054919,207904492160,코스피 200
20220520,069500,34515,35025,34485,34985,4661990,162813735335,코스피 200
20220523,069500,35135,35225,34915,35100,5876025,206112707170,코스피 200
20220524,069500,34950,35030,34450,34450,5416640,187387240065,코스피 200
20220525,069500,34660,34825,34430,34595,6735545,233370095985,코스피 200
20220526,069500,34595,34945,34355,34480,6777076,234197488505,코스피 200
20220527,069500,34835,34985,34790,34845,5885635,205271035750,코스피 200
20220530,069500,35225,35340,35070,35300,5384386,189973404340,코스피 200
20220531,069500,35240,35505,35075,35440,5485464,194278166575,코스피 200
20220602,069500,35240,35275,34980,35055,5957733,209001199670,코스피 200
20220603,069500,35355,35430,35165,35250,6270309,221157119915,코스피 200
20220607,069500,35080,35100,34525,34595,3766658,130818528665,코스피 200
20220608,069500,34620,34845,34590,34670,3703196,128494878410,코스피 200
20220609,069500,34550,34695,34410,34565,4675166,161703933305,코스피 200
20220610,069500,34295,34340,34070,34210,4388043,150086003900,코스피 200
20220613,069500,33510,33610,33000,33000,9434444,313023265635,코스피 200
20220614,069500,32410,32955,32410,32870,12194953,399596272215,코스피 200
20220615,069500,32805,32865,32080,32285,10540450,340800068635,코스피 200
20220616,069500,32695,32930,32220,32265,9186440,298730620165,코스피 200
20220617,069500,31680,32105,31570,32025,7291657,232812820095,코스피 200
20220620,069500,32240,32430,31265,31510,9595269,302481414985,코스피 200
20220621,069500,31680,31935,30725,31690,7526326,238458111340,코스피 200
20220622,069500,31805,31805,30890,30890,10200813,317405821510,코스피 200
20220623,069500,30870,31160,30510,30640,13143298,404487213435,코스피 200
20220624,069500,30800,31410,30700,31285,10451953,325856519060,코스피 200
20220627,069500,31520,31930,31235,31685,8572714,271613361335,코스피 200
20220628,069500,31725,31930,31560,31930,6746503,214687567935,코스피 200
20220629,069500,31555,31655,31365,31395,6177527,194351187950,코스피 200
20220630,069500,31280,31280,30870,30875,7940411,246343261665,코스피 200
20220701,069500,31050,31175,30335,30560,6240988,191329575815,코스피 200
20220704,069500,30570,30750,30265,30570,8932236,272603325825,코스피 200
20220705,069500,30855,31165,30715,31055,7245145,224556108290,코스피 200
20220706,069500,30810,30925,30325,30350,9116536,278462487685,코스피 200
20220707,069500,30590,31145,30525,30960,6746537,208492078800,코스피 200
20220708,069500,31185,31435,31130,31130,8836853,275828504285,코스피 200
20220711,069500,31200,31325,30925,30955,6570561,204142249610,코스피 200
20220712,069500,30830,30900,30495,30660,5551637,170152631500,코스피 200
20220713,069500,30735,31030,30660,30820,6840518,211004290565,코스피 200
20220714,069500,30590,30935,30500,30710,5896627,181097880980,코스피 200
20220715,069500,30900,30935,30335,30895,7255044,223196854890,코스피 200
20220718,069500,31205,31615,31160,31580,7193533,226808053125,코스피 200
20220719,069500,31455,31500,31290,31475,4685922,147461587685,코스피 200
20220720,069500,31985,32065,31650,31710,6810248,216667611140,코스피 200
20220721,069500,31755,32075,31720,32055,5550883,177615813270,코스피 200
20220722,069500,31985,32190,31815,31855,6243090,199239340345,코스피 200
20220725,069500,31750,32135,31725,31980,4950143,158362947830,코스피 200
20220726,069500,31870,32115,31810,32095,2281501,72973254050,코스피 200
20220727,069500,32085,32110,31870,32105,2100721,67154183230,코스피 200
20220728,069500,32345,32470,32145,32245,7307853,235725450380,코스피 200
20220729,069500,32500,32670,32275,32385,8390909,271999730855,코스피 200
20220801,069500,32305,32515,32155,32370,6077218,196742619555,코스피 200
20220802,069500,32335,32335,32095,32195,6319529,203617621540,코스피 200
20220803,069500,32210,32420,32085,32420,5553911,179728207435,코스피 200
20220804,069500,32635,32690,32465,32585,7454291,243013831570,코스피 200
20220805,069500,32685,32900,32685,32800,6228446,204415443605,코스피 200
20220808,069500,32575,32770,32550,32740,5426099,177567347690,코스피 200
20220809,069500,32750,32895,32585,32845,6100712,200237269240,코스피 200
20220810,069500,32670,32705,32430,32460,6396791,207991870950,코스피 200
20220811,069500,32830,33000,32825,33000,6979981,230284825005,코스피 200
20220812,069500,32965,33175,32965,33125,6411616,212365186510,코스피 200
20220816,069500,33350,33385,33170,33210,6804788,226352350745,코스피 200
20220817,069500,33270,33365,33000,33040,7081131,234501602395,코스피 200
20220818,069500,32865,32985,32655,32915,7571930,248911020560,코스피 200
20220819,069500,32950,32950,32685,32725,4518760,148055731040,코스피 200
20220822,069500,32375,32475,32230,32300,5786119,187164432995,코스피 200
20220823,069500,32075,32200,31860,31895,6152631,196732276130,코스피 200
20220824,069500,32000,32110,31875,32025,5808668,186047071775,코스피 200
20220825,069500,32150,32400,32115,32400,5407046,174920912540,코스피 200
20220826,069500,32555,32685,32390,32420,4996787,162415206595,코스피 200
20220829,069500,31645,31765,31575,31640,6758410,214074251645,코스피 200
20220830,069500,31790,32000,31740,31985,4446039,141970897470,코스피 200
20220831,069500,31690,32355,31640,32230,7892835,254206122600,코스피 200
20220901,069500,31820,31845,31480,31500,13628110,431020583980,코스피 200
20220902,069500,31635,31665,31200,31325,10253320,322344943600,코스피 200
20220905,069500,31320,31605,31205,31325,7281688,228462595855,코스피 200
20220906,069500,31400,31560,31225,31325,7524220,235969371225,코스피 200
20220907,069500,31110,31110,30685,30870,9564382,295077803570,코스피 200
20220908,069500,31085,31090,30850,30930,6406307,198403981855,코스피 200
20220913,069500,31495,31985,31435,31905,5592132,177926884500,코스피 200
20220914,069500,30990,31415,30920,31275,7826668,244552606765,코스피 200
20220915,069500,31345,31390,31065,31100,7403788,230964886890,코스피 200
20220916,069500,30805,30945,30715,30880,8142741,251310881470,코스피 200
20220919,069500,30950,31010,30600,30660,6177702,189975383740,코스피 200
20220920,069500,30875,31025,30720,30765,5210543,160679147635,코스피 200
20220921,069500,30535,30640,30415,30480,7105697,216839606135,코스피 200
20220922,069500,30115,30215,29950,30150,13016865,392104502985,코스피 200
20220923,069500,30145,30200,29700,29780,9183764,274488342184,코스피 200
20220926,069500,29400,29440,28990,29050,10502045,306233626410,코스피 200
20220927,069500,29075,29130,28770,29105,8734976,253047345280,코스피 200
20220928,069500,28770,28995,28160,28390,12791896,364062736100,코스피 200
20220929,069500,28740,28930,28400,28400,7949033,227701536470,코스피 200
20220930,069500,28290,28590,28020,28275,7626010,216081411670,코스피 200
20221004,069500,28685,29030,28655,28960,4502303,130267435720,코스피 200
20221005,069500,29465,29465,28850,28965,10693954,310683400355,코스피 200
20221006,069500,29200,29435,29100,29285,12374324,362570312969,코스피 200
20221007,069500,28970,29320,28905,29175,10320186,301110796358,코스피 200
20221011,069500,28600,28605,28330,28580,10921720,311354948095,코스피 200
20221012,069500,28525,28830,28505,28825,9665913,277467392842,코스피 200
20221013,069500,28720,28740,28365,28365,11078773,315794823350,코스피 200
20221014,069500,28780,29170,28780,29055,10890572,316406871025,코스피 200
20221017,069500,28670,29120,28600,29075,7384949,213995169345,코스피 200
20221018,069500,29500,29500,29100,29450,6971894,204894203010,코스피 200
20221019,069500,29470,29635,29205,29210,8116868,238447736665,코스피 200
20221020,069500,29045,29095,28760,28925,8545515,247244119469,코스피 200
20221021,069500,28840,29160,28820,28985,6552147,189894105095,코스피 200
20221024,069500,29440,29555,29165,29255,7609488,223291286150,코스피 200
20221025,069500,29295,29510,29210,29300,6172207,181160877090,코스피 200
20221026,069500,29290,29655,29245,29500,3811327,112361999480,코스피 200
20221027,069500,29670,30055,29640,30015,7998093,239384188490,코스피 200
20221028,069500,29690,29875,29515,29525,8458719,250804530580,코스피 200
20221031,069500,29845,30035,29675,29965,6592231,197267950615,코스피 200
20221101,069500,30045,30425,30000,30420,7492177,227371968165,코스피 200
20221102,069500,30270,30500,30205,30365,6338612,192597079720,코스피 200
20221103,069500,29855,30385,29735,30195,6889893,207241353890,코스피 200
20221104,069500,30065,30460,29960,30460,7785493,235779051075,코스피 200
20221107,069500,30555,30830,30485,30785,8097421,249022712690,코스피 200
20221108,069500,31020,31295,30945,31230,9122938,284259603330,코스피 200
20221109,069500,31375,31665,31300,31540,8762093,276259365240,코스피 200
20221110,069500,31300,31525,31145,31145,9085819,284078434855,코스피 200
20221111,069500,32140,32430,32105,32395,16211530,524066683445,코스피 200
20221114,069500,32435,32520,32170,32190,11317755,365545668850,코스피 200
20221115,069500,32285,32355,32065,32280,6874640,221634507485,코스피 200
20221116,069500,32345,32345,31870,32220,9267661,298099091485,코스피 200
20221117,069500,32050,32085,31755,31795,6539407,208211701370,코스피 200
20221118,069500,31795,32105,31700,31725,7653425,243670783755,코스피 200
20221121,069500,31800,31810,31375,31480,10615738,334215204325,코스피 200
20221122,069500,31405,31555,31255,31255,7751187,242808336960,코스피 200
20221123,069500,31480,31565,31345,31465,7472325,235112261920,코스피 200
20221124,069500,31685,31775,31565,31760,11526271,365213024465,코스피 200
20221125,069500,31780,31815,31620,31630,4544368,143982543515,코스피 200
20221128,069500,31430,31440,31165,31245,6537635,204418621070,코스피 200
20221129,069500,31230,31610,31160,31600,6566545,206550620040,코스피 200
20221130,069500,31430,32075,31430,32075,4160884,132901576415,코스피 200
20221201,069500,32535,32610,32210,32265,7577432,245115961495,코스피 200
20221202,069500,32150,32150,31545,31545,8153695,258525805435,코스피 200
20221205,069500,31655,31750,31355,31445,9855214,310419685275,코스피 200
20221206,069500,31175,31370,31025,31045,5119207,159880245870,코스피 200
20221207,069500,30935,31065,30850,30870,3129663,96772328450,코스피 200
20221208,069500,30895,30935,30660,30870,7341164,226043218435,코스피 200
20221209,069500,31025,31275,30905,31230,5317174,165538032365,코스피 200
20221212,069500,31010,31100,30930,31035,5504100,170767974555,코스피 200
20221213,069500,31200,31225,30900,31010,6070944,188309352040,코스피 200
20221214,069500,31125,31395,31115,31360,4928094,154403517750,코스피 200
20221215,069500,31170,31210,30840,30840,7233435,223640538485,코스피 200
20221216,069500,30380,30735,30375,30695,5847327,179330091205,코스피 200
20221219,069500,30620,30835,30575,30700,4226027,129738257345,코스피 200
20221220,069500,30585,30690,30320,30445,5809168,177021159380,코스피 200
20221221,069500,30630,30635,30335,30370,5724378,174084325145,코스피 200
20221222,069500,30510,30765,30440,30765,4637378,142250151565,코스피 200
20221223,069500,30420,30500,30180,30235,7174835,217221187000,코스피 200
20221226,069500,30205,30315,30130,30280,5992640,181352724245,코스피 200
20221227,069500,30410,30565,30355,30495,2912644,88704433530,코스피 200
20221228,069500,30355,30395,30100,30135,7272311,219564885825,코스피 200
20221229,069500,29970,30010,29595,29595,5512087,163751188125,코스피 200
20230102,069500,29665,29830,29390,29420,5627556,166391373975,코스피 200
20230103,069500,29455,29545,28870,29420,9260988,271108050450,코스피 200
20230104,069500,29255,30110,29240,30040,8096923,242215858510,코스피 200
20230105,069500,30210,30425,30045,30280,8142508,246413861600,코스피 200
20230106,069500,30070,30765,30070,30605,7372663,225287089875,코스피 200
20230109,069500,30945,31440,30895,31430,7939187,248640469465,코스피 200
20230110,069500,31345,31675,31295,31470,7504527,236001253315,코스피 200
20230111,069500,31610,31705,31375,31525,6027427,190062303150,코스피 200
20230112,069500,31715,31750,31445,31615,5442438,171905029500,코스피 200
20230113,069500,31695,32025,31685,31845,6258098,199473050750,코스피 200
20230116,069500,31905,32235,31875,32100,6503180,208778165745,코스피 200
20230117,069500,32080,32130,31800,31845,4685873,149500861700,코스피 200
20230118,069500,31810,31880,31465,31640,5638277,178416388975,코스피 200
20230119,069500,31470,31840,31470,31835,5645260,179458019060,코스피 200
20230120,069500,31805,32055,31715,32045,6784232,217005482680,코스피 200
20230125,069500,32495,32650,32450,32550,4435906,144453539025,코스피 200
20230126,069500,32580,33035,32500,33000,3786065,124177987450,코스피 200
20230127,069500,33070,33475,32940,33260,4113349,136838342730,코스피 200
20230130,069500,33200,33290,32650,32660,6923472,226920197545,코스피 200
20230131,069500,32660,32720,32115,32155,7811334,252255279610,코스피 200
20230201,069500,32385,32585,32280,32505,6413355,208176566255,코스피 200
20230202,069500,32950,33085,32595,32855,8822068,289890951640,코스피 200
20230203,069500,32795,33080,32660,32990,5538504,182510314860,코스피 200
20230206,069500,32695,32780,32240,32240,9254976,300306655820,코스피 200
20230207,069500,32265,32540,32190,32440,5380254,174593240100,코스피 200
20230208,069500,32645,33050,32640,32945,7531065,248098869630,코스피 200
20230209,069500,32750,32970,32665,32840,6633140,218092031195,코스피 200
20230210,069500,32635,32790,32520,32755,8029663,262683391295,코스피 200
20230213,069500,32585,32675,32340,32560,10210789,332199306660,코스피 200
20230214,069500,32825,32990,32695,32755,6964312,228539594305,코스피 200
20230215,069500,32825,32830,32115,32135,11497540,370850542800,코스피 200
20230216,069500,32350,32850,32330,32775,7077262,231675915520,코스피 200
20230217,069500,32315,32770,32315,32485,7266595,236430563975,코스피 200
20230220,069500,32520,32705,32200,32595,6087937,198083985175,코스피 200
20230221,069500,32590,32680,32390,32550,5417319,176404335280,코스피 200
20230222,069500,32160,32265,31970,31985,8547649,273929167270,코스피 200
20230223,069500,32110,32515,32100,32390,12572489,407324354230,코스피 200
20230224,069500,32330,32520,32080,32100,6935454,223414475165,코스피 200
20230227,069500,31810,31825,31545,31815,11282435,358037921895,코스피 200
20230228,069500,31930,32180,31815,31905,7805412,249639211667,코스피 200
20230302,069500,31930,32270,31815,31985,9905318,317366582850,코스피 200
20230303,069500,32160,32205,31915,32055,7146172,229128691710,코스피 200
20230306,069500,32330,32520,32190,32505,9192392,297605621440,코스피 200
20230307,069500,32455,32605,32335,32335,6041336,196008873360,코스피 200
20230308,069500,32040,32055,31820,31875,10926009,348580091245,코스피 200
20230309,069500,32000,32075,31775,31775,6727453,214561676990,코스피 200
20230310,069500,31400,31530,31265,31430,8278301,260037598185,코스피 200
20230313,069500,31575,31760,31205,31685,8695718,274529441735,코스피 200
20230314,069500,31380,31390,30920,30945,12296619,381888297415,코스피 200
20230315,069500,31260,31530,31180,31335,8461081,265315988630,코스피 200
20230316,069500,31015,31310,30855,31220,8495023,265065531080,코스피 200
20230317,069500,31575,31660,31355,31580,6982096,220449351940,코스피 200
20230320,069500,31570,31725,31345,31350,5826171,183212974870,코스피 200
20230321,069500,31525,31600,31360,31430,5667089,178364728650,코스피 200
20230322,069500,31710,31835,31605,31825,6252859,198662085400,코스피 200
20230323,069500,31590,31940,31555,31920,5458177,174028567875,코스피 200
20230324,069500,31910,31955,31640,31810,6994412,222500841390,코스피 200
20230327,069500,31915,31915,31505,31665,5621782,178093644445,코스피 200
20230328,069500,31775,32035,31735,32035,5838145,186680688850,코스피 200
20230329,069500,31975,32100,31885,32085,4037083,129433969505,코스피 200
20230330,069500,32280,32430,32130,32310,7446921,240561362970,코스피 200
20230331,069500,32425,32755,32375,32690,5144213,168109703055,코스피 200
20230403,069500,32785,32785,32475,32525,5461242,177904474455,코스피 200
20230404,069500,32555,32780,32510,32675,7988788,261156773550,코스피 200
20230405,069500,32680,32895,32635,32860,6321033,207702281265,코스피 200
20230406,069500,32720,32745,32260,32275,6729393,217744763520,코스피 200
20230407,069500,32510,32885,32510,32825,6587819,216208891320,코스피 200
20230410,069500,32805,33295,32765,33140,8112053,268944156455,코스피 200
20230411,069500,33235,33660,33205,33575,5502605,184490628720,코스피 200
20230412,069500,33540,33775,33495,33680,5098099,171773133540,코스피 200
20230413,069500,33515,33780,33445,33745,6098806,205691680915,코스피 200
20230414,069500,33950,34090,33760,33865,6593733,223558624285,코스피 200
20230417,069500,33850,33920,33715,33875,5285508,178911176105,코스피 200
20230418,069500,33900,33945,33615,33825,7293412,246706230914,코스피 200
20230419,069500,33810,33980,33780,33850,5738461,194445699335,코스피 200
20230420,069500,33735,33845,33625,33750,6235271,210569402675,코스피 200
20230421,069500,33675,33740,33460,33580,4914696,165155766465,코스피 200
20230424,069500,33470,33520,33325,33350,4922359,164532449595,코스피 200
20230425,069500,33430,33475,32765,32930,3317457,109786612955,코스피 200
20230426,069500,32905,33045,32830,32895,2520056,82995885300,코스피 200
20230427,069500,32470,32580,32160,32560,6525733,212123201055,코스피 200
20230428,069500,32735,32895,32490,32625,9407032,307289146117,코스피 200
20230502,069500,32720,32980,32675,32980,6646106,218904219825,코스피 200
20230503,069500,32725,32820,32620,32685,6572422,214928355865,코스피 200
20230504,069500,32555,32650,32455,32560,7297380,238062851860,코스피 200
20230508,069500,32920,33070,32875,32970,6547105,215955015275,코스피 200
20230509,069500,32910,32925,32760,32870,4545144,149393290740,코스피 200
20230510,069500,32860,32860,32535,32665,6417438,209824543790,코스피 200
20230511,069500,32780,32895,32575,32575,5099307,166643617680,코스피 200
20230512,069500,32455,32580,32355,32420,6233274,202265627220,코스피 200
20230515,069500,32350,32510,32220,32510,6872961,223184667430,코스피 200
20230516,069500,32720,32835,32535,32600,5661588,184799898765,코스피 200
20230517,069500,32540,32805,32530,32705,4019257,131544581365,코스피 200
20230518,069500,32905,33040,32815,33020,4944113,163261974235,코스피 200
20230519,069500,33260,33505,33260,33485,5211634,174403754495,코스피 200
20230522,069500,33485,33840,33425,33700,3957548,133445816025,코스피 200
20230523,069500,33815,33920,33715,33800,5034538,170235907845,코스피 200
20230524,069500,33600,33810,33590,33675,4566173,153948583920,코스피 200
20230525,069500,33840,33865,33565,33645,5259621,177011106975,코스피 200
20230526,069500,33700,33865,33635,33760,5966030,201561072485,코스피 200
20230530,069500,34100,34225,34030,34215,4103040,140238958950,코스피 200
20230531,069500,34170,34300,33970,33970,5638414,191932468060,코스피 200
20230601,069500,33925,34020,33780,33860,4794356,162480109680,코스피 200
20230602,069500,34080,34295,34050,34295,6094219,208791165960,코스피 200
20230605,069500,34500,34515,34345,34395,4238342,145941410345,코스피 200
20230607,069500,34495,34580,34320,34320,2843547,97982658610,코스피 200
20230608,069500,34215,34300,34100,34275,3996672,136959745470,코스피 200
20230609,069500,34450,34780,34340,34730,4790733,165964378170,코스피 200
20230612,069500,34810,34855,34420,34505,6195794,214032077620,코스피 200
20230613,069500,34705,34785,34575,34670,6870619,238409183565,코스피 200
20230614,069500,34670,34710,34435,34500,6200984,214201241090,코스피 200
20230615,069500,34585,34700,34340,34380,5777708,198922040465,코스피 200
20230616,069500,34555,34575,34350,34545,5714938,197294200570,코스피 200
20230619,069500,34445,34490,34260,34355,3673429,126262554745,코스피 200
20230620,069500,34260,34340,34155,34295,4699219,161212215545,코스피 200
20230621,069500,34230,34235,33960,33975,4799234,163365784355,코스피 200
20230622,069500,33910,34180,33895,34060,3096561,105658854620,코스피 200
20230623,069500,34195,34225,33855,33895,6266048,212726769145,코스피 200
20230626,069500,33840,34100,33805,34065,3577737,121934159545,코스피 200
20230627,069500,34000,34070,33885,34050,4294631,146190051100,코스피 200
20230628,069500,34175,34175,33805,33865,5107857,173228518465,코스피 200
20230629,069500,33965,34175,33860,33860,4378180,148512609895,코스피 200
20230630,069500,33870,34050,33620,33960,5393824,182958850630,코스피 200
20230703,069500,34085,34515,34085,34490,3845275,132412888480,코스피 200
20230704,069500,34475,34525,34335,34355,6672043,229342171860,코스피 200
20230705,069500,34300,34430,34030,34030,5141747,175362500205,코스피 200
20230706,069500,34010,34020,33730,33770,4764556,161174972060,코스피 200
20230707,069500,33575,33580,33185,33290,5853036,195087372130,코스피 200
20230710,069500,33340,33505,33185,33235,4109417,136897511815,코스피 200
20230711,069500,33475,33845,33440,33845,5441607,183963624855,코스피 200
20230712,069500,33850,34070,33750,34065,3893039,132569906860,코스피 200
20230713,069500,34320,34455,34295,34335,4878608,167566763850,코스피 200
20230714,069500,34540,34855,34450,34855,7292260,253801526925,코스피 200
20230717,069500,34670,34865,34635,34720,4184041,145394937215,코스피 200
20230718,069500,34810,34850,34460,34495,5481158,189389052205,코스피 200
20230719,069500,34685,34710,34350,34455,4500641,155292385610,코스피 200
20230720,069500,34230,34485,34200,34350,4496190,154553925015,코스피 200
20230721,069500,34100,34385,33895,34385,4175557,143088700720,코스피 200
20230724,069500,34365,34725,34215,34610,5106302,176607133120,코스피 200
20230725,069500,34680,34760,34445,34670,4880514,169095804825,코스피 200
20230726,069500,34655,34720,34165,34220,3558154,122093845965,코스피 200
20230727,069500,34330,34680,34260,34635,3598761,124384003995,코스피 200
20230728,069500,34415,34535,34225,34480,4229850,145709139910,코스피 200
20230731,069500,34685,34800,34565,34635,4536470,157276026925,코스피 200
20230801,069500,34720,35210,34715,35205,4677453,164299153550,코스피 200
20230802,069500,34975,35015,34395,34440,3910880,135275646055,코스피 200
20230803,069500,34450,34555,34080,34210,4962396,170104792650,코스피 200
20230804,069500,34275,34320,34110,34215,4834540,165498992705,코스피 200
20230807,069500,34040,34380,34000,34130,4514528,154172929685,코스피 200
20230808,069500,34250,34290,33770,33845,4778109,162206993755,코스피 200
20230809,069500,33900,34295,33895,34215,4899630,167608032230,코스피 200
20230810,069500,34005,34105,33970,34105,5871749,200228157570,코스피 200
20230811,069500,34175,34370,33975,33995,4256388,145027063160,코스피 200
20230814,069500,33890,34000,33585,33690,2612622,88160273805,코스피 200
20230816,069500,33435,33445,33140,33185,4192173,139454013280,코스피 200
20230817,069500,32980,33085,32655,33085,6816054,224817700955,코스피 200
20230818,069500,32700,33090,32655,32910,6251548,205728778265,코스피 200
20230821,069500,32985,33175,32900,32935,3525107,116336436205,코스피 200
20230822,069500,33135,33290,32935,33065,6094050,201667433725,코스피 200
20230823,069500,32905,33085,32855,32995,4340162,143199893095,코스피 200
20230824,069500,33345,33465,33300,33445,4040484,135093894985,코스피 200
20230825,069500,32980,33210,32960,33080,4595875,152132992645,코스피 200
20230828,069500,33290,33340,33160,33305,4015465,133793099130,코스피 200
20230829,069500,33470,33515,33350,33460,4018417,134507047650,코스피 200
20230830,069500,33790,33825,33560,33560,3237969,108947077535,코스피 200
20230831,069500,33630,33675,33430,33575,3830111,128602228635,코스피 200
20230901,069500,33485,33970,33475,33910,7052806,238940370525,코스피 200
20230904,069500,34010,34125,33850,34125,3263322,111323559855,코스피 200
20230905,069500,34040,34195,34010,34090,3559458,121454157580,코스피 200
20230906,069500,34025,34125,33815,33850,3958831,134209451440,코스피 200
20230907,069500,33755,33855,33600,33680,3837258,129481742095,코스피 200
20230908,069500,33725,33740,33480,33730,4100271,138225016615,코스피 200
20230911,069500,33745,33845,33625,33825,4173679,141182628885,코스피 200
20230912,069500,33940,33970,33630,33650,4650274,156726474355,코스피 200
20230913,069500,33650,33835,33570,33675,4489610,151294819780,코스피 200
20230914,069500,33770,34150,33755,34150,3539713,120474095920,코스피 200
20230915,069500,34190,34725,34170,34595,10140955,350800490580,코스피 200
20230918,069500,34325,34490,34175,34180,4430765,151670267425,코스피 200
20230919,069500,34250,34250,33870,33920,5277235,179400347779,코스피 200
20230920,069500,33900,34025,33825,33915,4933163,167431785570,코스피 200
20230921,069500,33715,33780,33315,33320,8451806,282655060545,코스피 200
20230922,069500,33005,33290,32930,33200,7803331,259226883255,코스피 200
20230925,069500,33105,33295,33055,33230,5527636,183647649900,코스피 200
20230926,069500,33230,33240,32760,32795,8274671,272120430845,코스피 200
20230927,069500,32620,32875,32595,32875,11126321,365444500645,코스피 200
20231004,069500,32480,32480,31990,32005,12823224,411175205385,코스피 200
20231005,069500,32235,32260,32000,32015,8742454,280931471255,코스피 200
20231006,069500,32060,32225,32005,32075,5530666,177487470190,코스피 200
20231010,069500,32405,32665,32130,32150,5059978,163410882455,코스피 200
20231011,069500,32595,32925,32590,32690,6209888,203408579655,코스피 200
20231012,069500,32865,33075,32865,33060,6337428,209025503195,코스피 200
20231013,069500,32755,32880,32685,32770,3346991,109755017590,코스피 200
20231016,069500,32610,32755,32320,32520,4402616,143166310155,코스피 200
20231017,069500,32750,32995,32680,32920,4094158,134705457600,코스피 200
20231018,069500,32835,33090,32825,33060,5119785,169204591380,코스피 200
20231019,069500,32635,32675,32410,32430,5179844,168312556035,코스피 200
20231020,069500,32175,32200,31815,31940,5747441,183960032080,코스피 200
20231023,069500,31905,31985,31715,31770,3815317,121339218890,코스피 200
20231024,069500,31920,32035,31375,32015,5387775,171387155240,코스피 200
20231025,069500,32105,32120,31830,31840,3758074,120033328510,코스피 200
20231026,069500,31355,31420,30995,31025,4681591,145855372590,코스피 200
20231027,069500,31165,31230,30940,31055,4329063,134491936210,코스피 200
20231030,069500,30810,31120,30800,31040,3535956,109514947790,코스피 200
20231031,069500,31205,31270,30625,30660,5657280,174107719393,코스피 200
20231101,069500,30855,31150,30840,31085,4694504,145773815020,코스피 200
20231102,069500,31600,31750,31520,31600,6131947,193936288990,코스피 200
20231103,069500,31900,31985,31765,31920,4490811,143178262815,코스피 200
20231106,069500,32445,33415,32335,33415,10194152,337431186240,코스피 200
20231107,069500,33155,33215,32490,32810,8868833,290768801820,코스피 200
20231108,069500,33050,33110,32420,32505,4718349,153839121305,코스피 200
20231109,069500,32505,32780,32445,32660,4401718,143716406015,코스피 200
20231110,069500,32335,32495,32215,32475,5273275,170930478360,코스피 200
20231113,069500,32795,32815,32345,32450,6351729,206295019755,코스피 200
20231114,069500,32725,32880,32695,32785,4710485,154471499220,코스피 200
20231115,069500,33470,33520,33220,33495,9679173,323913463840,코스피 200
20231116,069500,33470,33575,33315,33470,5466819,183108216455,코스피 200
20231117,069500,33445,33460,33210,33300,6010766,200311902080,코스피 200
20231120,069500,33250,33680,33220,33565,7426441,249270209897,코스피 200
20231121,069500,33730,33875,33670,33725,7262668,245324382160,코스피 200
20231122,069500,33490,33850,33430,33785,5610303,189166195420,코스피 200
20231123,069500,33800,33895,33650,33790,4815864,162712490095,코스피 200
20231124,069500,33790,33855,33515,33525,4913581,164999430525,코스피 200
20231127,069500,33535,33695,33370,33485,4318291,144673197295,코스피 200
20231128,069500,33600,33870,33570,33870,4270900,144288608895,코스피 200
20231129,069500,33815,33815,33530,33760,3312281,111707352230,코스피 200
20231130,069500,33685,33955,33595,33955,6834917,231646522035,코스피 200
20231201,069500,33780,33780,33550,33570,4988163,167702922020,코스피 200
20231204,069500,33810,33890,33680,33740,6735167,227481010310,코스피 200
20231205,069500,33585,33610,33370,33370,4349890,145524793290,코스피 200
20231206,069500,33530,33675,33480,33480,7820757,262371216100,코스피 200
20231207,069500,33375,33505,33250,33350,9681266,323078237055,코스피 200
20231208,069500,33630,33855,33615,33835,8598566,290284596710,코스피 200
20231211,069500,33905,33950,33690,33950,7031812,238102870175,코스피 200
20231212,069500,34035,34195,34025,34090,11151255,380402756620,코스피 200
20231213,069500,34075,34075,33745,33760,3987975,135193149160,코스피 200
20231214,069500,34220,34375,34055,34170,8792731,301189975026,코스피 200
20231215,069500,34280,34680,34280,34365,6261323,216091208815,코스피 200
20231218,069500,34455,34515,34280,34475,4133230,142408825090,코스피 200
20231219,069500,34385,34525,34280,34505,5012552,172765701785,코스피 200
20231220,069500,34765,35170,34750,35170,9403237,329564920166,코스피 200
20231221,069500,34910,35060,34775,34940,6310580,220597338575,코스피 200
20231222,069500,35265,35335,35050,35050,3155432,110825594550,코스피 200
20231226,069500,35225,35250,35025,35195,2667076,93735784760,코스피 200
20231227,069500,35260,35585,35165,35585,10959810,388036640635,코스피 200
20231228,069500,35600,36170,35540,36170,10582829,381015694455,코스피 200
20240102,069500,35985,36530,35925,36390,7419568,268658043077,코스피 200
20240103,069500,35975,35975,35380,35380,8099979,287824289325,코스피 200
20240104,069500,35110,35350,34975,35070,8879926,311747674820,코스피 200
20240105,069500,35055,35170,34910,34970,6663218,233486908620,코스피 200
20240108,069500,35155,35245,34815,34855,5362721,187458115080,코스피 200
20240109,069500,35310,35365,34630,34725,7512393,262284987705,코스피 200
20240110,069500,34725,34795,34320,34345,4007127,137978760765,코스피 200
20240111,069500,34410,34610,34290,34400,5403988,186000570140,코스피 200
20240112,069500,34280,34405,34005,34070,8090307,276241862170,코스피 200
20240115,069500,34165,34365,34085,34215,6318099,216374123135,코스피 200
20240116,069500,34010,34155,33705,33745,5992875,202927463690,코스피 200
20240117,069500,33885,33915,32905,32920,13766686,455696792680,코스피 200
20240118,069500,33015,33185,32840,33075,12973930,428735052655,코스피 200
20240119,069500,33420,33630,33380,33570,8205234,275084351885,코스피 200
20240122,069500,33925,33945,33605,33605,6761069,227688235920,코스피 200
20240123,069500,33760,33845,33560,33780,4506031,152137006840,코스피 200
20240124,069500,33805,33805,33370,33650,5453870,183331594045,코스피 200
20240125,069500,33670,33740,33480,33690,7350090,247501694435,코스피 200
20240126,069500,33530,34090,33415,33750,4530850,153320959400,코스피 200
20240129,069500,33865,34370,33780,34150,4271662,145932109375,코스피 200
20240130,069500,34230,34365,33915,33995,7939707,270524251910,코스피 200
20240131,069500,33740,33920,33735,33830,8485416,287176813150,코스피 200
20240201,069500,33790,34465,33775,34410,7021653,240819963930,코스피 200
20240202,069500,34690,35575,34665,35520,11476191,405663300690,코스피 200
20240205,069500,35425,35425,34650,35090,11378063,398615737530,코스피 200
20240206,069500,34945,35250,34750,34955,9454374,330567739265,코스피 200
20240207,069500,35130,35730,35120,35450,7548365,267674507675,코스피 200
20240208,069500,35595,35755,35430,35490,6259742,222402796760,코스피 200
20240213,069500,35915,36130,35850,35925,6108254,219907058810,코스피 200
20240214,069500,35370,35570,35250,35435,7163970,253856632590,코스피 200
20240215,069500,35805,35825,35360,35385,6137814,217559665545,코스피 200
20240216,069500,35670,35775,35480,35740,7035777,251077446060,코스피 200
20240219,069500,35845,36375,35840,36300,6673013,242074863935,코스피 200
20240220,069500,36200,36220,35670,35875,6441149,231374816790,코스피 200
20240221,069500,35855,36110,35675,35795,6976327,249929190430,코스피 200
20240222,069500,36130,36165,35845,35980,6463600,232662997114,코스피 200
20240223,069500,36300,36510,36040,36090,6739000,243844554310,코스피 200
20240226,069500,35875,35960,35510,35800,5130714,183671994120,코스피 200
20240227,069500,35815,35900,35455,35495,5199598,185134734540,코스피 200
20240228,069500,35585,36040,35495,35930,5641427,202451067135,코스피 200
20240229,069500,35800,35950,35610,35835,6145314,220318553420,코스피 200
20240304,069500,36210,36540,36150,36350,6037381,219694262250,코스피 200
20240305,069500,36235,36545,36060,36060,5784831,209393369020,코스피 200
20240306,069500,35880,36015,35765,35930,5517887,198294175060,코스피 200
20240307,069500,36070,36200,35785,35955,4849264,174568587375,코스피 200
20240308,069500,36385,36615,36340,36480,7394314,269912756145,코스피 200
20240311,069500,36270,36410,36130,36175,6073156,220026279550,코스피 200
20240312,069500,36290,36565,36110,36485,8134832,295711238920,코스피 200
20240313,069500,36625,36805,36490,36655,8736002,320253035410,코스피 200
20240314,069500,36695,37020,36695,36985,9555540,353267524510,코스피 200
20240315,069500,36685,36770,36290,36290,6009649,218801058825,코스피 200
20240318,069500,36405,36530,36210,36520,5967833,217604319020,코스피 200
20240319,069500,36235,36235,35885,36085,7383566,266262691510,코스피 200
20240320,069500,36360,36740,36360,36720,4822500,176612599160,코스피 200
20240321,069500,37315,37785,37295,37715,9692134,364844659750,코스피 200
20240322,069500,37710,37910,37450,37605,6003798,226118465850,코스피 200
20240325,069500,37755,37895,37375,37455,4720635,177253960360,코스피 200
20240326,069500,37770,38210,37740,37825,6553288,248590236580,코스피 200
20240327,069500,37630,37950,37595,37845,5449895,206263334925,코스피 200
20240328,069500,37830,38020,37730,37825,4745970,179805770840,코스피 200
20240329,069500,37990,38100,37765,37950,5014519,190511265605,코스피 200
20240401,069500,38305,38345,37970,37975,3538372,134721347930,코스피 200
20240402,069500,37950,38255,37860,38080,6365867,242667125015,코스피 200
20240403,069500,37850,37870,37490,37505,7079000,265995836990,코스피 200
20240404,069500,37925,38085,37855,38040,5544692,210930182910,코스피 200
20240405,069500,37675,37905,37505,37650,6309280,237867218046,코스피 200
20240408,069500,37730,37895,37625,37810,5115111,193395633105,코스피 200
20240409,069500,38000,38085,37520,37575,5176282,194984677235,코스피 200
20240411,069500,36980,37725,36915,37560,8686248,325214272680,코스피 200
20240412,069500,37565,37615,37160,37195,7688584,286953532585,코스피 200
20240415,069500,36940,37045,36575,37030,8579198,316419727565,코스피 200
20240416,069500,36565,36670,35995,36175,10000036,362242864830,코스피 200
20240417,069500,36250,36355,35780,35780,7809241,281102140405,코스피 200
20240418,069500,35875,36475,35820,36405,6719354,244232904345,코스피 200
20240419,069500,35845,35955,35175,35720,17572130,626030276465,코스피 200
20240422,069500,36025,36290,35880,36200,8495605,307298788545,코스피 200
20240423,069500,36280,36365,36075,36160,5182915,187652985555,코스피 200
20240424,069500,36650,36940,36650,36825,6215061,229143729655,코스피 200
20240425,069500,36375,36510,36190,36190,2622964,95295327375,코스피 200
20240426,069500,36570,36720,36360,36605,4275438,156370916600,코스피 200
20240429,069500,36465,36550,36310,36520,3692589,134821430090,코스피 200
20240430,069500,36540,36865,36455,36650,5097163,186300766555,코스피 200
20240502,069500,36355,36615,36335,36515,3981801,145496706690,코스피 200
20240503,069500,36900,36920,36470,36485,6246363,228455024635,코스피 200
20240507,069500,37075,37370,37075,37330,4327481,161353911450,코스피 200
20240508,069500,37310,37495,37260,37460,5577808,209044645225,코스피 200
20240509,069500,37480,37515,36980,37040,4485528,166507256265,코스피 200
20240510,069500,37360,37490,37150,37230,5938367,221335333625,코스피 200
20240513,069500,37335,37425,36995,37160,5686980,211548544755,코스피 200
20240514,069500,37260,37290,37115,37235,6314959,235079528890,코스피 200
20240516,069500,37870,37950,37560,37590,6494830,244721785875,코스피 200
20240517,069500,37515,37545,37145,37150,4716522,175634699665,코스피 200
20240520,069500,37480,37695,37355,37460,4447271,166749963030,코스피 200
20240521,069500,37335,37420,37215,37265,5812774,216830918305,코스피 200
20240522,069500,37200,37375,36950,37265,6379874,237651402340,코스피 200
20240523,069500,37215,37440,36980,37265,5226850,194537967445,코스피 200
20240524,069500,36715,36825,36585,36685,5643266,207157488660,코스피 200
20240527,069500,36785,37275,36705,37195,6649585,246503504080,코스피 200
20240528,069500,37080,37305,37025,37235,4056913,151034463385,코스피 200
20240529,069500,37100,37190,36615,36690,8392854,308435456020,코스피 200
20240530,069500,36380,36385,35995,36025,6689431,241634826330,코스피 200
20240531,069500,36325,36410,36010,36010,5019907,181288039485,코스피 200
20240603,069500,36265,36805,36250,36660,4712955,172656767100,코스피 200
20240604,069500,36430,36580,36315,36390,5221701,190146590135,코스피 200
20240605,069500,36695,36860,36430,36755,5142891,188918745545,코스피 200
20240607,069500,37105,37395,37000,37240,5570430,207354939310,코스피 200
20240610,069500,36805,37130,36685,36915,3841367,141616080565,코스피 200
20240611,069500,36990,37030,36760,36950,2917811,107757738530,코스피 200
20240612,069500,36875,37275,36875,37275,2806005,103900070650,코스피 200
20240613,069500,37735,37980,37530,37530,5844059,220523539700,코스피 200
20240614,069500,37550,37795,37490,37655,6306218,237629646170,코스피 200
20240617,069500,37470,37635,37365,37450,7201864,270052118605,코스피 200
20240618,069500,37710,37910,37610,37845,4844002,183307924010,코스피 200
20240619,069500,38195,38430,38160,38410,6540410,251016470860,코스피 200
20240620,069500,38375,38650,38325,38560,4450633,171507192165,코스피 200
20240621,069500,38260,38335,38025,38230,5744918,219459130255,코스피 200
20240624,069500,37950,38055,37780,37940,4284623,162514622595,코스피 200
20240625,069500,37950,38140,37905,38050,4339239,165144737005,코스피 200
20240626,069500,37870,38365,37805,38365,6350700,243059844935,코스피 200
20240627,069500,37970,38345,37885,38320,5404909,206649543950,코스피 200
20240628,069500,38460,38545,38300,38545,5339707,205690299695,코스피 200
20240701,069500,38390,38645,38355,38620,3782571,145903869330,코스피 200
20240702,069500,38415,38570,38230,38345,5676869,217801107045,코스피 200
20240703,069500,38505,38520,38180,38505,4825685,185590496850,코스피 200
20240704,069500,38815,39020,38805,39020,5995175,233798806600,코스피 200
20240705,069500,39225,39885,39215,39740,6869265,272235084280,코스피 200
20240708,069500,39695,39825,39600,39610,4212277,167177108650,코스피 200
20240709,069500,39860,39870,39515,39750,4884271,194107855880,코스피 200
20240710,069500,39595,39795,39585,39735,3486449,138417130825,코스피 200
20240711,069500,40055,40190,39860,39980,7478311,299451186250,코스피 200
20240712,069500,39665,39735,39260,39430,5269595,207884265645,코스피 200
20240715,069500,39650,39685,39320,39680,4369898,172785327710,코스피 200
20240716,069500,39550,39830,39505,39705,7029476,279145572220,코스피 200
20240717,069500,39710,39730,39350,39375,4714961,186096001845,코스피 200
20240718,069500,38870,39085,38705,39085,5775029,224983584095,코스피 200
20240719,069500,38655,38720,38350,38625,5641558,217592578245,코스피 200
20240722,069500,38590,38635,38035,38240,5494148,210015825715,코스피 200
20240723,069500,38525,38680,38265,38350,4976800,191315144360,코스피 200
20240724,069500,38025,38400,37945,38125,5948102,226822631560,코스피 200
20240725,069500,37575,37625,37285,37430,6100001,228239834185,코스피 200
20240726,069500,37505,37745,37425,37630,2981453,112117959800,코스피 200
20240729,069500,37870,38225,37760,38080,2556935,97387214215,코스피 200
20240730,069500,37495,37655,37435,37575,5637616,211700471895,코스피 200
20240731,069500,37575,38125,37500,38125,3964583,150338521865,코스피 200
20240801,069500,38435,38465,38125,38155,5783088,221075555585,코스피 200
20240802,069500,37240,37315,36460,36620,8886834,326894053560,코스피 200
20240805,069500,35660,35660,32445,33260,26274100,894346217400,코스피 200
20240806,069500,34585,35200,33830,34180,23712220,815584646985,코스피 200
20240807,069500,34040,35330,33900,34960,11282638,393999666565,코스피 200
20240808,069500,34355,34935,34160,34700,9767765,337950119005,코스피 200
20240809,069500,35360,35390,34990,35175,8290829,291990093987,코스피 200
20240812,069500,35430,35715,35355,35580,5631349,200512645365,코스피 200
20240813,069500,35715,35890,35525,35700,4852824,173311329865,코스피 200
20240814,069500,36145,36240,35930,36035,6244494,225282319440,코스피 200
20240816,069500,36835,36980,36690,36890,8459225,312176430345,코스피 200
20240819,069500,37000,37025,36415,36565,6736568,247240407295,코스피 200
20240820,069500,36960,37105,36795,36930,5472924,202269956085,코스피 200
20240821,069500,36695,36960,36690,36880,6776592,249839852985,코스피 200
20240822,069500,36995,37045,36735,36935,5570074,205698717635,코스피 200
20240823,069500,36710,37045,36695,36910,5766510,212609397415,코스피 200
20240826,069500,37025,37070,36595,36715,4216064,155010707330,코스피 200
20240827,069500,36680,36695,36435,36530,4384156,160259502775,코스피 200
20240828,069500,36505,36595,36270,36595,6708121,245090830755,코스피 200
20240829,069500,36020,36235,35910,36110,6493190,234436360975,코스피 200
20240830,069500,36310,36410,36160,36300,4963885,180198586740,코스피 200
20240902,069500,36300,36340,35865,36260,6423898,232609374040,코스피 200
20240903,069500,36260,36420,35950,35955,5515228,199047851335,코스피 200
20240904,069500,34865,35150,34645,34705,7172762,249872723795,코스피 200
20240905,069500,34875,35185,34460,34650,5346956,185970601945,코스피 200
20240906,069500,34675,34700,34095,34340,5168464,177674323510,코스피 200
20240909,069500,33640,34240,33500,34110,5952857,201863149890,코스피 200
20240910,069500,34130,34215,33850,33965,5218848,177548121915,코스피 200
20240911,069500,33890,33915,33355,33645,5017069,168854089700,코스피 200
20240912,069500,34105,34415,34045,34415,4568052,156572223170,코스피 200
20240913,069500,34435,34645,34235,34490,4802842,165420923100,코스피 200
20240919,069500,34695,34725,33965,34430,6043733,207178990980,코스피 200
20240920,069500,34805,35000,34515,34515,6874828,238507846905,코스피 200
20240923,069500,34610,34695,34480,34620,4645629,160893718695,코스피 200
20240924,069500,34805,35035,34525,35035,6212802,216465998560,코스피 200
20240925,069500,35360,35535,34520,34520,7750557,270686704450,코스피 200
20240926,069500,35125,35680,35110,35680,6994284,248321321165,코스피 200
20240927,069500,35765,36025,35535,35535,6771255,241920787375,코스피 200
20240930,069500,35760,35830,34720,34720,7175102,250930125320,코스피 200
20241002,069500,34160,34670,34095,34355,6121360,210057434805,코스피 200
20241004,069500,34270,34640,34140,34340,6396033,219981002950,코스피 200
20241007,069500,34425,34975,34175,34885,5638671,195919077300,코스피 200
20241008,069500,34605,34725,34440,34620,4408500,152622813215,코스피 200
20241010,069500,34900,34950,34635,34685,6478450,225255675240,코스피 200
20241011,069500,34895,35055,34670,34730,5585424,194422924890,코스피 200
20241014,069500,34800,35265,34800,35140,5728670,201230258583,코스피 200
20241015,069500,35320,35345,35040,35265,5409366,190770454065,코스피 200
20241016,069500,34780,35085,34690,34945,6674005,232924229475,코스피 200
20241017,069500,35050,35090,34845,35025,5635313,197164739865,코스피 200
20241018,069500,35090,35145,34660,34820,6168840,214792067780,코스피 200
20241021,069500,34840,35085,34710,34920,4704271,164313765005,코스피 200
20241022,069500,34780,34815,34310,34410,7816564,269344114030,코스피 200
20241023,069500,34445,34985,34315,34855,6679313,232043954150,코스피 200
20241024,069500,34650,34780,34495,34565,7024836,242886758585,코스피 200
20241025,069500,34610,34900,34460,34590,5844114,202284435615,코스피 200
20241028,069500,34635,34965,34605,34905,3512787,122286654645,코스피 200
20241029,069500,34850,34995,34655,34995,4158363,144827157725,코스피 200
20241030,069500,34775,34825,34440,34540,6639157,229792062030,코스피 200
20241031,069500,34215,34380,34005,34085,7856335,268221642110,코스피 200
20241101,069500,33820,34055,33720,33845,4997821,169386666211,코스피 200
20241104,069500,33930,34430,33835,34410,6150133,210946001035,코스피 200
20241105,069500,34090,34350,34030,34215,6242864,213501161480,코스피 200
20241106,069500,34355,34470,33850,34135,8834595,301899160240,코스피 200
20241107,069500,33985,34360,33805,34120,6664655,227404930369,코스피 200
20241108,069500,34440,34560,33980,34080,7350207,251404262915,코스피 200
20241111,069500,33865,33870,33420,33530,7768380,260988264810,코스피 200
20241112,069500,33365,33460,32790,32830,9429911,311861268155,코스피 200
20241113,069500,32565,32755,31940,31990,10612097,342402244195,코스피 200
20241114,069500,32035,32250,31810,31855,10261937,328145479880,코스피 200
20241115,069500,31870,32280,31680,32085,8507787,272295003360,코스피 200
20241118,069500,32440,33095,32420,32830,5891926,193301311290,코스피 200
20241119,069500,32775,33020,32770,32945,7100086,233765851925,코스피 200
20241120,069500,32890,33085,32810,33010,4688772,154645378840,코스피 200
20241121,069500,32835,33230,32820,33050,7895737,261204471750,코스피 200
20241122,069500,33205,33500,33145,33345,5007775,167051067610,코스피 200
20241125,069500,33645,33870,33520,33735,6798558,229375235785,코스피 200
20241126,069500,33520,33660,33465,33630,5023904,168832920075,코스피 200
20241127,069500,33525,33660,33280,33370,5547080,185387588045,코스피 200
20241128,069500,33275,33425,33200,33270,3664913,121966661325,코스피 200
20241129,069500,33150,33150,32415,32640,9016177,294807762850,코스피 200
20241202,069500,32960,33010,32575,32700,7351735,240966602015,코스피 200
20241203,069500,32865,33260,32865,33180,5701518,188999670415,코스피 200
20241204,069500,32595,32970,32475,32730,11354766,371195294070,코스피 200
20241205,069500,32755,32800,32375,32500,8795714,286413903390,코스피 200
20241206,069500,32585,32730,31840,32335,12257749,396104278340,코스피 200
20241209,069500,31880,32015,31500,31530,10662486,337947423130,코스피 200
20241210,069500,31840,32245,31825,32170,5652081,181344857200,코스피 200
20241211,069500,32025,32525,32010,32505,4672310,151164049580,코스피 200
20241212,069500,32710,33070,32590,32970,6775672,222289594875,코스피 200
20241213,069500,32890,33255,32810,33120,7191550,237891910235,코스피 200
20241216,069500,33345,33440,32935,33000,4979861,164986066665,코스피 200
20241217,069500,32955,32975,32570,32620,5459570,178530576815,코스피 200
20241218,069500,32700,33180,32700,33080,4437805,146593345290,코스피 200
20241219,069500,32255,32495,32175,32330,5702060,184532948760,코스피 200
20241220,069500,32195,32195,31625,31865,9703770,309160283715,코스피 200
20241223,069500,32140,32510,32025,32400,6926535,224038605950,코스피 200
20241224,069500,32545,32580,32290,32425,5201448,168630880200,코스피 200
20241226,069500,32540,32540,32210,32235,3206208,103677517795,코스피 200
20241227,069500,32180,32320,31875,32145,4849717,155631648190,코스피 200
20241230,069500,32030,32450,31945,32060,4162622,134198674980,코스피 200
20250102,069500,31930,32095,31740,31990,5735290,183045820020,코스피 200
20250103,069500,31980,32855,31970,32630,8939357,291405897755,코스피 200
20250106,069500,32730,33410,32680,33330,7620755,252885286575,코스피 200
20250107,069500,33645,33860,33330,33340,7687264,257551193265,코스피 200
20250108,069500,33060,33840,33060,33660,8151095,274001018745,코스피 200
20250109,069500,33645,33980,33605,33685,8978910,303170456335,코스피 200
20250110,069500,33665,33870,33480,33635,10497619,353651435925,코스피 200
20250113,069500,33450,33550,33105,33190,8008114,266579297750,코스피 200
20250114,069500,33385,33410,33075,33335,5880779,195731322330,코스피 200
20250115,069500,33465,33715,33215,33285,7096912,236973425470,코스피 200
20250116,069500,33740,33890,33645,33760,6733592,227442270730,코스피 200
20250117,069500,33625,33785,33510,33690,5405536,182035415700,코스피 200
20250120,069500,33855,33870,33560,33635,5681869,191311936490,코스피 200
20250121,069500,33840,34100,33475,33665,7125158,240254470935,코스피 200
20250122,069500,33905,34155,33735,34050,5013881,170328896040,코스피 200
20250123,069500,34005,34015,33635,33685,3950876,133387315585,코스피 200
20250124,069500,33740,33920,33605,33775,7810490,263793289260,코스피 200
20250131,069500,33405,33495,33155,33445,7775839,259472494640,코스피 200
20250203,069500,32730,32730,32280,32530,15606931,506793065920,코스피 200
20250204,069500,32930,33400,32800,32935,12055358,398172860465,코스피 200
20250205,069500,33290,33485,33210,33325,6499482,216866650825,코스피 200
20250206,069500,33540,33670,33395,33660,5068191,170471054025,코스피 200
20250207,069500,33680,33710,33405,33440,7857348,263438541125,코스피 200
20250210,069500,33265,33590,33115,33510,6491519,217260601795,코스피 200
20250211,069500,33685,33935,33580,33775,7792158,263193885270,코스피 200
20250212,069500,33720,33860,33535,33820,7996959,270289000765,코스피 200
20250213,069500,33935,34195,33905,34195,6598772,225217370180,코스피 200
20250214,069500,34250,34525,34210,34365,7663353,263587421200,코스피 200
20250217,069500,34480,34660,34410,34615,5249340,181638969080,코스피 200
20250218,069500,34650,34930,34560,34870,4974895,173181042800,코스피 200
20250219,069500,35000,35730,35000,35580,6247515,222075004910,코스피 200
20250220,069500,35485,35530,35220,35270,8145518,288002246255,코스피 200
20250221,069500,35350,35350,35070,35310,6400775,225779149130,코스피 200
20250224,069500,35010,35095,34860,35090,6901016,241855699765,코스피 200
20250225,069500,34660,35025,34630,34905,5857816,204360114740,코스피 200
20250226,069500,34870,35195,34725,35080,5199986,182022649325,코스피 200
20250227,069500,35110,35130,34760,34940,6840998,239082094665,코스피 200
20250228,069500,34380,34415,33655,33780,19442422,658166975590,코스피 200
20250304,069500,33610,33920,33440,33695,7227954,243725118900,코스피 200
20250305,069500,33940,34140,33665,33950,8433469,286125825708,코스피 200
20250306,069500,34110,34390,34050,34285,7170876,245709830572,코스피 200
20250307,069500,33970,34275,33785,34125,4542551,154995196658,코스피 200
20250310,069500,33925,34305,33885,34205,4776508,163247037280,코스피 200
20250311,069500,33395,33915,33295,33820,7793370,262452199673,코스피 200
20250312,069500,33970,34440,33805,34355,7072173,242581187762,코스피 200
20250313,069500,34560,34740,34160,34190,8755466,301496269519,코스피 200
20250314,069500,34230,34480,34170,34380,6932300,238213104129,코스피 200
20250317,069500,34640,35110,34640,35050,5497062,192572202284,코스피 200
20250318,069500,35450,35580,35065,35135,6196410,218442681314,코스피 200
20250319,069500,35155,35647,35155,35435,4697251,166712024602,코스피 200
20250320,069500,35695,35815,35500,35675,5627694,200920744848,코스피 200
20250321,069500,35600,35900,35525,35845,6252137,223878020367,코스피 200
20250324,069500,35705,35935,35595,35720,6277697,224394964322,코스피 200
20250325,069500,35930,35940,35475,35555,6571405,234061883357,코스피 200
20250326,069500,35705,35970,35580,35855,5126765,183756600509,코스피 200
20250327,069500,35485,35740,35385,35415,7191086,255215588381,코스피 200
20250328,069500,35270,35270,34670,34845,9416839,327974325022,코스피 200
20250331,069500,34220,34220,33765,33865,10984452,372254360288,코스피 200
20250401,069500,34120,34480,33940,34350,9143106,313767650154,코스피 200
20250402,069500,34395,34440,34040,34180,6797136,232444042652,코스피 200
20250403,069500,33150,33785,33100,33755,11098090,372952386098,코스피 200
20250404,069500,33320,34015,33010,33455,20483991,684600286193,코스피 200
20250407,069500,31960,32050,31400,31550,25201100,797765561555,코스피 200
20250408,069500,32150,32200,31400,31535,19784954,626627528811,코스피 200
20250409,069500,31470,31565,30840,31010,17841144,555127110235,코스피 200
20250410,069500,32740,32920,32370,32920,11829124,387552307417,코스피 200
20250411,069500,32375,32820,32260,32820,12284503,400451364630,코스피 200
20250414,069500,33000,33230,32925,33030,5510556,182217671767,코스피 200
20250415,069500,33075,33445,33075,33355,8739314,291413078458,코스피 200
20250416,069500,33215,33275,32820,32835,7035487,231862179407,코스피 200
20250417,069500,32925,33220,32855,33160,6814121,225583649877,코스피 200
20250418,069500,33215,33385,33110,33385,5906332,196887618375,코스피 200
20250421,069500,33390,33585,33295,33430,4921214,164564261158,코스피 200
20250422,069500,33265,33490,33255,33320,5665232,189095343377,코스피 200
20250423,069500,33875,33965,33705,33920,6686259,226667192411,코스피 200
20250424,069500,33925,33970,33645,33860,6733860,228018252782,코스피 200
20250425,069500,34230,34335,34060,34175,5791540,198179897271,코스피 200
20250428,069500,34235,34355,34140,34200,2920421,100020654120,코스피 200
20250429,069500,33870,34185,33755,34005,7061405,240278893081,코스피 200
20250430,069500,33970,34135,33790,33935,6329504,214866234046,코스피 200
20250502,069500,33910,34115,33690,33965,5644954,191800508341,코스피 200
20250507,069500,34330,34400,34040,34255,6838613,234152257880,코스피 200
20250508,069500,34310,34470,34255,34270,6263717,215007576510,코스피 200
20250509,069500,34335,34415,34160,34265,6422377,220257774731,코스피 200
20250512,069500,34500,34750,34430,34750,6345461,220154290866,코스피 200
20250513,069500,34900,35045,34750,34830,8491033,296025636052,코스피 200
20250514,069500,35145,35455,35065,35295,9598145,338928315710,코스피 200
20250515,069500,35200,35375,34990,35035,6696380,235267588406,코스피 200
20250516,069500,35165,35275,35070,35165,6437268,226502272169,코스피 200
20250519,069500,34995,35030,34645,34770,7732398,269069435845,코스피 200
20250520,069500,35040,35125,34800,34840,6059352,211507618625,코스피 200
20250521,069500,35005,35252,34995,35060,6282240,220540055580,코스피 200
20250522,069500,34865,34900,34525,34610,4417566,153224598359,코스피 200
20250523,069500,34705,34785,34610,34640,5583567,193684947591,코스피 200
20250526,069500,34725,35225,34700,35190,5660635,198811708672,코스피 200
20250527,069500,35095,35330,35060,35300,6195383,218438605425,코스피 200
20250528,069500,35415,36110,35360,35780,11074773,396671298491,코스피 200
20250529,069500,36185,36515,36040,36490,13905925,506270077540,코스피 200
20250530,069500,36355,36460,36080,36140,7705176,279117490338,코스피 200
20250602,069500,36040,36480,35950,36125,7397312,267581333664,코스피 200
20250604,069500,36615,37170,36610,37140,10197246,377867631620,코스피 200
20250605,069500,37430,38180,37400,37790,12933073,489197226067,코스피 200
20250609,069500,38380,38695,38290,38445,12580883,484120578144,코스피 200
20250610,069500,38705,38890,38335,38670,9797525,378912050457,코스피 200
20250611,069500,38865,39190,38795,39125,6636335,258930734323,코스피 200
20250612,069500,39150,39470,39120,39195,10534356,413662948792,코스피 200
20250613,069500,39345,39385,38660,38865,8973193,349019416074,코스피 200
20250616,069500,39000,39615,38745,39575,10145212,398400198723,코스피 200
20250617,069500,39720,40415,39420,39680,13232197,527076117915,코스피 200
20250618,069500,39405,40175,39380,40015,12608824,503373566326,코스피 200
20250619,069500,40275,40395,39755,40080,11440487,457880303947,코스피 200
20250620,069500,40245,40665,40040,40640,11672070,472882636083,코스피 200
20250623,069500,40260,40660,39885,40600,12359663,498913289394,코스피 200
20250624,069500,41225,41970,41225,41940,13522365,564770989322,코스피 200
20250625,069500,42225,42380,41705,42070,14993820,630450670551,코스피 200
20250626,069500,42070,42175,41150,41690,13922735,579513889263,코스피 200
20250627,069500,41695,41950,41295,41435,10455566,434810152474,코스피 200
20250630,069500,41690,41945,41540,41700,9792586,408853584878,코스피 200
20250701,069500,41890,42555,41820,41820,10688575,450464585626,코스피 200
20250702,069500,41725,41890,41145,41660,12092466,501922021159,코스피 200
20250703,069500,41950,42310,41805,42305,12124433,511601391166,코스피 200
20250704,069500,42475,42490,41485,41490,13216547,551763561410,코스피 200
20250707,069500,41280,41715,41105,41555,11472294,476424642305,코스피 200
20250708,069500,41685,42390,41650,42325,12388990,523027079554,코스피 200
20250709,069500,42340,42540,42135,42450,10021593,424685392748,코스피 200
20250710,069500,42570,43035,42385,43000,12995128,557054189575,코스피 200
20250711,069500,43085,43645,42955,43025,13469702,581509260334,코스피 200
20250714,069500,42985,43495,42930,43425,9855981,427305129613,코스피 200
20250715,069500,43310,43715,43145,43710,12530728,545320614687,코스피 200
20250716,069500,43615,43620,43150,43300,10089303,437418086682,코스피 200
20250717,069500,43445,43485,42810,43385,10528819,454902210304,코스피 200
20250718,069500,43470,43630,43105,43340,9757191,422907730822,코스피 200
20250721,069500,43315,43760,43310,43690,8552783,373444411130,코스피 200
20250722,069500,43660,43820,42890,43090,12362878,534050922371,코스피 200
20250723,069500,43390,43485,42700,43245,10985826,474314909001,코스피 200
20250724,069500,43500,43985,43165,43200,13290719,577383522507,코스피 200
20250725,069500,43105,43490,43080,43310,9565750,414540018364,코스피 200
20250728,069500,43710,43830,43085,43535,7342844,318527904626,코스피 200
20250729,069500,43355,43895,42965,43830,6718539,292548040977,코스피 200
20250730,069500,43645,44305,43620,44030,9812193,432137903276,코스피 200
20250731,069500,44375,44530,43735,43925,13790813,606608248636,코스피 200
20250801,069500,43290,43385,42100,42140,17550634,746319469411,코스피 200
20250804,069500,42130,42750,41940,42625,11482492,488091032982,코스피 200
20250805,069500,43105,43465,42885,43205,11202264,484031285288,코스피 200
20250806,069500,42905,43200,42820,43180,7972658,343483772537,코스피 200
20250807,069500,43495,43555,43145,43550,9515224,413866394243,코스피 200
20250808,069500,43590,43720,43310,43445,11031423,479948790498,코스피 200
20250811,069500,43505,43605,43315,43455,7679003,333914897727,코스피 200
20250812,069500,43500,44020,43275,43315,9060486,394819953567,코스피 200
20250813,069500,43735,43800,43320,43760,10331613,451523001477,코스피 200
20250814,069500,43870,43995,43555,43720,8615857,376855246177,코스피 200
20250818,069500,43495,43495,43060,43060,7647067,329976769879,코스피 200
20250819,069500,43175,43230,42640,42755,8157192,349323600363,코스피 200
20250820,069500,42370,42530,41835,42500,12481037,526688449099,코스피 200
20250821,069500,42600,42950,42530,42605,6174316,263872425741,코스피 200
20250822,069500,42880,43175,42820,42960,9010296,387346451750,코스피 200
20250825,069500,43335,43485,43135,43485,7659332,332525507027,코스피 200
20250826,069500,43350,43400,42985,43075,9098615,392281225392,코스피 200
20250827,069500,43120,43165,42820,43145,8221425,354463927464,코스피 200
20250828,069500,42930,43560,42780,43365,7090464,307295930056,코스피 200
20250829,069500,43495,43585,43160,43200,10134296,437976461212,코스피 200
20250901,069500,42810,42985,42370,42475,6651031,283284235879,코스피 200
20250902,069500,42575,42987,42575,42925,8514530,365242409010,코스피 200
20250903,069500,42935,43210,42865,43140,7579492,326977902767,코스피 200
20250904,069500,43120,43475,43115,43300,7637405,330836841929,코스피 200
20250905,069500,43435,43610,43310,43475,8861335,385167831556,코스피 200
20250908,069500,43575,43670,43440,43645,7216048,314546250830,코스피 200
20250909,069500,43770,44290,43650,44240,11791442,520070288670,코스피 200
20250910,069500,44400,45245,44400,45170,14970760,674225824310,코스피 200
20250911,069500,45440,45615,45095,45465,10367431,470789633641,코스피 200
20250912,069500,45985,46450,45870,46385,11640436,539018459800,코스피 200
20250915,069500,46725,46915,46415,46660,11063351,516437202434,코스피 200
20250916,069500,46755,47495,46705,47420,9849943,465858519947,코스피 200
20250917,069500,47140,47140,46710,46840,11708392,549075231776,코스피 200
20250918,069500,47170,47695,46965,47660,11716736,556361390086,코스피 200
20250919,069500,47740,47865,47360,47485,10653737,506259586774,코스피 200
20250922,069500,47765,48220,47745,47950,12238682,587413435959,코스피 200
20250923,069500,48310,48465,48000,48335,10932893,527754822229,코스피 200
20250924,069500,48385,48525,47745,48185,12615782,606991781291,코스피 200
20250925,069500,47910,48315,47845,48200,11171542,538271149680,코스피 200
20250926,069500,47700,47725,46680,47045,14027415,659966060823,코스피 200
20250929,069500,47360,47857,47360,47765,8495289,405414686127,코스피 200
20250930,069500,47745,47900,47550,47635,6890501,328655474772,코스피 200
20251001,069500,47845,48210,47845,48135,6035418,290046363244,코스피 200
20251002,069500,49305,50070,49130,49570,19649694,977288053182,코스피 200
20251010,069500,50500,51060,50175,50830,15955272,809539660474,코스피 200
20251013,069500,49780,50365,49395,50365,12559935,629005194756,코스피 200
20251014,069500,50615,51345,49465,49855,18269212,919623895029,코스피 200
20251015,069500,50100,51280,50055,51240,14711160,749226452628,코스피 200
20251016,069500,51320,52585,51320,52585,17545461,918376243568,코스피 200
20251017,069500,52360,53450,52250,52735,15731156,830726360303,코스피 200
20251020,069500,53190,53720,52365,53700,13813038,736721701812,코스피 200
20251021,069500,54185,54950,53665,53815,16921630,917263415109,코스피 200
20251022,069500,53645,54430,53135,54425,15606950,843717730368,코스피 200
20251023,069500,53620,54750,53450,53850,13504911,729896922080,코스피 200
20251024,069500,54555,55365,54395,55255,15936025,876662953828,코스피 200
20251027,069500,56155,56790,56085,56775,18654857,1056065100189,코스피 200
20251028,069500,56340,56380,55640,56210,13162981,737180711354,코스피 200
20251029,069500,56900,57415,56150,57385,14601944,831884675220,코스피 200
20251030,069500,57830,58365,57247,57445,23644899,1366272704953,코스피 200
20251031,069500,57600,58180,57155,58145,18545471,1074566883173,코스피 200
20251103,069500,58285,59930,58120,59930,19716764,1173811163085,코스피 200
20251104,069500,59920,60010,58245,58280,23332296,1373425043100,코스피 200
20251105,069500,57175,57280,54470,56665,33965758,1901066757360,코스피 200
20251106,069500,58030,58222,56255,56975,17605598,1007027919750,코스피 200
20251107,069500,55945,57135,54975,55945,22145417,1238030472446,코스피 200
20251110,069500,56510,58000,56355,57655,13611878,781955309160,코스피 200
20251111,069500,58450,59530,57660,58195,18535780,1085672931482,코스피 200
20251112,069500,58145,58950,57850,58800,12427003,728605226867,코스피 200
20251113,069500,58390,59360,58355,59070,12559276,740682321415,코스피 200
20251114,069500,57315,57700,56510,56510,17102399,975416954354,코스피 200
20251117,069500,57400,57795,57075,57715,11984469,690220225351,코스피 200
20251118,069500,56980,57490,55730,55800,15573977,875123327993,코스피 200
20251119,069500,55925,55957,54330,55410,18569595,1028144696086,코스피 200
20251120,069500,57030,57490,56500,56600,16962616,966872195735,코스피 200
20251121,069500,54185,54645,53925,54225,20274935,1099608281548,코스피 200
20251124,069500,55200,55365,54125,54210,15174652,828864560271,코스피 200
20251125,069500,55745,55920,54235,54605,13967143,767441433738,코스피 200
20251126,069500,55080,56080,54720,56080,14646050,815623302174,코스피 200
20251127,069500,56590,57150,56215,56475,12038706,681780144401,코스피 200
20251128,069500,56740,56740,55555,55650,11190217,624986409800,코스피 200
20251201,069500,56210,56425,55075,55575,9238373,513963165427,코스피 200
20251202,069500,55925,56805,55830,56675,10143207,573638043545,코스피 200
20251203,069500,56895,57610,56595,57295,14608637,837085973296,코스피 200
20251204,069500,57005,57150,56440,57150,11107435,632057120564,코스피 200
20251205,069500,57015,58240,56765,58240,14185189,819154337089,코스피 200
20251208,069500,58455,59025,57915,59020,12087291,708801136977,코스피 200
20251209,069500,58770,59050,58465,58705,7769893,456414433367,코스피 200
20251210,069500,58850,59310,58535,58680,7974892,469363587734,코스피 200
20251211,069500,59030,59310,58180,58200,8650999,507024660317,코스피 200
20251212,069500,58490,59085,58245,58995,9123588,536677584040,코스피 200
20251215,069500,57565,58125,57345,57655,11192491,646136672921,코스피 200
20251216,069500,57575,57770,56360,56400,12221028,692978507301,코스피 200
20251217,069500,56630,57510,56330,57490,10160817,579263032729,코스피 200
20251218,069500,56575,57240,56360,56820,14319125,813166902848,코스피 200
20251219,069500,57655,57725,56840,57120,9591822,548576778611,코스피 200
20251222,069500,58340,58480,58090,58425,10268728,598999312216,코스피 200
20251223,069500,58715,59085,58540,58595,10148621,596255969824,코스피 200
20251224,069500,58920,58980,58595,58610,9325111,548063580849,코스피 200
20251226,069500,58850,59415,58815,59110,8018196,474424648552,코스피 200
20251229,069500,59640,60750,59630,60720,12193588,735937732508,코스피 200
20251230,069500,60455,61135,60330,60895,10982224,669062618781,코스피 200
20260102,069500,60915,62760,60915,62660,10756098,666069744401,코스피 200
20260105,069500,63850,65120,63850,65040,14492680,937962981323,코스피 200
20260106,069500,64845,66225,64075,66210,17793210,1164552486448,코스피 200
20260107,069500,67020,67825,65755,66720,17669667,1180942476560,코스피 200
20260108,069500,66270,68010,66235,66620,12739585,855792641328,코스피 200
20260109,069500,66335,67395,65810,67180,13826159,924891168069,코스피 200
20260112,069500,68035,68195,66810,67610,13454910,910456682646,코스피 200
20260113,069500,68150,68525,67685,68465,13474255,918845382656,코스피 200
20260114,069500,68325,68905,68180,68840,11019346,756621177307,코스피 200
20260115,069500,68600,70015,68535,70015,10321910,716479374263,코스피 200
20260116,069500,70245,71100,70015,70755,16458718,1163868646795,코스피 200
20260119,069500,70570,72065,70500,71780,12430232,888491258609,코스피 200
20260120,069500,71630,72080,70400,71190,16270502,1159866317654,코스피 200
20260121,069500,69900,71935,69840,71755,16073534,1147208293068,코스피 200
20260122,069500,73135,73720,72275,72530,17632701,1287808829394,코스피 200
20260123,069500,73005,73600,72110,73025,14908170,1089018054876,코스피 200
20260126,069500,73140,73605,72240,72305,14355836,1042177100171,코스피 200
20260127,069500,72070,74830,71420,74775,13660438,1009418766588,코스피 200
20260128,069500,75650,76500,75330,76175,13993663,1062699813635,코스피 200
20260129,069500,77195,77585,74585,77035,21702202,1660577947714,코스피 200
20260130,069500,76485,78740,76460,77305,16021987,1244151353009,코스피 200
20260202,069500,75680,76705,72590,72700,27331588,2028585739989,코스피 200
20260203,069500,75450,78290,75280,78290,15709267,1209855597417,코스피 200
20260204,069500,77635,79550,77265,79385,19180981,1511593806246,코스피 200
20260205,069500,77150,78170,75625,76010,23642888,1813286089096,코스피 200
20260206,069500,73650,75655,72105,75195,23275183,1727992227068,코스피 200
20260209,069500,78365,78940,78000,78340,17295874,1357759653014,코스피 200
20260210,069500,79300,79535,78355,78435,14716930,1159572263879,코스피 200
20260211,069500,78225,79585,77625,79115,12643109,997756787796,코스피 200
20260212,069500,80265,81985,79930,81975,19692365,1603349417921,코스피 200
20260213,069500,81785,83120,81350,81860,18091482,1486833143906,코스피 200
20260219,069500,83910,84530,83412,84390,19298748,1624989972558,코스피 200
20260220,069500,84575,86430,84415,86300,16572303,1420859445000,코스피 200
20260223,069500,88025,88475,86160,86940,20224734,1762703285216,코스피 200
20260224,069500,87025,89150,85905,89085,19422609,1712629692273,코스피 200
20260225,069500,89860,91850,89275,90890,26181980,2374582025352,코스피 200
20260226,069500,91555,95095,91325,95025,24723198,2312333944452,코스피 200
20260227,069500,92990,95720,92480,94120,32570375,3063336476600,코스피 200
20260303,069500,92035,92790,86705,86705,39338166,3526239799688,코스피 200
20260304,069500,83280,85100,75735,75900,70124750,5560449110837,코스피 200
20260305,069500,84015,86700,82175,83570,43909100,3704743089404,코스피 200
20260306,069500,81755,83800,80250,83560,25625903,2118237796972,코스피 200
20260309,069500,77625,78955,75595,78230,32610066,2516870366670,코스피 200
20260310,069500,82700,83990,81025,82900,22322816,1845731747109,코스피 200
20260311,069500,84950,86085,83045,83825,20831097,1769327879153,코스피 200
20260312,069500,83065,84092,82380,83200,12702617,1055786221002,코스피 200
20260313,069500,80090,82515,79925,81540,18409995,1501007081878,코스피 200
20260316,069500,81960,83155,81235,82985,17076998,1408633692924,코스피 200
20260317,069500,85700,85925,84520,84635,17037815,1453343322423,코스피 200
20260318,069500,86640,89580,86610,89370,20662546,1825333778834,코스피 200
20260319,069500,86275,88395,86230,86750,19623205,1706343480873,코스피 200
20260320,069500,87330,87750,86505,86660,14345898,1249080969346,코스피 200
20260323,069500,83165,83360,80655,81025,31562963,2577433599436,코스피 200
20260324,069500,84735,84820,80890,83505,25572404,2122075361274,코스피 200
20260325,069500,85300,86455,84300,84510,16581770,1413954689303,코스피 200
20260326,069500,83600,83765,81220,81600,17119972,1407280001943,코스피 200
20260327,069500,78885,81545,77740,81225,16138206,1283698675600,코스피 200
20260330,069500,77325,79150,76705,78680,17986759,1408241157570,코스피 200
20260331,069500,76285,78075,75110,75430,23751281,1810749176999,코스피 200
20260401,069500,79935,82810,78885,82170,22033489,1786391784886,코스피 200
20260402,069500,83215,83755,77020,78190,34620279,2754705184651,코스피 200
20260403,069500,80210,81200,79605,80575,14703488,1184866376189,코스피 200
20260406,069500,81410,82855,81207,81750,13066649,1070304761980,코스피 200
20260407,069500,83555,84385,81685,82770,19650427,1629374150130,코스피 200
20260408,069500,87850,90070,87400,89000,29329013,2598944245126,코스피 200
20260409,069500,88310,88735,87070,87250,20553049,1801302309571,코스피 200
20260410,069500,88795,89805,88520,88655,12112242,1078860254537,코스피 200
20260413,069500,86465,88090,86410,87880,13658534,1196192645100,코스피 200
20260414,069500,90245,91600,89955,90430,17031936,1547278107823,코스피 200
20260415,069500,93405,94180,92205,92665,22556415,2104599222889,코스피 200
20260416,069500,93460,94755,93035,94710,16849470,1587073209024,코스피 200
20260417,069500,94555,94685,93630,94050,13116521,1234915849692,코스피 200
20260420,069500,94485,95435,93755,94500,14275549,1352694117287,코스피 200
20260421,069500,95680,97010,95625,96920,18194786,1758714070562,코스피 200
20260422,069500,96985,97400,95840,97300,18496018,1791766442803,코스피 200
20260423,069500,98435,99855,95675,98355,23967308,2353889813571,코스피 200
20260424,069500,98695,99030,96910,98000,16267003,1593207967421,코스피 200
20260427,069500,98985,101165,98905,100240,15757181,1579271989119,코스피 200
20260428,069500,100855,102055,100420,100700,14306466,1447912613240,코스피 200
20260429,069500,99750,101300,99520,101045,12365723,1242194360854,코스피 200
20260430,069500,101755,102230,99845,99905,16456253,1656348516423,코스피 200
20260504,069500,102530,105300,101865,105295,18089459,1881973742735,코스피 200
20260506,069500,111460,114320,110500,113270,29550199,3334600979066,코스피 200
20260507,069500,115305,116180,111635,115620,26974175,3077641058505,코스피 200
20260508,069500,113000,115870,112660,115810,21327494,2442240799713,코스피 200
20260511,069500,120630,123305,119900,121805,27029568,3292696193348,코스피 200
20260512,069500,124065,124800,115645,119100,32050394,3845871580341,코스피 200
20260513,069500,116485,122795,114905,122655,23232596,2779462759078,코스피 200
20260514,069500,122790,125412,122605,124855,23542845,2920084078171,코스피 200
20260515,069500,124535,126140,115095,117200,30488390,3657273920748,코스피 200
20260518,069500,116060,119900,111545,117840,26713441,3111640644885,코스피 200
20260519,069500,116105,116480,111755,114315,22841558,2606372525049,코스피 200
20260520,069500,114795,115120,110485,113340,22359555,2512841351764,코스피 200
20260521,069500,117695,123320,117525,123060,19375734,2351044340251,코스피 200
20260522,069500,124105,124140,122120,123350,18073093,2228655072864,코스피 200
20260526,069500,126380,128250,125850,126755,17406514,2214500638553,코스피 200
20260527,069500,129745,134855,129645,130600,28161697,3740483057743,코스피 200
20260528,069500,129535,131300,124255,129990,23583705,3033094380663,코스피 200
20260529,069500,133530,134950,132000,134815,18852382,2525014806132,코스피 200
20260601,069500,135000,142310,134815,141395,25511969,3584492814075,코스피 200
20260602,069500,142700,143645,136430,141575,25782083,3600942916104,코스피 200
20260604,069500,138375,140970,137460,138730,17958598,2500404914460,코스피 200
20260605,069500,133445,134560,128485,131030,24790445,3252339339845,코스피 200
20260608,069500,119015,125665,117930,119560,28098581,3413734667022,코스피 200
20260609,069500,124780,130445,121410,130130,18130146,2292303401978,코스피 200
20260610,069500,125915,128025,120360,123795,17940673,2216875156003,코스피 200
20260611,069500,119145,124875,117840,123850,13788825,1681823327475,코스피 200
20260612,069500,131505,135360,129260,129270,23629787,3143998058521,코스피 200
20260615,069500,136320,137990,135720,136290,21585193,2954894832243,코스피 200
20260616,069500,139500,140425,136650,139550,16326022,2271868119641,코스피 200
20260617,069500,137720,142350,137610,142055,16301201,2288510651182,코스피 200
20260618,069500,142305,147180,142180,146945,20153826,2920825993754,코스피 200
20260619,069500,149000,152455,143100,146910,26620203,3945646296286,코스피 200
20260622,069500,144690,150735,144345,148355,19335392,2862533894886,코스피 200
20260623,069500,148310,149200,132500,132820,32931869,4605774556206,코스피 200
20260624,069500,134645,139495,130855,138145,32994512,4503732723712,코스피 200
20260625,069500,145980,148120,143120,145830,17200294,2511303989788,코스피 200
20260626,069500,143990,144850,132595,137380,29479487,4057962911325,코스피 200
20260629,069500,136495,138710,131920,136415,22249173,3007820453315,코스피 200
20260630,069500,136405,141290,133305,138580,17098232,2355635656446,코스피 200
20260701,069500,139670,140555,131615,134525,16469581,2230970669869,코스피 200
20260702,069500,127565,131225,121950,123530,24238689,3071761996965,코스피 200
20260703,069500,124385,131765,118650,131010,25609740,3211367274678,코스피 200
20260706,069500,132760,134720,126000,130125,20416755,2659362943393,코스피 200
20260707,069500,127350,128695,118870,123710,23459803,2871155518945,코스피 200
20260708,069500,119975,125895,115560,116865,28898857,3460141078410,코스피 200
20260709,069500,121315,122080,113760,117700,25543395,3017773065667,코스피 200
20260710,069500,122250,124395,119630,120605,21935200,2681250543384,코스피 200
20260713,069500,119630,121305,108100,108820,28358089,3182849921943,코스피 200
20260714,069500,108820,111880,102785,109720,33989327,3671793634825,코스피 200
20260715,069500,116585,119470,115550,116735,21886708,2572591016280,코스피 200
20260716,069500,111120,111735,107145,109000,20103895,2192881456013,코스피 200
20260720,069500,104250,108950,103020,104095,24229515,2552391699252,코스피 200
20260721,069500,103805,109695,102455,108140,20630435,2205802366430,코스피 200
20260722,069500,113570,115000,108315,108315,18621312,2095860895177,코스피 200
20260723,069500,111220,113600,110150,113230,13470411,1512176597586,코스피 200
20260724,069500,111530,111685,105445,106365,16981074,1826163886870,코스피 200
20260727,069500,108800,108800,103990,107730,15613649,1660787270591,코스피 200
20260728,069500,101555,101900,94810,95675,21909756,2131856930825,코스피 200
20260729,069500,96615,98910,82710,89605,38902565,3507052291577,코스피 200
20260730,069500,89325,94300,86785,87635,40431123,3619174106265,코스피 200
20260731,069500,97905,110000,97475,108820,34727609,3573025360082,코스피 200
20260803,069500,101980,102000,98355,99105,27169695,2704425368306,코스피 200
20260804,069500,100720,101110,95720,100330,21430764,2110229469879,코스피 200
20260805,069500,105050,105660,103300,104300,18191398,1905066267484,코스피 200
20260806,069500,102060,103220,98030,98900,14845527,1477628842169,코스피 200
20260807,069500,99800,100880,96515,98090,14130664,1389032242878,코스피 200
20260810,069500,98835,100345,97260,98265,13128894,1293792635144,코스피 200
20260811,069500,97570,100350,96650,99265,14065397,1391450049502,코스피 200
20260812,069500,100550,104990,100240,103250,15084783,1555307616908,코스피 200
20260813,069500,107030,108930,106440,107270,18227047,1963577093264,코스피 200
20260814,069500,110220,110800,108145,110060,17088038,1871747637027,코스피 200
20260818,069500,113010,114710,107220,108550,20274228,2241485682323,코스피 200
20260819,069500,102635,104040,100655,101760,20456444,2089198554331,코스피 200
20260820,069500,104975,109380,103660,108190,33024560,3563604012556,코스피 200
20260821,069500,106835,110860,106460,109980,33240038,3638952836947,코스피 200
20260824,069500,109495,109500,105290,105995,16347489,1747621639772,코스피 200
20260825,069500,103035,106795,101105,106795,18853969,1961506569973,코스피 200
20260826,069500,106350,109120,105850,107710,20485425,2206975429531,코스피 200
20260827,069500,110900,110910,108195,109135,18603034,2036158226301,코스피 200
20260828,069500,108045,109270,107050,107180,21388836,2307097240450,코스피 200
20260831,069500,104455,107615,103015,107615,20845744,2198757568854,코스피 200
20260901,069500,106630,108415,106090,107885,21997851,2363659740532,코스피 200
20260902,069500,104525,105675,103485,103500,21280421,2221910695888,코스피 200
20260903,069500,104920,105550,100000,103610,26133074,2718765446155,코스피 200
20260904,069500,105005,106785,104705,105720,20998563,2216831099306,코스피 200
20260907,069500,109500,110875,108825,110820,18578602,2042485881924,코스피 200
